month,signal_close,entry_timestamp,exit_timestamp,direction,entry_price,exit_price,gross_pips,net_pips,cost_drag_pips
2015-01,1420150500000,1420150505156,1420154103788,LONG,1.21052,1.21002,-38.49999999998577,-49.99999999999449,11.500000000008725
2015-01,1420155000000,1420155000055,1420158600099,LONG,1.20841,1.20858,22.49999999999197,17.000000000000348,5.499999999991623
2015-01,1420159500000,1420159501099,1420163100326,SHORT,1.20723,1.20675,54.50000000000177,48.000000000003595,6.499999999998174
2015-01,1420164000000,1420164001605,1420167605173,SHORT,1.2067,1.20591,83.50000000001413,79.00000000000685,4.500000000007276
2015-01,1420169400000,1420169402856,1420173010566,LONG,1.20581,1.20585,8.999999999992347,4.000000000004,4.999999999988347
2015-01,1420173900000,1420173910350,1420177500401,LONG,1.20542,1.20537,-1.0000000000065512,-4.999999999988347,3.999999999981796
2015-01,1420178400000,1420178400466,1420182000765,SHORT,1.20517,1.20549,-25.999999999992696,-31.999999999987594,5.999999999994898
2015-01,1420182900000,1420182901261,1420186500149,SHORT,1.20416,1.20644,-223.50000000002092,-228.00000000000597,4.49999999998505
2015-01,1420187400000,1420187400063,1420191000149,SHORT,1.20559,1.20463,97.49999999999481,95.999999999985,1.5000000000098197
2015-01,1420191900000,1420191900708,1420195500671,SHORT,1.20531,1.20481,51.99999999998539,50.0000000000167,1.9999999999686935
2015-01,1420196400000,1420196400753,1420200000215,LONG,1.20512,1.20543,32.500000000013074,31.000000000003247,1.5000000000098268
2015-01,1420200900000,1420200901475,1420204500146,SHORT,1.20435,1.20416,20.500000000023277,19.00000000001345,1.5000000000098268
2015-01,1420205400000,1420205400296,1420209001541,SHORT,1.20263,1.20263,3.5000000000007248,0.0,3.5000000000007248
2015-01,1420209900000,1420209900059,1420213500078,SHORT,1.20166,1.2028,-112.000000000001,-114.0000000000141,2.0000000000131024
2015-01,1420214400000,1420214400172,1420218000184,LONG,1.20317,1.20139,-175.5000000000173,-178.00000000001148,2.4999999999941735
2015-01,1420218900000,1420218900712,1420222501311,LONG,1.20114,1.20126,15.00000000000945,11.999999999989797,3.0000000000196536
2015-01,1420223400000,1420223402407,1420227000483,LONG,1.20144,1.20053,-87.50000000001812,-90.99999999999665,3.4999999999785274
2015-01,1420227900000,1420227901276,1420231500627,LONG,1.20079,1.20035,-40.499999999976666,-43.999999999999595,3.500000000022929
2015-01,1420232400000,1420232400135,1420408803845,SHORT,1.20035,1.1951,534.4999999999933,524.9999999999977,9.499999999995566
2015-01,1420409700000,1420409700517,1420413300249,LONG,1.19385,1.19405,35.00000000000725,19.999999999997797,15.00000000000945
2015-01,1420414200000,1420414201701,1420417801000,SHORT,1.19345,1.19662,-310.0000000000103,-317.0000000000117,7.000000000001421
2015-01,1420418700000,1420418700302,1420422300681,LONG,1.19704,1.19546,-155.00000000001623,-158.0000000000137,2.9999999999974705
2015-01,1420423200000,1420423201483,1420426800493,SHORT,1.1955,1.19564,-10.999999999983245,-14.000000000002899,3.0000000000196536
2015-01,1420427700000,1420427701228,1420431300309,SHORT,1.19486,1.19402,86.99999999999264,83.9999999999952,2.999999999997442
2015-01,1420432200000,1420432206966,1420435805792,LONG,1.19387,1.19415,29.500000000015625,28.000000000005798,1.5000000000098268
2015-01,1420436700000,1420436700153,1420440301280,LONG,1.19284,1.19363,81.50000000000102,79.00000000000685,2.4999999999941735
2015-01,1420441200000,1420441200156,1420444800047,LONG,1.19477,1.19552,78.99999999998464,74.99999999998064,4.000000000003993
2015-01,1420445700000,1420445700276,1420449304973,SHORT,1.19577,1.19545,34.49999999998177,32.0000000000098,2.499999999971969
2015-01,1420450200000,1420450201028,1420453800069,SHORT,1.19528,1.19369,162.50000000002098,158.99999999999804,3.5000000000229363
2015-01,1420454700000,1420454700343,1420458303782,SHORT,1.19264,1.19047,219.4999999999947,217.0000000000005,2.499999999994202
2015-01,1420459200000,1420459200199,1420462800249,SHORT,1.19052,1.19002,54.500000000023974,49.99999999999449,4.50000000002948
2015-01,1420463700000,1420463700075,1420467300101,LONG,1.19153,1.19266,114.50000000001737,113.00000000000753,1.500000000009834
2015-01,1420468200000,1420468200191,1420471800161,LONG,1.19147,1.19341,197.00000000000273,194.0000000000053,2.999999999997442
2015-01,1420472700000,1420472700118,1420476300475,LONG,1.1921,1.19181,-25.500000000011624,-28.999999999990145,3.4999999999785203
2015-01,1420477200000,1420477200383,1420480800704,SHORT,1.19179,1.19234,-53.49999999999522,-55.000000000005045,1.5000000000098268
2015-01,1420481700000,1420481701127,1420485300129,LONG,1.19172,1.1938,209.9999999999991,208.00000000000819,1.999999999990905
2015-01,1420486200000,1420486201180,1420489800305,LONG,1.1938,1.19445,68.00000000000139,65.00000000000395,2.999999999997442
2015-01,1420490700000,1420490700615,1420494315326,SHORT,1.1943,1.19349,84.99999999997954,80.99999999999774,3.999999999981796
2015-01,1420495200000,1420495200130,1420498800215,SHORT,1.19324,1.1933,1.4999999999876223,-5.999999999994898,7.499999999982521
2015-01,1420499700000,1420499702596,1420503303139,LONG,1.19342,1.19368,29.500000000015625,26.0000000000149,3.5000000000007248
2015-01,1420504200000,1420504202149,1420507800885,SHORT,1.19356,1.19399,-41.000000000002146,-43.00000000001525,2.0000000000131024
2015-01,1420508700000,1420508700464,1420512303887,SHORT,1.19385,1.19534,-146.49999999998275,-148.99999999999915,2.5000000000163993
2015-01,1420513200000,1420513205276,1420516800392,LONG,1.19464,1.19443,-17.500000000003624,-20.999999999982144,3.4999999999785203
2015-01,1420517700000,1420517705970,1420521301435,SHORT,1.1944,1.19504,-60.99999999999994,-64.0000000000196,3.0000000000196536
2015-01,1420522200000,1420522200080,1420525804452,LONG,1.19559,1.19579,23.00000000001745,19.999999999997797,3.0000000000196536
2015-01,1420526700000,1420526704504,1420530300335,LONG,1.19655,1.19536,-116.00000000000499,-119.00000000000244,2.9999999999974563
2015-01,1420531200000,1420531201466,1420534800443,SHORT,1.19422,1.19452,-26.999999999999247,-29.999999999996696,2.999999999997449
2015-01,1420535700000,1420535700431,1420539300567,SHORT,1.19391,1.19085,309.0000000000259,306.00000000000625,3.000000000019668
2015-01,1420540200000,1420540200980,1420543801099,LONG,1.19013,1.18968,-41.99999999996429,-44.99999999998394,3.0000000000196536
2015-01,1420544700000,1420544700048,1420548300493,LONG,1.19024,1.18918,-102.99999999998644,-106.00000000000608,3.0000000000196394
2015-01,1420549200000,1420549201844,1420552800233,LONG,1.19074,1.19076,5.499999999991623,2.0000000000131024,3.4999999999785203
2015-01,1420553700000,1420553700429,1420557301305,LONG,1.18931,1.19243,314.9999999999764,312.00000000000114,2.999999999975273
2015-01,1420558200000,1420558200318,1420561800010,SHORT,1.19127,1.19262,-132.99999999998312,-134.99999999999625,2.000000000013131
2015-01,1420562700000,1420562700934,1420566300132,SHORT,1.19385,1.19367,20.500000000023277,18.0000000000069,2.500000000016378
2015-01,1420567200000,1420567200508,1420570800126,SHORT,1.19223,1.19334,-109.00000000000354,-111.00000000001664,2.0000000000131024
2015-01,1420571700000,1420571706067,1420575300199,LONG,1.19354,1.1898,-371.5000000000135,-374.0000000000077,2.499999999994202
2015-01,1420576200000,1420576200189,1420579800068,SHORT,1.19019,1.18938,83.49999999999191,80.99999999999774,2.4999999999941735
2015-01,1420580700000,1420580700679,1420584300497,LONG,1.18917,1.18702,-209.9999999999991,-215.00000000000963,5.0000000000105445
2015-01,1420585200000,1420585200232,1420588800078,SHORT,1.1873,1.18726,10.500000000002174,4.000000000004,6.499999999998174
2015-01,1420589700000,1420589701195,1420593303011,LONG,1.18731,1.18726,-3.0000000000196536,-5.000000000010552,1.999999999990898
2015-01,1420594200000,1420594200551,1420597801439,SHORT,1.18777,1.18746,33.00000000001635,31.000000000003247,2.0000000000131024
2015-01,1420598700000,1420598705707,1420602300865,SHORT,1.18709,1.18764,-52.99999999999194,-55.000000000005045,2.0000000000131024
2015-01,1420603200000,1420603200514,1420606801081,SHORT,1.18761,1.18758,5.499999999969418,2.999999999997449,2.499999999971969
2015-01,1420607700000,1420607709721,1420611302783,LONG,1.18783,1.18763,-18.49999999998797,-19.999999999997797,1.5000000000098268
2015-01,1420612200000,1420612202290,1420615800782,LONG,1.18686,1.18791,106.99999999999044,104.99999999999955,1.9999999999908908
2015-01,1420616700000,1420616700778,1420620300471,SHORT,1.18842,1.18674,170.00000000000347,168.0000000000126,1.9999999999908766
2015-01,1420621200000,1420621200174,1420624800092,LONG,1.18687,1.18536,-147.5000000000115,-151.00000000001222,3.5000000000007105
2015-01,1420625700000,1420625700267,1420629300208,SHORT,1.1866,1.18507,157.5000000000104,153.00000000000313,4.500000000007276
2015-01,1420630200000,1420630200289,1420633800594,SHORT,1.18482,1.18419,66.99999999999484,62.99999999999084,4.000000000004
2015-01,1420634700000,1420634701247,1420638300687,SHORT,1.18397,1.18358,41.000000000002146,38.99999999998904,2.0000000000131024
2015-01,1420639200000,1420639200998,1420642800154,SHORT,1.183,1.18195,106.99999999999044,104.99999999999955,1.9999999999908908
2015-01,1420643700000,1420643700884,1420647300867,LONG,1.18255,1.18173,-79.99999999999119,-82.00000000000429,2.0000000000131024
2015-01,1420648200000,1420648200418,1420651801007,SHORT,1.18101,1.18257,-153.50000000000642,-156.00000000000057,2.499999999994145
2015-01,1420652700000,1420652701173,1420656302609,SHORT,1.18311,1.18358,-44.50000000000287,-46.999999999997044,2.4999999999941735
2015-01,1420657200000,1420657200452,1420660800220,LONG,1.18357,1.18499,147.5000000000115,141.99999999999767,5.500000000013841
2015-01,1420661700000,1420661701539,1420665301360,LONG,1.18468,1.18373,-92.00000000000318,-95.00000000000064,2.9999999999974563
2015-01,1420666200000,1420666200283,1420669800300,LONG,1.18375,1.18358,-12.999999999996348,-17.000000000000348,4.000000000004
2015-01,1420670700000,1420670702475,1420674305389,SHORT,1.18359,1.18359,3.999999999981796,0.0,3.999999999981796
2015-01,1420675200000,1420675200373,1420678801125,LONG,1.1834,1.18387,49.00000000001015,46.999999999997044,2.0000000000131024
2015-01,1420679700000,1420679712380,1420683306608,LONG,1.18389,1.18264,-121.50000000001882,-125.00000000001954,3.5000000000007248
2015-01,1420684200000,1420684201423,1420687800119,SHORT,1.18242,1.18247,-2.9999999999752447,-4.999999999988347,2.0000000000131024
2015-01,1420688700000,1420688705548,1420692302288,LONG,1.18282,1.1827,-9.999999999976694,-11.999999999989797,2.0000000000131024
2015-01,1420693200000,1420693200331,1420696800103,LONG,1.18229,1.18212,-12.999999999996348,-17.000000000000348,4.000000000004
2015-01,1420697700000,1420697700263,1420701301731,SHORT,1.18206,1.18098,111.50000000001992,108.00000000001918,3.500000000000739
2015-01,1420702200000,1420702200308,1420705800320,SHORT,1.18115,1.18181,-63.000000000013046,-66.00000000001049,2.999999999997442
2015-01,1420706700000,1420706701272,1420710300637,LONG,1.18123,1.17911,-210.50000000002456,-211.99999999998997,1.4999999999654108
2015-01,1420711200000,1420711200219,1420714800669,SHORT,1.17812,1.17692,125.50000000000061,120.00000000000898,5.49999999999163
2015-01,1420715700000,1420715700623,1420719302142,SHORT,1.17681,1.17678,5.999999999994898,2.999999999997449,2.999999999997449
2015-01,1420720200000,1420720200115,1420723800142,LONG,1.17607,1.17715,117.00000000001154,107.99999999999699,9.000000000014552
2015-01,1420724700000,1420724700482,1420728300329,SHORT,1.17742,1.17863,-118.49999999999916,-121.00000000001555,2.500000000016385
2015-01,1420729200000,1420729200108,1420732800082,LONG,1.17982,1.17923,-56.000000000011596,-59.000000000009045,2.999999999997449
2015-01,1420733700000,1420733700118,1420737304575,LONG,1.18046,1.18115,70.49999999999557,68.99999999998573,1.500000000009834
2015-01,1420738200000,1420738200052,1420741804642,LONG,1.18108,1.18034,-72.99999999998974,-73.99999999999629,1.0000000000065512
2015-01,1420742700000,1420742700304,1420746305274,SHORT,1.18011,1.17869,144.49999999999187,141.99999999999767,2.499999999994202
2015-01,1420747200000,1420747200153,1420750800874,SHORT,1.17841,1.17886,-42.0000000000087,-45.000000000006146,2.999999999997449
2015-01,1420751700000,1420751700994,1420755300088,SHORT,1.17928,1.17944,-8.000000000008,-15.999999999993797,7.999999999985796
2015-01,1420756200000,1420756205945,1420759800134,SHORT,1.17915,1.17941,-18.500000000010175,-26.0000000000149,7.500000000004725
2015-01,1420760700000,1420760700721,1420764300108,SHORT,1.17911,1.17932,-17.000000000000348,-20.999999999982144,3.999999999981796
2015-01,1420765200000,1420765200636,1420768802396,SHORT,1.1796,1.18012,-49.00000000001015,-52.000000000007596,2.999999999997449
2015-01,1420769700000,1420769700369,1420773301798,LONG,1.1803,1.1801,-16.499999999997073,-19.999999999997797,3.5000000000007248
2015-01,1420774200000,1420774200882,1420777801083,SHORT,1.18033,1.18101,-64.99999999998174,-67.9999999999792,2.9999999999974563
2015-01,1420778700000,1420778700305,1420782312210,SHORT,1.18078,1.18103,-22.999999999995246,-25.00000000000835,2.0000000000131024
2015-01,1420783200000,1420783200119,1420786800197,SHORT,1.18103,1.17928,178.00000000001148,174.99999999999181,3.000000000019668
2015-01,1420787700000,1420787702022,1420791303487,SHORT,1.1797,1.18052,-78.50000000000357,-82.00000000000429,3.5000000000007248
2015-01,1420792200000,1420792200171,1420795800116,LONG,1.18055,1.18177,123.49999999998751,121.99999999999989,1.4999999999876223
2015-01,1420796700000,1420796700252,1420800300018,SHORT,1.18105,1.18118,-10.500000000002174,-12.999999999996348,2.4999999999941735
2015-01,1420801200000,1420801202912,1420804800371,SHORT,1.1813,1.18096,35.49999999998832,34.000000000000696,1.4999999999876223
2015-01,1420805700000,1420805701720,1420809300824,SHORT,1.18155,1.18129,28.500000000031278,26.0000000000149,2.500000000016378
2015-01,1420810200000,1420810200221,1420813800259,LONG,1.18187,1.17798,-370.4999999999847,-388.9999999999949,18.500000000010175
2015-01,1420814700000,1420814700347,1420818300163,SHORT,1.1778,1.18361,-578.9999999999961,-581.0000000000093,2.0000000000131877
2015-01,1420819200000,1420819200118,1420822800239,LONG,1.18324,1.18296,-24.999999999986144,-28.000000000005798,3.0000000000196536
2015-01,1420823700000,1420823700059,1420827300769,LONG,1.18385,1.18391,8.999999999970143,5.999999999994898,2.9999999999752447
2015-01,1420828200000,1420828200478,1420831802746,SHORT,1.18418,1.18359,61.50000000002542,59.000000000009045,2.500000000016378
2015-01,1420832700000,1420832700077,1420836304812,SHORT,1.18373,1.18412,-35.50000000001052,-39.00000000001125,3.5000000000007248
2015-01,1420837200000,1420837200888,1421013603713,SHORT,1.1843,1.18511,-49.99999999999449,-81.00000000001995,31.00000000002546
2015-01,1421014500000,1421014500433,1421018111557,LONG,1.18516,1.18621,113.4999999999886,104.99999999999955,8.499999999989058
2015-01,1421019000000,1421019000429,1421022604068,LONG,1.18648,1.18679,34.000000000000696,31.000000000003247,2.999999999997449
2015-01,1421023500000,1421023502603,1421027100043,SHORT,1.18659,1.18603,58.99999999998684,56.000000000011596,2.9999999999752447
2015-01,1421028000000,1421028000830,1421031600580,LONG,1.18572,1.18477,-92.50000000000647,-95.00000000000064,2.4999999999941735
2015-01,1421032500000,1421032503196,1421036119773,LONG,1.18561,1.18544,-14.500000000028379,-17.000000000000348,2.499999999971969
2015-01,1421037000000,1421037013691,1421040605073,SHORT,1.185,1.18555,-50.99999999997884,-55.000000000005045,4.000000000026205
2015-01,1421041500000,1421041513225,1421045102032,SHORT,1.18532,1.18606,-72.50000000000867,-73.99999999999629,1.4999999999876223
2015-01,1421046000000,1421046000201,1421049600188,LONG,1.18566,1.18542,-21.00000000000435,-24.000000000001798,2.999999999997449
2015-01,1421050500000,1421050500104,1421054100294,LONG,1.18336,1.18136,-197.99999999998707,-200.00000000000017,2.0000000000131024
2015-01,1421055000000,1421055000393,1421058600526,SHORT,1.18214,1.17963,253.99999999997647,251.00000000000122,2.9999999999752447
2015-01,1421059500000,1421059500446,1421063100283,LONG,1.18,1.18026,28.49999999998687,26.0000000000149,2.499999999971969
2015-01,1421064000000,1421064000326,1421067600130,LONG,1.17993,1.17902,-89.00000000000574,-90.99999999999665,1.999999999990905
2015-01,1421068500000,1421068500504,1421072103572,SHORT,1.18038,1.18189,-148.99999999999915,-151.00000000001222,2.000000000013074
2015-01,1421073000000,1421073000625,1421076600012,LONG,1.18172,1.18321,151.00000000001222,148.99999999999915,2.000000000013074
2015-01,1421077500000,1421077500120,1421081101707,SHORT,1.18216,1.18283,-64.99999999998174,-66.99999999999484,2.0000000000131024
2015-01,1421082000000,1421082002507,1421085600055,SHORT,1.18312,1.18261,52.49999999998867,51.000000000001044,1.4999999999876223
2015-01,1421086500000,1421086517177,1421090100794,SHORT,1.18368,1.18414,-43.00000000001525,-45.99999999999049,2.9999999999752447
2015-01,1421091000000,1421091004359,1421094600036,SHORT,1.18426,1.18396,32.500000000013074,30.0000000000189,2.4999999999941735
2015-01,1421095500000,1421095500102,1421099101538,SHORT,1.18375,1.18344,34.000000000000696,31.000000000003247,2.999999999997449
2015-01,1421100000000,1421100000100,1421103600233,SHORT,1.18335,1.18297,44.499999999980666,37.99999999998249,6.499999999998174
2015-01,1421104500000,1421104500049,1421108100236,LONG,1.18286,1.18323,40.0000000000178,36.999999999998145,3.0000000000196536
2015-01,1421109000000,1421109000394,1421112603400,LONG,1.18273,1.1844,170.00000000000347,166.99999999998383,3.0000000000196394
2015-01,1421113500000,1421113500710,1421117100025,SHORT,1.18362,1.18445,-80.99999999999774,-83.00000000001084,2.0000000000131024
2015-01,1421118000000,1421118002260,1421121600266,LONG,1.18457,1.18459,4.500000000007276,2.0000000000131024,2.4999999999941735
2015-01,1421122500000,1421122500546,1421126100996,SHORT,1.18445,1.18306,143.00000000000423,139.00000000000023,4.0000000000040075
2015-01,1421127000000,1421127000924,1421130600561,SHORT,1.1829,1.18322,-29.49999999999342,-31.999999999987594,2.4999999999941735
2015-01,1421131500000,1421131511178,1421135101214,LONG,1.18318,1.1847,154.0000000000319,152.0000000000188,2.0000000000131024
2015-01,1421136000000,1421136000057,1421139600171,LONG,1.18505,1.1821,-291.4999999999779,-295.0000000000008,3.500000000022908
2015-01,1421140500000,1421140500565,1421144100508,LONG,1.18204,1.17966,-236.49999999999505,-238.0000000000049,1.500000000009834
2015-01,1421145000000,1421145000250,1421148600895,SHORT,1.18,1.1797,32.500000000013074,29.999999999996696,2.500000000016378
2015-01,1421149500000,1421149500870,1421153100595,SHORT,1.17939,1.17905,36.0000000000138,34.000000000000696,2.0000000000131024
2015-01,1421154000000,1421154000145,1421157600006,LONG,1.1781,1.17696,-110.50000000001336,-113.99999999999189,3.4999999999785274
2015-01,1421158500000,1421158501253,1421162101768,LONG,1.17754,1.17694,-57.49999999999922,-59.99999999999339,2.4999999999941735
2015-01,1421163000000,1421163000298,1421166600013,LONG,1.17804,1.17895,92.99999999998754,90.99999999999665,1.9999999999908908
2015-01,1421167500000,1421167501199,1421171101157,SHORT,1.17856,1.17922,-62.99999999996864,-65.99999999998829,3.0000000000196536
2015-01,1421172000000,1421172000263,1421175600527,LONG,1.17848,1.1767,-176.50000000000165,-177.99999999998929,1.4999999999876366
2015-01,1421176500000,1421176500492,1421180100184,SHORT,1.17674,1.17645,31.49999999998432,28.999999999990145,2.4999999999941735
2015-01,1421181000000,1421181000149,1421184600237,SHORT,1.1773,1.17765,-31.00000000002545,-35.00000000000725,3.999999999981796
2015-01,1421185500000,1421185500617,1421189102443,SHORT,1.17767,1.17768,1.9999999999686935,-1.0000000000065512,2.9999999999752447
2015-01,1421190900000,1421190900737,1421194501763,LONG,1.17773,1.17761,-7.999999999963592,-11.999999999989797,4.000000000026205
2015-01,1421195400000,1421195404292,1421199000225,LONG,1.17818,1.17647,-169.00000000001913,-171.00000000001003,1.999999999990905
2015-01,1421199900000,1421199901240,1421203514571,LONG,1.17715,1.17721,8.000000000008,6.000000000017103,1.999999999990898
2015-01,1421204400000,1421204400175,1421208001138,SHORT,1.17793,1.17741,54.499999999979565,51.99999999998539,2.4999999999941735
2015-01,1421208900000,1421208900596,1421212501279,LONG,1.17759,1.17907,151.50000000001552,148.00000000001478,3.500000000000739
2015-01,1421213400000,1421213400288,1421217004968,LONG,1.179,1.17931,34.000000000000696,31.000000000003247,2.999999999997449
2015-01,1421217900000,1421217901722,1421221500186,LONG,1.17917,1.18044,128.49999999999807,126.99999999998823,1.500000000009834
2015-01,1421222400000,1421222400165,1421226000325,LONG,1.18005,1.17923,-78.50000000000357,-82.00000000000429,3.5000000000007248
2015-01,1421226900000,1421226900162,1421230500565,LONG,1.17848,1.17592,-255.00000000000523,-255.99999999998957,0.9999999999843396
2015-01,1421231400000,1421231400020,1421235000161,LONG,1.17597,1.1744,-154.99999999999403,-156.99999999998494,1.999999999990905
2015-01,1421235900000,1421235900292,1421239500466,SHORT,1.17459,1.17467,-4.999999999988347,-8.000000000008,3.0000000000196536
2015-01,1421240400000,1421240400189,1421244000084,SHORT,1.17575,1.18253,-675.5000000000066,-678.0000000000008,2.499999999994202
2015-01,1421244900000,1421244900152,1421248501888,LONG,1.18229,1.17858,-368.9999999999971,-371.00000000001023,2.000000000013131
2015-01,1421249400000,1421249400161,1421253000244,LONG,1.17879,1.18076,199.99999999997797,197.00000000000273,2.9999999999752447
2015-01,1421253900000,1421253900343,1421257500394,LONG,1.18016,1.17905,-107.99999999999699,-111.00000000001664,3.0000000000196536
2015-01,1421258400000,1421258400076,1421262000585,SHORT,1.17877,1.17857,23.00000000001745,20.000000000020002,2.999999999997449
2015-01,1421262900000,1421262900051,1421266513728,LONG,1.1781,1.17834,27.499999999980318,24.000000000001798,3.4999999999785203
2015-01,1421267400000,1421267401006,1421271005522,LONG,1.17879,1.17856,-18.500000000010175,-22.999999999995246,4.4999999999850715
2015-01,1421271900000,1421271900233,1421275509881,LONG,1.17834,1.17892,64.99999999998174,58.000000000002494,6.999999999979245
2015-01,1421276400000,1421276400130,1421280001175,SHORT,1.17893,1.17842,54.50000000000177,51.000000000001044,3.5000000000007248
2015-01,1421280900000,1421280900640,1421284500856,LONG,1.17788,1.17751,-34.000000000000696,-36.999999999998145,2.999999999997449
2015-01,1421285400000,1421285400482,1421289000554,LONG,1.17761,1.17798,39.999999999995595,36.999999999998145,2.999999999997449
2015-01,1421289900000,1421289900824,1421293501225,SHORT,1.17785,1.17843,-56.000000000011596,-58.000000000002494,1.999999999990898
2015-01,1421294400000,1421294402417,1421298000426,SHORT,1.17808,1.17748,61.99999999998429,59.99999999999339,1.999999999990898
2015-01,1421298900000,1421298900577,1421302500255,LONG,1.17741,1.17615,-123.50000000003192,-126.0000000000039,2.499999999971976
2015-01,1421303400000,1421303402855,1421307001278,SHORT,1.17624,1.17743,-117.50000000001481,-119.00000000000244,1.4999999999876366
2015-01,1421307900000,1421307900295,1421311500215,SHORT,1.17821,1.17593,229.99999999999687,228.00000000000597,1.999999999990905
2015-01,1421312400000,1421312400272,1421316000100,LONG,1.17598,1.1723,-362.4999999999989,-368.00000000001273,5.500000000013813
2015-01,1421316900000,1421316900266,1421320500489,LONG,1.17313,1.17298,-9.499999999995623,-15.00000000000945,5.500000000013827
2015-01,1421321400000,1421321400497,1421325000223,SHORT,1.1694,1.16893,52.99999999999194,46.999999999997044,5.999999999994898
2015-01,1421325900000,1421325900226,1421329500143,SHORT,1.17122,1.17071,56.99999999999594,51.000000000001044,5.999999999994898
2015-01,1421330400000,1421330400243,1421334000210,SHORT,1.16985,1.16316,673.0000000000125,669.0000000000085,4.000000000003979
2015-01,1421334900000,1421334900056,1421338500092,SHORT,1.16357,1.15801,559.9999999999827,556.0000000000009,3.99999999998181
2015-01,1421339400000,1421339400173,1421343000342,LONG,1.15896,1.16051,158.99999999997584,154.99999999999403,3.99999999998181
2015-01,1421343900000,1421343900118,1421347500470,SHORT,1.15967,1.16301,-330.0000000000081,-334.00000000001205,4.000000000003979
2015-01,1421348400000,1421348400136,1421352000494,SHORT,1.16159,1.16136,27.500000000024727,22.999999999995246,4.50000000002948
2015-01,1421352900000,1421352900418,1421356501472,SHORT,1.16094,1.16116,-17.999999999984695,-21.999999999988695,4.000000000004
2015-01,1421357400000,1421357400126,1421361000340,SHORT,1.16215,1.16235,-7.999999999985796,-19.999999999997797,12.000000000012001
2015-01,1421361900000,1421361903715,1421365501905,LONG,1.1627,1.16382,126.0000000000039,112.000000000001,14.000000000002899
2015-01,1421366400000,1421366402224,1421370000065,LONG,1.16365,1.16161,-199.99999999997797,-204.00000000000418,4.000000000026205
2015-01,1421370900000,1421370901860,1421374503381,SHORT,1.1617,1.16346,-170.00000000000347,-175.99999999999838,5.9999999999949125
2015-01,1421375400000,1421375400209,1421379000217,LONG,1.16375,1.16388,17.500000000003624,12.999999999996348,4.500000000007276
2015-01,1421379900000,1421379911764,1421383500499,SHORT,1.16387,1.16333,58.50000000000577,53.999999999998494,4.500000000007276
2015-01,1421384400000,1421384400295,1421388000134,LONG,1.16315,1.16293,-19.49999999999452,-21.999999999988695,2.4999999999941735
2015-01,1421388900000,1421388901929,1421392504343,SHORT,1.16285,1.16406,-120.00000000000898,-121.00000000001555,1.0000000000065654
2015-01,1421393400000,1421393400521,1421397000246,LONG,1.16419,1.16369,-46.49999999999377,-50.0000000000167,3.500000000022929
2015-01,1421397900000,1421397901934,1421401500559,LONG,1.16347,1.16272,-72.50000000000867,-75.00000000000284,2.4999999999941735
2015-01,1421402400000,1421402400014,1421406000784,SHORT,1.16291,1.16005,289.499999999987,286.00000000000847,3.499999999978513
2015-01,1421406900000,1421406900005,1421410501293,SHORT,1.1597,1.15943,30.49999999999997,26.999999999999247,3.5000000000007248
2015-01,1421411400000,1421411400221,1421415000191,LONG,1.15849,1.15995,154.50000000001296,146.00000000000168,8.500000000011283
2015-01,1421415900000,1421415900183,1421419500345,SHORT,1.15869,1.1556,310.9999999999946,309.0000000000037,1.999999999990905
2015-01,1421420400000,1421420400261,1421424000179,SHORT,1.15503,1.14931,574.9999999999922,571.9999999999948,2.999999999997385
2015-01,1421424900000,1421424900035,1421428500128,SHORT,1.15004,1.15375,-368.00000000001273,-371.00000000001023,2.999999999997499
2015-01,1421429400000,1421429400257,1421433000181,LONG,1.15312,1.15627,320.9999999999935,314.99999999999864,5.999999999994884
2015-01,1421433900000,1421433900737,1421437500840,SHORT,1.15499,1.15635,-131.00000000001444,-136.00000000000279,4.999999999988347
2015-01,1421438400000,1421438400152,1421442000272,LONG,1.15854,1.15685,-166.50000000000276,-168.99999999999693,2.4999999999941735
2015-01,1421442900000,1421442900235,1421618400294,LONG,1.15666,1.15515,-128.000000000017,-151.00000000001222,22.999999999995225
2015-01,1421619300000,1421619300633,1421622900874,SHORT,1.15553,1.15669,-104.49999999999626,-116.00000000000499,11.500000000008725
2015-01,1421623800000,1421623804191,1421627400774,LONG,1.15647,1.15595,-48.000000000003595,-52.000000000007596,4.000000000004
2015-01,1421628300000,1421628301102,1421631901302,SHORT,1.1555,1.15674,-120.49999999999005,-124.00000000001299,3.5000000000229363
2015-01,1421632800000,1421632800069,1421636400279,SHORT,1.15702,1.15565,141.5000000000166,136.99999999998712,4.500000000029473
2015-01,1421637300000,1421637300888,1421640905037,LONG,1.15557,1.15594,39.49999999999232,36.999999999998145,2.4999999999941735
2015-01,1421641800000,1421641806788,1421645401066,LONG,1.15583,1.1557,-9.500000000017828,-12.999999999996348,3.4999999999785203
2015-01,1421646300000,1421646301677,1421649902482,SHORT,1.15578,1.15575,5.000000000010552,2.999999999997449,2.0000000000131024
2015-01,1421650800000,1421650800919,1421654401595,LONG,1.1569,1.1559,-97.49999999999481,-100.0000000000112,2.500000000016385
2015-01,1421655300000,1421655300019,1421658900121,SHORT,1.15752,1.15939,-185.00000000001293,-186.99999999998164,1.9999999999687077
2015-01,1421659800000,1421659800217,1421663401808,LONG,1.1611,1.15975,-132.50000000000205,-134.99999999999625,2.499999999994202
2015-01,1421664300000,1421664300161,1421667905628,SHORT,1.15915,1.15912,4.999999999988347,2.999999999997449,1.999999999990898
2015-01,1421668800000,1421668800286,1421672400044,LONG,1.15884,1.16064,181.9999999999933,179.99999999998016,2.000000000013131
2015-01,1421673300000,1421673300427,1421676900466,LONG,1.16021,1.16171,151.99999999997436,150.00000000000568,1.9999999999686793
2015-01,1421677800000,1421677800505,1421681400057,LONG,1.16185,1.16259,75.99999999998718,73.99999999999629,1.9999999999908908
2015-01,1421682300000,1421682300888,1421685902305,LONG,1.16341,1.16312,-27.500000000002522,-29.00000000001235,1.5000000000098268
2015-01,1421686800000,1421686800021,1421690400013,LONG,1.16221,1.16084,-132.49999999997985,-136.99999999998712,4.500000000007276
2015-01,1421691300000,1421691300239,1421694902065,SHORT,1.16121,1.16131,-6.500000000020378,-9.999999999998899,3.4999999999785203
2015-01,1421695800000,1421695800277,1421699403073,SHORT,1.16155,1.16051,110.49999999999116,104.00000000001519,6.4999999999759694
2015-01,1421700300000,1421700304764,1421703906480,SHORT,1.16048,1.16105,-53.49999999999522,-56.99999999999594,3.5000000000007248
2015-01,1421704800000,1421704800261,1421708400375,SHORT,1.16048,1.16047,16.499999999997073,1.0000000000065512,15.499999999990521
2015-01,1421709300000,1421709303047,1421712901190,SHORT,1.16037,1.15935,107.99999999999699,101.99999999997988,6.00000000001711
2015-01,1421713800000,1421713807100,1421717405976,SHORT,1.1591,1.15749,164.50000000003405,161.00000000001114,3.500000000022908
2015-01,1421718300000,1421718302508,1421721911412,LONG,1.1582,1.15868,50.49999999999777,48.000000000003595,2.4999999999941735
2015-01,1421722800000,1421722800856,1421726401412,SHORT,1.15818,1.1581,10.500000000002174,8.000000000008,2.4999999999941735
2015-01,1421727300000,1421727301608,1421730908991,LONG,1.15825,1.15779,-42.99999999997084,-45.99999999999049,3.0000000000196536
2015-01,1421731800000,1421731800251,1421735400273,LONG,1.15794,1.15764,-26.999999999999247,-29.999999999996696,2.999999999997449
2015-01,1421736300000,1421736305161,1421739900587,SHORT,1.15789,1.15897,-105.50000000000281,-107.99999999999699,2.4999999999941735
2015-01,1421740800000,1421740800197,1421744400487,LONG,1.15909,1.1589,-17.000000000000348,-18.999999999991246,1.999999999990898
2015-01,1421745300000,1421745301710,1421748900280,SHORT,1.158,1.15887,-84.50000000002066,-87.00000000001484,2.4999999999941735
2015-01,1421749800000,1421749801298,1421753400575,LONG,1.16062,1.15913,-146.00000000002387,-148.99999999999915,2.999999999975273
2015-01,1421754300000,1421754300471,1421757901252,LONG,1.1571,1.15884,177.00000000000495,174.00000000000747,2.9999999999974705
2015-01,1421758800000,1421758800437,1421762400589,LONG,1.15908,1.1604,134.99999999999625,131.99999999999878,2.9999999999974705
2015-01,1421763300000,1421763300361,1421766903513,SHORT,1.15926,1.15826,103.00000000000864,99.99999999998899,3.0000000000196536
2015-01,1421767800000,1421767801782,1421771400019,LONG,1.15754,1.15638,-114.49999999999517,-116.00000000000499,1.5000000000098197
2015-01,1421772300000,1421772302485,1421775903923,SHORT,1.15693,1.15466,229.99999999999687,226.99999999999943,2.999999999997442
2015-01,1421776800000,1421776800453,1421780400178,SHORT,1.15474,1.15518,-41.50000000000542,-43.999999999999595,2.4999999999941735
2015-01,1421781300000,1421781300823,1421784925195,SHORT,1.15484,1.15487,-1.4999999999876223,-2.999999999997449,1.5000000000098268
2015-01,1421785800000,1421785806733,1421789402272,SHORT,1.15465,1.15529,-61.50000000000322,-63.99999999999739,2.4999999999941735
2015-01,1421790300000,1421790301362,1421793916843,LONG,1.15538,1.15543,9.499999999973419,4.999999999988347,4.4999999999850715
2015-01,1421794800000,1421794800231,1421798400848,SHORT,1.15545,1.15458,91.49999999999991,87.00000000001484,4.499999999985079
2015-01,1421799300000,1421799300317,1421802909992,SHORT,1.15444,1.156,-153.4999999999842,-156.00000000000057,2.500000000016371
2015-01,1421803800000,1421803800787,1421807406362,SHORT,1.15609,1.15617,-4.999999999988347,-7.999999999985796,2.999999999997449
2015-01,1421808300000,1421808301688,1421811900277,SHORT,1.1566,1.15708,-45.99999999999049,-48.000000000003595,2.0000000000131024
2015-01,1421812800000,1421812800554,1421816401030,SHORT,1.15685,1.15661,26.500000000018176,24.000000000001798,2.500000000016378
2015-01,1421817300000,1421817300522,1421820903185,LONG,1.15639,1.15881,246.49999999999395,241.99999999998667,4.500000000007276
2015-01,1421821800000,1421821804350,1421825400138,LONG,1.15844,1.15678,-163.00000000000205,-165.9999999999995,2.999999999997442
2015-01,1421826300000,1421826300272,1421829902203,LONG,1.15685,1.15706,22.999999999995246,21.00000000000435,1.999999999990898
2015-01,1421830800000,1421830800940,1421834400695,LONG,1.15725,1.15706,-16.000000000016,-18.999999999991246,2.9999999999752447
2015-01,1421835300000,1421835304594,1421838901593,LONG,1.15769,1.15731,-34.99999999998504,-38.0000000000047,3.0000000000196536
2015-01,1421839800000,1421839800256,1421843400437,SHORT,1.15769,1.15738,33.500000000019625,31.000000000003247,2.500000000016378
2015-01,1421844300000,1421844300180,1421847902222,SHORT,1.15795,1.16083,-285.499999999983,-287.9999999999994,2.500000000016371
2015-01,1421848800000,1421848800002,1421852400007,SHORT,1.16325,1.164,-70.99999999997664,-75.00000000000284,4.000000000026205
2015-01,1421853300000,1421853300212,1421856900302,SHORT,1.16385,1.16022,365.99999999999966,363.0000000000022,2.999999999997442
2015-01,1421857800000,1421857801543,1421861408175,LONG,1.15951,1.15756,-192.99999999999872,-195.00000000001182,2.0000000000131024
2015-01,1421862300000,1421862300412,1421865906361,SHORT,1.15717,1.15689,31.500000000006523,28.000000000005798,3.5000000000007248
2015-01,1421866800000,1421866800417,1421870400329,SHORT,1.15734,1.15908,-170.49999999998454,-174.00000000000747,3.5000000000229363
2015-01,1421871300000,1421871301085,1421874900217,LONG,1.15829,1.15965,138.49999999999696,136.00000000000279,2.4999999999941735
2015-01,1421875800000,1421875800406,1421879401834,SHORT,1.16076,1.16144,-62.000000000006494,-68.00000000000139,5.999999999994898
2015-01,1421880300000,1421880302005,1421883907101,SHORT,1.16134,1.16262,-122.49999999998096,-127.99999999999478,5.500000000013827
2015-01,1421884800000,1421884800980,1421888401862,SHORT,1.16146,1.16055,93.99999999999409,90.99999999999665,2.999999999997442
2015-01,1421889300000,1421889303970,1421892900720,LONG,1.16061,1.16025,-32.999999999994145,-35.999999999991594,2.999999999997449
2015-01,1421893800000,1421893800017,1421897405434,SHORT,1.15999,1.16025,-24.000000000024002,-25.999999999992696,1.9999999999686935
2015-01,1421898300000,1421898300793,1421901900587,SHORT,1.1602,1.16023,0.0,-3.0000000000196536,3.0000000000196536
2015-01,1421902800000,1421902801851,1421906400364,LONG,1.15991,1.15909,-79.50000000001012,-82.00000000000429,2.4999999999941735
2015-01,1421907300000,1421907308169,1421910901964,LONG,1.15886,1.1588,-3.5000000000007248,-5.999999999994898,2.4999999999941735
2015-01,1421911800000,1421911800994,1421915400455,LONG,1.15844,1.16121,280.0000000000136,277.00000000001614,2.999999999997442
2015-01,1421916300000,1421916300311,1421919900409,LONG,1.15957,1.16196,241.99999999998667,239.00000000001143,2.9999999999752447
2015-01,1421920800000,1421920800686,1421924400621,SHORT,1.16234,1.1627,-32.500000000013074,-36.0000000000138,3.5000000000007248
2015-01,1421925300000,1421925301748,1421928900805,SHORT,1.16228,1.16317,-84.99999999997954,-89.00000000000574,4.000000000026205
2015-01,1421929800000,1421929800137,1421933400186,LONG,1.16384,1.16169,-182.0000000000155,-215.00000000000963,32.999999999994145
2015-01,1421934300000,1421934300076,1421937900047,LONG,1.16286,1.14998,-1282.4999999999864,-1288.0000000000002,5.50000000001387
2015-01,1421938800000,1421938800046,1421942400253,LONG,1.14633,1.14175,-455.99999999998977,-458.00000000000284,2.000000000013074
2015-01,1421943300000,1421943300456,1421946900597,LONG,1.14097,1.14052,-42.49999999998977,-45.000000000006146,2.500000000016378
2015-01,1421947800000,1421947801143,1421951401313,SHORT,1.14066,1.13699,371.0000000000324,367.0000000000062,4.000000000026205
2015-01,1421952300000,1421952301681,1421955901324,LONG,1.1381,1.13781,-26.499999999973767,-28.999999999990145,2.500000000016378
2015-01,1421956800000,1421956800252,1421960400202,SHORT,1.13788,1.1361,181.4999999999678,177.99999999998929,3.499999999978513
2015-01,1421961300000,1421961300118,1421964900130,LONG,1.13277,1.13608,336.499999999984,330.9999999999924,5.499999999991644
2015-01,1421965800000,1421965808046,1421969400578,SHORT,1.13597,1.13644,-42.0000000000087,-46.999999999997044,4.999999999988347
2015-01,1421970300000,1421970304625,1421973903164,SHORT,1.13617,1.13574,46.999999999997044,42.999999999993044,4.000000000004
2015-01,1421974800000,1421974800467,1421978403313,SHORT,1.13618,1.1362,2.4999999999941735,-2.0000000000131024,4.500000000007276
2015-01,1421979300000,1421979302442,1421982903296,SHORT,1.13651,1.13623,31.49999999998432,27.999999999983594,3.5000000000007248
2015-01,1421983800000,1421983800342,1421987409638,LONG,1.13643,1.13633,-7.999999999985796,-9.999999999998899,2.0000000000131024
2015-01,1421988300000,1421988300712,1421991904113,LONG,1.13527,1.13293,-230.50000000002234,-234.00000000000088,3.4999999999785416
2015-01,1421992800000,1421992800473,1421996400462,LONG,1.13361,1.13362,3.5000000000007248,1.0000000000065512,2.4999999999941735
2015-01,1421997300000,1421997300346,1422000900788,SHORT,1.13385,1.13536,-148.49999999997365,-150.99999999999002,2.500000000016371
2015-01,1422001800000,1422001800012,1422005400099,SHORT,1.13405,1.12752,663.5000000000168,652.9999999999925,10.500000000024329
2015-01,1422006300000,1422006301769,1422009900877,LONG,1.12627,1.12326,-298.00000000002046,-301.0000000000179,2.999999999997442
2015-01,1422010800000,1422010800098,1422014400025,LONG,1.12347,1.11728,-617.4999999999819,-618.9999999999918,1.5000000000098908
2015-01,1422015300000,1422015300033,1422018900005,LONG,1.1119,1.11954,767.4999999999876,763.9999999999869,3.500000000000682
2015-01,1422019800000,1422019800473,1422023400012,LONG,1.11735,1.12144,411.99999999999017,408.9999999999927,2.999999999997442
2015-01,1422024300000,1422024300093,1422027900009,SHORT,1.1249,1.12698,-205.500000000014,-208.00000000000819,2.4999999999941735
2015-01,1422028800000,1422028800148,1422032400229,LONG,1.12465,1.12772,313.4999999999888,307.00000000001285,6.499999999975955
2015-01,1422033300000,1422033300075,1422036900372,LONG,1.1272,1.12384,-332.50000000002444,-336.00000000000296,3.499999999978513
2015-01,1422037800000,1422037800421,1422041400482,SHORT,1.12275,1.12427,-147.00000000003044,-152.0000000000188,4.999999999988347
2015-01,1422042300000,1422042303776,1422045900577,SHORT,1.12443,1.1221,236.99999999999832,232.99999999999432,4.0000000000040075
2015-01,1422046800000,1422046800384,1422223205347,SHORT,1.1208,1.11545,547.999999999993,534.9999999999966,12.999999999996362
2015-01,1422224100000,1422224100040,1422227700510,SHORT,1.1138,1.11433,-41.000000000002146,-53.00000000001415,12.000000000012001
2015-01,1422228600000,1422228600438,1422232200476,LONG,1.11261,1.11791,536.0000000000032,529.999999999986,6.000000000017167
2015-01,1422233100000,1422233103898,1422236700735,SHORT,1.11726,1.11785,-53.999999999998494,-59.000000000009045,5.000000000010552
2015-01,1422237600000,1422237600513,1422241202077,LONG,1.11695,1.11544,-148.99999999999915,-151.00000000001222,2.000000000013074
2015-01,1422242100000,1422242100054,1422245700601,SHORT,1.1164,1.11781,-135.9999999999806,-140.99999999999113,5.0000000000105445
2015-01,1422246600000,1422246626281,1422250202780,SHORT,1.1176,1.11802,-38.99999999998904,-42.0000000000087,3.0000000000196536
2015-01,1422251100000,1422251105569,1422254700288,LONG,1.11839,1.12091,257.5000000000216,252.0000000000078,5.500000000013813
2015-01,1422255600000,1422255600424,1422259200994,LONG,1.1217,1.12379,213.00000000001873,209.00000000001472,4.0000000000040075
2015-01,1422260100000,1422260100001,1422263700145,SHORT,1.12247,1.12523,-272.99999999998994,-275.9999999999874,2.999999999997442
2015-01,1422264600000,1422264600111,1422268200084,LONG,1.12558,1.12421,-134.00000000001188,-137.00000000000932,2.999999999997442
2015-01,1422269100000,1422269100012,1422272705827,LONG,1.12336,1.12364,29.999999999996696,28.000000000005798,1.999999999990898
2015-01,1422273600000,1422273600188,1422277200183,LONG,1.12244,1.1245,208.99999999999253,205.99999999999508,2.999999999997442
2015-01,1422278100000,1422278100068,1422281700324,SHORT,1.12435,1.12518,-80.00000000001339,-83.00000000001084,2.9999999999974563
2015-01,1422282600000,1422282600314,1422286200463,LONG,1.12535,1.12686,155.99999999997837,150.99999999999002,4.999999999988347
2015-01,1422287100000,1422287101444,1422290700347,LONG,1.12622,1.12788,167.9999999999904,165.9999999999995,1.999999999990905
2015-01,1422291600000,1422291600326,1422295200485,SHORT,1.1289,1.128,92.99999999998754,90.00000000001229,2.9999999999752447
2015-01,1422296100000,1422296100048,1422299700452,SHORT,1.12709,1.1276,-46.999999999997044,-51.000000000001044,4.000000000004
2015-01,1422300600000,1422300600854,1422304201361,LONG,1.1268,1.1265,-26.999999999999247,-29.999999999996696,2.999999999997449
2015-01,1422305100000,1422305113502,1422308703210,LONG,1.12662,1.12375,-283.5000000000143,-286.99999999999284,3.499999999978513
2015-01,1422309600000,1422309600174,1422313200164,SHORT,1.12384,1.12374,17.49999999998142,9.999999999998899,7.499999999982521
2015-01,1422314100000,1422314100311,1422317701290,LONG,1.12339,1.12489,154.99999999999403,149.9999999999835,5.0000000000105445
2015-01,1422318600000,1422318601417,1422322200261,LONG,1.12414,1.12461,49.00000000001015,47.00000000001925,1.999999999990898
2015-01,1422323100000,1422323108837,1422326709418,SHORT,1.12443,1.12455,-9.999999999976694,-11.999999999989797,2.0000000000131024
2015-01,1422327600000,1422327604171,1422331202327,SHORT,1.12413,1.12371,44.50000000000287,42.0000000000087,2.4999999999941735
2015-01,1422332100000,1422332100764,1422335700288,SHORT,1.12403,1.12429,-24.000000000024002,-25.999999999992696,1.9999999999686935
2015-01,1422336600000,1422336600686,1422340201817,SHORT,1.12405,1.12293,115.49999999997951,112.000000000001,3.499999999978513
2015-01,1422341100000,1422341105488,1422344700834,LONG,1.12325,1.12534,212.00000000001216,208.99999999999253,3.0000000000196394
2015-01,1422345600000,1422345600284,1422349200018,SHORT,1.12494,1.13375,-877.0000000000166,-880.9999999999984,3.99999999998181
2015-01,1422350100000,1422350100110,1422353700000,LONG,1.13194,1.13096,-95.50000000002612,-97.9999999999981,2.499999999971976
2015-01,1422354600000,1422354600674,1422358201095,LONG,1.12861,1.12765,-92.99999999998754,-95.999999999985,2.9999999999974563
2015-01,1422359100000,1422359104324,1422362700191,LONG,1.12654,1.12907,255.5000000000085,252.99999999999213,2.500000000016371
2015-01,1422363600000,1422363600025,1422367200032,SHORT,1.13001,1.13388,-384.50000000000983,-387.000000000004,2.499999999994145
2015-01,1422368100000,1422368100183,1422371700225,SHORT,1.13628,1.13586,43.999999999999595,41.99999999998649,2.0000000000131024
2015-01,1422372600000,1422372602071,1422376200232,SHORT,1.13627,1.13766,-136.50000000000605,-139.00000000000023,2.4999999999941735
2015-01,1422377100000,1422377100268,1422380700478,LONG,1.1368,1.13356,-320.00000000000915,-324.0000000000132,4.000000000004036
2015-01,1422381600000,1422381600149,1422385200348,SHORT,1.13524,1.13621,-94.49999999997516,-96.99999999999153,2.500000000016371
2015-01,1422386100000,1422386100286,1422389700176,LONG,1.1368,1.13717,41.000000000002146,36.999999999998145,4.000000000004
2015-01,1422390600000,1422390600347,1422394200280,SHORT,1.13715,1.1378,-60.99999999999994,-64.99999999998174,3.999999999981796
2015-01,1422395100000,1422395100228,1422398701899,LONG,1.13811,1.13754,-51.50000000000432,-56.99999999999594,5.499999999991623
2015-01,1422399600000,1422399600167,1422403200889,SHORT,1.1371,1.13683,32.000000000032,26.999999999999247,5.000000000032756
2015-01,1422404100000,1422404100407,1422407701176,LONG,1.13532,1.13388,-141.99999999999767,-144.0000000000108,2.000000000013131
2015-01,1422408600000,1422408602357,1422412200727,LONG,1.13398,1.13309,-86.49999999998937,-89.00000000000574,2.500000000016371
2015-01,1422413100000,1422413100661,1422416700481,LONG,1.1334,1.1343,93.49999999999082,90.00000000001229,3.4999999999785274
2015-01,1422417600000,1422417602372,1422421200913,SHORT,1.13402,1.13371,33.499999999975216,31.000000000003247,2.499999999971969
2015-01,1422423000000,1422423002210,1422426600059,LONG,1.13363,1.13688,327.50000000001387,324.9999999999975,2.500000000016371
2015-01,1422427500000,1422427500488,1422431102178,SHORT,1.13683,1.13629,56.49999999999267,53.999999999998494,2.4999999999941735
2015-01,1422432000000,1422432000708,1422435600622,LONG,1.1345,1.13358,-89.50000000003122,-92.00000000000318,2.499999999971962
2015-01,1422436500000,1422436500248,1422440111088,SHORT,1.13393,1.13728,-331.999999999999,-334.9999999999964,2.999999999997442
2015-01,1422441000000,1422441000327,1422444601101,SHORT,1.13746,1.13573,176.49999999997945,173.00000000000094,3.499999999978513
2015-01,1422445500000,1422445502601,1422449100409,SHORT,1.13635,1.13629,9.499999999995623,5.999999999994898,3.5000000000007248
2015-01,1422450000000,1422450000722,1422453600408,SHORT,1.13536,1.13515,24.500000000005073,20.999999999982144,3.500000000022929
2015-01,1422454500000,1422454502492,1422458102000,LONG,1.13485,1.13149,-334.00000000001205,-335.9999999999808,1.9999999999687361
2015-01,1422459000000,1422459000273,1422462600243,SHORT,1.13144,1.13369,-222.00000000001108,-225.00000000000853,2.999999999997442
2015-01,1422463500000,1422463501495,1422467101412,SHORT,1.13409,1.1358,-168.99999999999693,-170.99999999998784,1.999999999990905
2015-01,1422468000000,1422468000279,1422471600023,SHORT,1.13538,1.1342,157.4999999999882,117.99999999999588,39.499999999992326
2015-01,1422472500000,1422472500084,1422476101419,LONG,1.13578,1.13092,-483.49999999999227,-486.00000000000864,2.500000000016371
2015-01,1422477000000,1422477000021,1422480600230,LONG,1.12843,1.128,-39.50000000001452,-43.00000000001525,3.5000000000007248
2015-01,1422481500000,1422481500301,1422485125091,SHORT,1.12824,1.12757,71.50000000000212,66.99999999999484,4.500000000007276
2015-01,1422486000000,1422486000264,1422489600242,LONG,1.12769,1.12829,65.99999999998829,59.99999999999339,5.999999999994898
2015-01,1422490500000,1422490500726,1422494100381,SHORT,1.1293,1.12844,88.99999999998354,85.99999999998609,2.9999999999974563
2015-01,1422495000000,1422495000115,1422498600347,LONG,1.12888,1.12863,-22.500000000014175,-25.00000000000835,2.4999999999941735
2015-01,1422499500000,1422499500864,1422503139444,SHORT,1.12863,1.12762,103.49999999998971,100.99999999999554,2.4999999999941735
2015-01,1422504000000,1422504000477,1422507602017,LONG,1.12761,1.1269,-68.00000000000139,-70.99999999999883,2.999999999997442
2015-01,1422508500000,1422508519791,1422512101854,SHORT,1.12657,1.12786,-127.00000000001043,-129.00000000000134,1.999999999990905
2015-01,1422513000000,1422513000485,1422516601213,LONG,1.12789,1.12921,135.00000000001845,131.99999999999878,3.000000000019668
2015-01,1422517500000,1422517501748,1422521100598,LONG,1.12983,1.12927,-53.50000000001742,-55.99999999998939,2.499999999971969
2015-01,1422522000000,1422522000255,1422525600167,LONG,1.12883,1.13157,279.00000000000705,273.9999999999965,5.000000000010573
2015-01,1422526500000,1422526500087,1422530100166,LONG,1.13062,1.13022,-37.99999999998249,-39.999999999995595,2.0000000000131024
2015-01,1422531000000,1422531005689,1422534600161,LONG,1.13162,1.1306,-99.00000000000463,-102.00000000000209,2.9999999999974563
2015-01,1422535500000,1422535500057,1422539100041,LONG,1.13044,1.13088,48.50000000000687,44.0000000000218,4.4999999999850715
2015-01,1422540000000,1422540000087,1422543600069,LONG,1.13236,1.1334,110.99999999999443,103.99999999999298,7.0000000000014495
2015-01,1422544500000,1422544501278,1422548100861,SHORT,1.13412,1.13284,130.49999999998897,127.99999999999478,2.4999999999941878
2015-01,1422549000000,1422549000010,1422552600265,SHORT,1.13136,1.12861,276.4999999999906,275.000000000003,1.4999999999876081
2015-01,1422553500000,1422553501476,1422557100584,LONG,1.12867,1.13128,263.5000000000165,261.0000000000001,2.500000000016371
2015-01,1422558000000,1422558000677,1422561600182,LONG,1.13094,1.1313,40.500000000021075,35.999999999991594,4.50000000002948
2015-01,1422562500000,1422562500125,1422566102754,SHORT,1.13142,1.13218,-72.49999999998647,-75.99999999998718,3.5000000000007105
2015-01,1422567000000,1422567002106,1422570605129,SHORT,1.13189,1.13236,-41.000000000002146,-46.999999999997044,5.999999999994898
2015-01,1422571500000,1422571505077,1422575100540,LONG,1.13249,1.13323,78.50000000000357,73.99999999999629,4.500000000007276
2015-01,1422576000000,1422576000127,1422579600342,LONG,1.13344,1.13274,-65.99999999998829,-69.9999999999923,4.0000000000040075
2015-01,1422580500000,1422580501528,1422584115551,LONG,1.13285,1.13354,70.99999999999883,69.00000000000794,1.9999999999908908
2015-01,1422585000000,1422585011619,1422588600265,LONG,1.13322,1.13279,-39.499999999970115,-42.999999999993044,3.500000000022929
2015-01,1422589500000,1422589503308,1422593100145,LONG,1.13247,1.13251,7.500000000004725,3.999999999981796,3.500000000022929
2015-01,1422594000000,1422594000419,1422597601921,LONG,1.13276,1.13391,117.49999999999261,114.99999999999844,2.4999999999941735
2015-01,1422598500000,1422598500226,1422602100897,LONG,1.13442,1.13265,-174.50000000001074,-177.00000000000495,2.499999999994202
2015-01,1422603000000,1422603000943,1422606600111,SHORT,1.13242,1.13394,-148.50000000001808,-151.9999999999966,3.499999999978513
2015-01,1422607500000,1422607500184,1422611100051,SHORT,1.13461,1.13147,317.0000000000117,313.99999999999204,3.000000000019668
2015-01,1422612000000,1422612000206,1422615600576,SHORT,1.13092,1.1353,-429.500000000016,-438.00000000000506,8.499999999989086
2015-01,1422616500000,1422616500110,1422620100366,SHORT,1.1344,1.13409,35.50000000001052,31.000000000003247,4.500000000007276
2015-01,1422621000000,1422621000504,1422624600016,SHORT,1.13371,1.13123,278.4999999999815,248.00000000000378,30.499999999977746
2015-01,1422625500000,1422625500295,1422629100316,LONG,1.13287,1.1305,-229.4999999999936,-236.99999999999832,7.500000000004718
2015-01,1422630000000,1422630000008,1422633600161,LONG,1.13041,1.1284,-198.00000000000927,-200.99999999998454,2.999999999975273
2015-01,1422634500000,1422634500182,1422638100667,LONG,1.12915,1.12907,-3.0000000000196536,-8.000000000008,4.999999999988347
2015-01,1422639000000,1422639000360,1422642604472,SHORT,1.12983,1.12965,21.500000000007624,17.999999999984695,3.500000000022929
2015-01,1422643500000,1422643502039,1422647100008,SHORT,1.12896,1.12991,-91.49999999999991,-95.00000000000064,3.5000000000007248
2015-01,1422648000000,1422648000066,1422651600342,LONG,1.12921,1.12995,79.00000000000685,73.99999999999629,5.000000000010559
2015-01,1422652500000,1422652501776,1422828004906,SHORT,1.12893,1.13145,-233.00000000001654,-252.0000000000078,18.999999999991246
2015-02,1422828900000,1422828900305,1422832502024,SHORT,1.13124,1.13118,15.499999999990521,5.999999999994898,9.499999999995623
2015-02,1422833400000,1422833400331,1422837002007,LONG,1.13081,1.13084,7.0000000000014495,2.999999999997449,4.000000000004
2015-02,1422837900000,1422837900001,1422841500589,LONG,1.13097,1.1315,56.49999999999267,52.99999999999194,3.5000000000007248
2015-02,1422842400000,1422842401193,1422846001115,SHORT,1.13152,1.13181,-26.49999999999597,-28.999999999990145,2.4999999999941735
2015-02,1422846900000,1422846901157,1422850506735,SHORT,1.13074,1.13128,-50.0000000000167,-53.999999999998494,3.999999999981796
2015-02,1422851400000,1422851400199,1422855003138,SHORT,1.13114,1.13106,11.500000000008725,8.000000000008,3.5000000000007248
2015-02,1422855900000,1422855913249,1422859501798,LONG,1.13085,1.13021,-59.99999999999339,-63.99999999999739,4.000000000004
2015-02,1422860400000,1422860400337,1422864000009,LONG,1.13077,1.13159,84.99999999997954,82.00000000000429,2.9999999999752447
2015-02,1422864900000,1422864900270,1422868501188,LONG,1.13119,1.13214,98.50000000000136,95.00000000000064,3.5000000000007248
2015-02,1422869400000,1422869400142,1422873000397,SHORT,1.13183,1.13497,-310.50000000001353,-314.00000000001427,3.500000000000739
2015-02,1422873900000,1422873901209,1422877500473,SHORT,1.13453,1.13285,170.50000000002896,168.0000000000126,2.500000000016371
2015-02,1422878400000,1422878400454,1422882000137,LONG,1.13289,1.13153,-133.00000000000534,-136.00000000000279,2.999999999997442
2015-02,1422882900000,1422882900203,1422886501377,SHORT,1.13092,1.13176,-81.00000000001995,-84.0000000000174,2.999999999997442
2015-02,1422887400000,1422887400314,1422891000783,SHORT,1.13162,1.13456,-291.4999999999779,-293.99999999999426,2.500000000016371
2015-02,1422891900000,1422891900104,1422895501396,SHORT,1.13583,1.13353,230.9999999999812,229.99999999999687,0.9999999999843396
2015-02,1422896400000,1422896401713,1422900000239,SHORT,1.13362,1.1333,36.49999999999487,32.0000000000098,4.4999999999850715
2015-02,1422900900000,1422900900841,1422904500268,SHORT,1.13403,1.13485,-78.49999999998136,-81.9999999999821,3.500000000000739
2015-02,1422905400000,1422905401629,1422909013143,SHORT,1.13445,1.13419,28.500000000009074,25.999999999992696,2.500000000016378
2015-02,1422909900000,1422909900132,1422913500446,SHORT,1.1342,1.13407,16.000000000016,13.000000000018552,2.999999999997449
2015-02,1422914400000,1422914400114,1422918000068,SHORT,1.13412,1.13364,57.49999999999922,48.000000000003595,9.499999999995623
2015-02,1422918900000,1422918906202,1422922501140,SHORT,1.13452,1.13401,55.000000000005045,51.000000000001044,4.000000000004
2015-02,1422923400000,1422923400742,1422927007203,SHORT,1.13412,1.13482,-66.99999999999484,-69.9999999999923,2.9999999999974563
2015-02,1422927900000,1422927902593,1422931502055,SHORT,1.13502,1.13436,68.00000000000139,65.99999999998829,2.0000000000131024
2015-02,1422932400000,1422932400860,1422936001271,SHORT,1.13449,1.13308,144.0000000000108,140.99999999999113,3.000000000019668
2015-02,1422936900000,1422936903132,1422940500301,LONG,1.13289,1.13283,-4.999999999988347,-5.999999999994898,1.0000000000065512
2015-02,1422941400000,1422941400081,1422945000084,LONG,1.13229,1.13268,40.499999999976666,38.99999999998904,1.4999999999876223
2015-02,1422945900000,1422945903754,1422949500843,LONG,1.13302,1.13393,94.0000000000385,91.00000000001884,3.0000000000196536
2015-02,1422950400000,1422950400593,1422954000258,LONG,1.1332,1.13244,-72.99999999998974,-76.0000000000094,3.0000000000196536
2015-02,1422954900000,1422954900350,1422958501666,LONG,1.13255,1.13358,104.49999999999626,103.00000000000864,1.4999999999876223
2015-02,1422959400000,1422959400162,1422963001315,SHORT,1.13421,1.13491,-67.50000000002032,-70.0000000000145,2.4999999999941735
2015-02,1422963900000,1422963900411,1422967501520,LONG,1.13448,1.135,54.500000000023974,52.000000000007596,2.500000000016378
2015-02,1422968400000,1422968403349,1422972000044,SHORT,1.13473,1.14433,-956.4999999999824,-960.0000000000053,3.5000000000229647
2015-02,1422972900000,1422972900444,1422976500601,SHORT,1.14271,1.14341,-66.99999999999484,-70.0000000000145,3.0000000000196536
2015-02,1422977400000,1422977400484,1422981000109,LONG,1.14336,1.14819,483.99999999999557,483.0000000000112,0.9999999999843681
2015-02,1422981900000,1422981900407,1422985500030,SHORT,1.14663,1.14782,-116.99999999998934,-119.00000000000244,2.0000000000131024
2015-02,1422986400000,1422986400912,1422990000542,SHORT,1.14715,1.14834,-116.50000000000827,-119.00000000000244,2.4999999999941735
2015-02,1422990900000,1422990900410,1422994500099,SHORT,1.14901,1.14899,6.000000000017103,2.0000000000131024,4.000000000004
2015-02,1422995400000,1422995400357,1422999000658,LONG,1.14846,1.14839,-3.5000000000007248,-7.0000000000014495,3.5000000000007248
2015-02,1422999900000,1422999901405,1423003501417,LONG,1.148,1.14727,-66.99999999999484,-72.99999999998974,5.999999999994898
2015-02,1423004400000,1423004400343,1423008000744,SHORT,1.14646,1.14568,82.00000000000429,78.00000000000028,4.0000000000040075
2015-02,1423008900000,1423008900756,1423012506903,SHORT,1.14682,1.14689,-5.000000000010552,-7.0000000000014495,1.999999999990898
2015-02,1423013400000,1423013402910,1423017000974,LONG,1.1467,1.14587,-80.99999999999774,-83.00000000001084,2.0000000000131024
2015-02,1423017900000,1423017905700,1423021508749,LONG,1.14588,1.14661,74.49999999999957,72.99999999998974,1.500000000009834
2015-02,1423022400000,1423022401207,1423026000267,SHORT,1.14627,1.14723,-93.99999999999409,-96.00000000000719,2.0000000000131024
2015-02,1423027800000,1423027800114,1423031400363,LONG,1.14789,1.14809,23.499999999998522,19.999999999997797,3.5000000000007248
2015-02,1423032300000,1423032300543,1423035900194,SHORT,1.14823,1.14747,78.50000000000357,76.0000000000094,2.4999999999941735
2015-02,1423036800000,1423036800942,1423040400029,SHORT,1.14662,1.14561,103.49999999998971,100.99999999999554,2.4999999999941735
2015-02,1423041300000,1423041300197,1423044900346,SHORT,1.14564,1.14478,89.00000000000574,86.0000000000083,2.999999999997442
2015-02,1423045800000,1423045800015,1423049400607,SHORT,1.14622,1.14399,226.49999999999613,222.99999999999542,3.5000000000007105
2015-02,1423050300000,1423050300370,1423053906094,LONG,1.14435,1.14546,113.4999999999664,110.99999999999443,2.499999999971976
2015-02,1423054800000,1423054800416,1423058400145,LONG,1.14594,1.14396,-196.49999999999946,-197.99999999998707,1.4999999999876081
2015-02,1423059300000,1423059300680,1423062900097,SHORT,1.14295,1.14218,78.50000000000357,76.99999999999375,1.5000000000098197
2015-02,1423063800000,1423063800241,1423067400464,SHORT,1.14222,1.14173,50.49999999999777,49.00000000001015,1.4999999999876223
2015-02,1423068300000,1423068300014,1423071901341,LONG,1.14238,1.14139,-96.49999999998826,-99.00000000000463,2.500000000016371
2015-02,1423072800000,1423072800099,1423076400243,SHORT,1.14151,1.14153,0.5000000000254801,-1.999999999990898,2.500000000016378
2015-02,1423077300000,1423077309634,1423080900577,LONG,1.14156,1.14202,48.000000000003595,46.0000000000127,1.999999999990898
2015-02,1423081800000,1423081800598,1423085402751,SHORT,1.14241,1.13437,808.0000000000088,803.9999999999825,4.000000000026262
2015-02,1423086300000,1423086300757,1423089900243,SHORT,1.13368,1.13339,39.50000000001452,29.00000000001235,10.500000000002174
2015-02,1423090800000,1423090800087,1423094400447,SHORT,1.13345,1.13168,181.50000000001222,177.00000000000495,4.500000000007276
2015-02,1423095300000,1423095301671,1423098902988,LONG,1.13455,1.13334,-115.99999999998278,-120.99999999999334,5.000000000010559
2015-02,1423099800000,1423099801674,1423103400070,LONG,1.13343,1.1359,249.4999999999914,246.99999999999721,2.4999999999941735
2015-02,1423104300000,1423104302388,1423107900140,SHORT,1.13558,1.13588,-26.500000000018176,-29.999999999996696,3.4999999999785203
2015-02,1423108800000,1423108801124,1423112400406,LONG,1.13578,1.13531,-41.99999999998649,-46.999999999997044,5.000000000010552
2015-02,1423113300000,1423113310617,1423116901995,SHORT,1.13524,1.13445,82.00000000000429,79.00000000000685,2.999999999997442
2015-02,1423117800000,1423117800191,1423121400744,SHORT,1.13423,1.13566,-139.9999999999846,-142.99999999998204,2.999999999997442
2015-02,1423122300000,1423122300980,1423125900161,SHORT,1.13672,1.13769,-93.50000000001302,-97.00000000001374,3.5000000000007248
2015-02,1423126800000,1423126801669,1423130400227,SHORT,1.13734,1.13901,-164.99999999999292,-167.00000000000603,2.0000000000131024
2015-02,1423131300000,1423131300252,1423134900633,SHORT,1.13826,1.14303,-474.4999999999777,-476.9999999999941,2.500000000016371
2015-02,1423135800000,1423135800309,1423139400393,LONG,1.14375,1.14382,12.000000000012001,7.0000000000014495,5.000000000010552
2015-02,1423140300000,1423140300121,1423143900470,LONG,1.14164,1.1437,208.99999999999253,205.99999999999508,2.999999999997442
2015-02,1423144800000,1423144800493,1423148400110,SHORT,1.14243,1.14211,34.000000000000696,32.0000000000098,1.999999999990898
2015-02,1423149300000,1423149301601,1423152901481,SHORT,1.14289,1.14277,13.499999999999623,11.999999999989797,1.5000000000098268
2015-02,1423153800000,1423153800807,1423157400000,SHORT,1.1424,1.14445,-202.9999999999976,-204.99999999998852,1.999999999990905
2015-02,1423158300000,1423158300522,1423161900117,SHORT,1.14469,1.14823,-350.50000000000915,-354.0000000000099,3.500000000000739
2015-02,1423162800000,1423162800963,1423166400200,LONG,1.14973,1.14741,-229.4999999999714,-231.99999999998778,2.500000000016371
2015-02,1423167300000,1423167301654,1423170903081,SHORT,1.14766,1.14805,-37.50000000000142,-39.00000000001125,1.5000000000098268
2015-02,1423171800000,1423171802268,1423175400092,SHORT,1.14815,1.14774,45.49999999998722,41.000000000002146,4.4999999999850715
2015-02,1423176300000,1423176300702,1423179902668,LONG,1.14732,1.14721,-8.499999999989072,-10.999999999983245,2.4999999999941735
2015-02,1423180800000,1423180800534,1423184401930,SHORT,1.14705,1.14725,-16.499999999997073,-20.000000000020002,3.500000000022929
2015-02,1423185300000,1423185311061,1423188905311,SHORT,1.1467,1.14672,2.0000000000131024,-1.999999999990898,4.000000000004
2015-02,1423189800000,1423189800025,1423193400189,SHORT,1.14674,1.14625,51.00000000002325,49.00000000001015,2.0000000000131024
2015-02,1423194300000,1423194310821,1423197901649,SHORT,1.14626,1.14691,-62.000000000006494,-65.00000000000395,2.9999999999974563
2015-02,1423198800000,1423198802564,1423202400411,LONG,1.14706,1.14668,-35.49999999998832,-38.0000000000047,2.500000000016378
2015-02,1423203300000,1423203306884,1423206900169,SHORT,1.14678,1.14579,100.49999999999227,98.99999999998244,1.500000000009834
2015-02,1423207800000,1423207800005,1423211401838,LONG,1.14542,1.14458,-82.00000000000429,-84.0000000000174,2.0000000000131024
2015-02,1423212300000,1423212302211,1423215900348,SHORT,1.1448,1.1457,-86.99999999999264,-89.99999999999008,2.999999999997442
2015-02,1423216800000,1423216801093,1423220400719,LONG,1.14545,1.14314,-229.00000000001253,-231.0000000000034,1.9999999999908766
2015-02,1423221300000,1423221306510,1423224900387,SHORT,1.14422,1.14544,-118.99999999998023,-121.99999999999989,3.0000000000196536
2015-02,1423225800000,1423225800157,1423229400262,SHORT,1.14573,1.14621,34.50000000000397,-48.000000000003595,82.50000000000756
2015-02,1423230300000,1423230300404,1423233900459,SHORT,1.13781,1.13496,288.5000000000026,285.00000000000193,3.500000000000682
2015-02,1423234800000,1423234800618,1423238400206,LONG,1.13421,1.13443,23.499999999998522,22.0000000000109,1.4999999999876223
2015-02,1423239300000,1423239300025,1423242900090,SHORT,1.13384,1.13255,133.99999999998968,129.00000000000134,4.999999999988347
2015-02,1423243800000,1423243800043,1423247400375,LONG,1.13242,1.13179,-61.499999999981014,-62.99999999999084,1.5000000000098268
2015-02,1423248300000,1423248300553,1423251915142,LONG,1.13208,1.13132,-72.50000000000867,-75.99999999998718,3.499999999978513
2015-02,1423252800000,1423252800727,1423256400383,SHORT,1.13188,1.132,-10.000000000021103,-11.999999999989797,1.9999999999686935
2015-02,1423257300000,1423257300150,1423432803237,SHORT,1.13189,1.1298,222.00000000003328,209.00000000001472,13.00000000001856
2015-02,1423433700000,1423433700179,1423437300223,LONG,1.13076,1.13191,125.99999999998168,114.99999999999844,10.999999999983245
2015-02,1423438200000,1423438202511,1423441800480,LONG,1.13224,1.13225,4.000000000004,1.0000000000065512,2.999999999997449
2015-02,1423442700000,1423442700028,1423446315008,LONG,1.13178,1.13228,52.50000000001087,49.99999999999449,2.500000000016378
2015-02,1423448100000,1423448114817,1423451700058,LONG,1.13333,1.13372,42.0000000000087,39.00000000001125,2.999999999997449
2015-02,1423452600000,1423452600001,1423456200414,SHORT,1.13374,1.13338,38.50000000000797,35.999999999991594,2.500000000016378
2015-02,1423457100000,1423457104055,1423460701149,LONG,1.13347,1.13367,23.00000000001745,19.999999999997797,3.0000000000196536
2015-02,1423461600000,1423461600771,1423465200200,SHORT,1.13375,1.13234,142.50000000000097,141.00000000001333,1.4999999999876366
2015-02,1423466100000,1423466100512,1423469702144,SHORT,1.13317,1.13523,-204.00000000000418,-205.99999999999508,1.999999999990905
2015-02,1423470600000,1423470600464,1423474200175,LONG,1.13535,1.13457,-73.99999999999629,-78.00000000000028,4.000000000003993
2015-02,1423475100000,1423475101214,1423478700166,LONG,1.13471,1.13323,-143.99999999998857,-148.00000000001478,4.000000000026205
2015-02,1423479600000,1423479600029,1423483200018,SHORT,1.1319,1.13116,75.99999999998718,73.99999999999629,1.9999999999908908
2015-02,1423484100000,1423484103978,1423487700143,LONG,1.13186,1.12748,-435.4999999999887,-438.00000000000506,2.500000000016371
2015-02,1423488600000,1423488600209,1423492200156,LONG,1.12839,1.13091,255.5000000000085,252.0000000000078,3.5000000000007105
2015-02,1423493100000,1423493100459,1423496700304,LONG,1.13309,1.13345,37.99999999998249,36.0000000000138,1.9999999999686935
2015-02,1423497600000,1423497600435,1423501200530,SHORT,1.13353,1.13161,196.50000000002166,191.99999999999218,4.500000000029473
2015-02,1423502100000,1423502102008,1423505709560,LONG,1.13207,1.1332,116.00000000000499,113.00000000000753,2.9999999999974563
2015-02,1423506600000,1423506600312,1423510200460,LONG,1.13393,1.13399,9.999999999976694,5.999999999994898,3.999999999981796
2015-02,1423511100000,1423511100413,1423514700145,LONG,1.13483,1.13203,-278.00000000000045,-279.99999999999136,1.999999999990905
2015-02,1423515600000,1423515600257,1423519200029,LONG,1.13238,1.13236,10.000000000021103,-1.999999999990898,12.000000000012001
2015-02,1423520100000,1423520130250,1423523722284,SHORT,1.13255,1.13267,-9.000000000014552,-12.000000000012001,2.999999999997449
2015-02,1423524600000,1423524603601,1423528202134,SHORT,1.13336,1.13324,14.500000000006175,11.999999999989797,2.500000000016378
2015-02,1423529100000,1423529108748,1423532700237,LONG,1.13344,1.13334,-7.50000000002693,-9.999999999998899,2.499999999971969
2015-02,1423533600000,1423533600040,1423537200023,SHORT,1.13283,1.13401,-116.00000000000499,-117.99999999999588,1.9999999999908908
2015-02,1423538100000,1423538105300,1423541702703,SHORT,1.13386,1.13375,14.000000000002899,11.00000000000545,2.999999999997449
2015-02,1423542600000,1423542614693,1423546200590,LONG,1.13373,1.13344,-26.499999999973767,-28.999999999990145,2.500000000016378
2015-02,1423547100000,1423547124696,1423550704022,LONG,1.13325,1.13333,11.999999999989797,7.999999999985796,4.000000000004
2015-02,1423551600000,1423551600317,1423555200126,SHORT,1.13294,1.13305,-6.499999999998174,-10.999999999983245,4.4999999999850715
2015-02,1423556100000,1423556102771,1423559700604,LONG,1.13324,1.13093,-227.5000000000027,-231.0000000000034,3.5000000000007105
2015-02,1423560600000,1423560600118,1423564200460,LONG,1.12989,1.12813,-173.5000000000042,-175.99999999999838,2.4999999999941735
2015-02,1423565100000,1423565101980,1423568700010,LONG,1.12888,1.12812,-73.50000000001522,-76.0000000000094,2.4999999999941735
2015-02,1423569600000,1423569600329,1423573200198,SHORT,1.12781,1.12886,-100.49999999999227,-104.99999999999955,4.500000000007276
2015-02,1423574100000,1423574100242,1423577700175,SHORT,1.12969,1.13046,-73.00000000001194,-76.99999999999375,3.99999999998181
2015-02,1423578600000,1423578600212,1423582200048,LONG,1.13,1.13033,36.0000000000138,33.00000000001635,2.999999999997449
2015-02,1423583100000,1423583100385,1423586700600,LONG,1.13148,1.13144,-0.9999999999843467,-4.000000000004,3.0000000000196536
2015-02,1423587600000,1423587600733,1423591200522,LONG,1.13146,1.1312,-22.500000000014175,-25.999999999992696,3.4999999999785203
2015-02,1423592100000,1423592100353,1423595716332,SHORT,1.13101,1.13229,-124.99999999997513,-127.99999999999478,3.0000000000196536
2015-02,1423596600000,1423596601150,1423600200915,LONG,1.13216,1.13182,-31.500000000006523,-34.000000000000696,2.4999999999941735
2015-02,1423601100000,1423601100543,1423604701431,SHORT,1.13193,1.13141,55.500000000030525,52.000000000007596,3.500000000022929
2015-02,1423605600000,1423605600148,1423609200158,SHORT,1.13201,1.13167,43.500000000018524,34.000000000000696,9.500000000017828
2015-02,1423610100000,1423610100261,1423613703821,LONG,1.13202,1.13195,0.0,-7.0000000000014495,7.0000000000014495
2015-02,1423614600000,1423614602851,1423618204688,LONG,1.13192,1.13284,94.00000000001629,92.00000000000318,2.0000000000131024
2015-02,1423619100000,1423619100596,1423622700290,LONG,1.13295,1.1325,-41.000000000002146,-44.99999999998394,3.999999999981796
2015-02,1423623600000,1423623603655,1423627200245,SHORT,1.13243,1.13189,57.49999999999922,53.999999999998494,3.5000000000007248
2015-02,1423628100000,1423628102838,1423631703399,LONG,1.1322,1.13154,-62.99999999999084,-66.00000000001049,3.0000000000196465
2015-02,1423632600000,1423632613793,1423636207318,LONG,1.13156,1.13183,30.49999999999997,26.999999999999247,3.5000000000007248
2015-02,1423637100000,1423637102126,1423640700785,LONG,1.132,1.13068,-129.00000000000134,-131.99999999999878,2.999999999997442
2015-02,1423641600000,1423641600161,1423645200875,LONG,1.13207,1.13125,-79.99999999999119,-81.9999999999821,1.999999999990905
2015-02,1423646100000,1423646100974,1423649700480,SHORT,1.13161,1.13144,19.999999999997797,17.000000000000348,2.999999999997449
2015-02,1423650600000,1423650600878,1423654200278,SHORT,1.13068,1.12987,83.49999999999191,80.99999999999774,2.4999999999941735
2015-02,1423655100000,1423655100779,1423658700161,LONG,1.12964,1.1309,128.49999999997584,126.0000000000039,2.4999999999719478
2015-02,1423659600000,1423659600976,1423663200290,SHORT,1.13085,1.13151,-63.99999999999739,-66.00000000001049,2.0000000000130953
2015-02,1423664100000,1423664100012,1423667700596,LONG,1.1312,1.12954,-164.00000000000858,-165.9999999999995,1.999999999990905
2015-02,1423668600000,1423668600003,1423672200519,SHORT,1.12913,1.1305,-134.50000000001518,-137.00000000000932,2.499999999994145
2015-02,1423673100000,1423673115462,1423676700110,LONG,1.13031,1.12908,-120.49999999996786,-122.99999999998423,2.500000000016371
2015-02,1423677600000,1423677600029,1423681200415,LONG,1.1294,1.13066,128.49999999997584,126.0000000000039,2.4999999999719478
2015-02,1423682100000,1423682100695,1423685700487,SHORT,1.13053,1.13023,32.999999999994145,29.999999999996696,2.999999999997449
2015-02,1423686600000,1423686600523,1423690200380,SHORT,1.13021,1.12946,78.50000000000357,75.00000000000284,3.5000000000007248
2015-02,1423691100000,1423691100402,1423694704014,SHORT,1.132,1.13311,-103.50000000001191,-111.00000000001664,7.500000000004732
2015-02,1423695600000,1423695602340,1423699208539,SHORT,1.13302,1.13111,193.500000000002,190.99999999998562,2.500000000016371
2015-02,1423700100000,1423700102494,1423703725643,LONG,1.13164,1.13138,-22.999999999973042,-25.999999999992696,3.0000000000196536
2015-02,1423704600000,1423704600597,1423708207689,LONG,1.13138,1.13119,-15.499999999990521,-19.00000000001345,3.500000000022929
2015-02,1423709100000,1423709103787,1423712712413,SHORT,1.13117,1.13123,-3.5000000000007248,-5.999999999994898,2.4999999999941735
2015-02,1423713600000,1423713601709,1423717205496,SHORT,1.13134,1.13119,17.999999999984695,15.00000000000945,2.9999999999752447
2015-02,1423718100000,1423718107607,1423721700579,LONG,1.13102,1.13139,40.99999999997994,36.999999999998145,3.999999999981796
2015-02,1423722600000,1423722600615,1423726201156,LONG,1.13142,1.13204,64.49999999997846,61.99999999998429,2.4999999999941664
2015-02,1423727100000,1423727100895,1423730700617,LONG,1.13303,1.13279,-21.50000000002983,-24.000000000001798,2.499999999971969
2015-02,1423731600000,1423731600067,1423735200042,SHORT,1.13226,1.13441,-210.99999999998343,-214.99999999998744,4.0000000000040075
2015-02,1423736100000,1423736100299,1423739703047,LONG,1.13403,1.13391,-8.999999999992347,-12.000000000012001,3.0000000000196536
2015-02,1423740600000,1423740600553,1423744200411,LONG,1.13385,1.13409,27.00000000002145,24.000000000001798,3.0000000000196536
2015-02,1423745100000,1423745100442,1423748700033,SHORT,1.13405,1.13655,-248.00000000002598,-249.99999999999466,1.9999999999686793
2015-02,1423749600000,1423749600144,1423753200067,SHORT,1.13506,1.13842,-331.999999999999,-336.00000000000296,4.000000000003979
2015-02,1423754100000,1423754100291,1423757700215,LONG,1.13786,1.13865,81.9999999999821,78.99999999998464,2.9999999999974563
2015-02,1423758600000,1423758600017,1423762200101,LONG,1.13955,1.14078,123.99999999999079,122.99999999998423,1.0000000000065654
2015-02,1423763100000,1423763100775,1423766700690,SHORT,1.13982,1.1388,105.00000000002174,102.00000000000209,3.0000000000196536
2015-02,1423767600000,1423767600234,1423771200124,LONG,1.13947,1.1413,184.9999999999685,182.99999999999983,1.9999999999686793
2015-02,1423772100000,1423772100949,1423775702656,SHORT,1.14121,1.14086,37.50000000000142,35.00000000000725,2.4999999999941735
2015-02,1423776600000,1423776600351,1423780200611,SHORT,1.14019,1.14021,6.000000000017103,-1.999999999990898,8.000000000008
2015-02,1423781100000,1423781100181,1423784709904,LONG,1.14006,1.14028,25.999999999992696,21.999999999988695,4.000000000004
2015-02,1423785600000,1423785602640,1423789200424,SHORT,1.14037,1.14006,34.000000000000696,31.000000000003247,2.999999999997449
2015-02,1423790100000,1423790101752,1423793714845,SHORT,1.13946,1.14018,-69.49999999998902,-72.0000000000054,2.500000000016385
2015-02,1423794600000,1423794600172,1423798200692,LONG,1.13969,1.13995,28.999999999990145,25.999999999992696,2.999999999997449
2015-02,1423799100000,1423799100897,1423802700542,SHORT,1.14066,1.14228,-159.00000000002024,-161.99999999999548,2.9999999999752447
2015-02,1423803600000,1423803601602,1423807200195,LONG,1.14297,1.14392,96.99999999999153,95.00000000000064,1.9999999999908908
2015-02,1423808100000,1423808100028,1423811702157,SHORT,1.14365,1.14214,151.99999999997436,151.00000000001222,0.9999999999621423
2015-02,1423812600000,1423812600919,1423816200031,LONG,1.14241,1.14288,51.000000000001044,46.999999999997044,4.000000000004
2015-02,1423817100000,1423817100137,1423820700925,LONG,1.14309,1.14318,12.499999999993072,9.000000000014552,3.4999999999785203
2015-02,1423821600000,1423821600009,1423825200019,SHORT,1.14315,1.14058,264.0000000000198,257.0000000000183,7.000000000001478
2015-02,1423826100000,1423826100106,1423829701178,SHORT,1.14058,1.14071,-11.500000000008725,-12.999999999996348,1.4999999999876223
2015-02,1423830600000,1423830600280,1423834200171,LONG,1.14,1.13904,-90.00000000001229,-95.999999999985,5.999999999972701
2015-02,1423835100000,1423835100529,1423838700255,SHORT,1.13947,1.14039,-87.99999999999919,-92.00000000000318,4.000000000003993
2015-02,1423839600000,1423839600030,1423843200298,LONG,1.14046,1.14028,-16.499999999997073,-18.0000000000069,1.5000000000098268
2015-02,1423844100000,1423844100133,1423847701634,LONG,1.14089,1.14088,1.0000000000065512,-1.0000000000065512,2.0000000000131024
2015-02,1423848600000,1423848600389,1423852200499,LONG,1.14,1.1397,-28.49999999998687,-29.999999999996696,1.5000000000098268
2015-02,1423853100000,1423853100595,1423856702413,LONG,1.13944,1.13926,-14.999999999987246,-18.0000000000069,3.0000000000196536
2015-02,1423857600000,1423857600009,1423861200186,SHORT,1.1389,1.13989,-95.50000000002612,-99.00000000000463,3.499999999978513
2015-02,1423862100000,1423862100357,1424037601390,LONG,1.13962,1.1399,53.999999999998494,27.999999999983594,26.0000000000149
2015-02,1424038500000,1424038502299,1424042100797,SHORT,1.13945,1.1394,21.500000000007624,5.000000000010552,16.499999999997073
2015-02,1424043000000,1424043000231,1424046616070,LONG,1.13935,1.1411,182.50000000001876,174.99999999999181,7.500000000026944
2015-02,1424047500000,1424047501561,1424051107955,LONG,1.14097,1.14059,-35.00000000000725,-38.0000000000047,2.999999999997449
2015-02,1424052900000,1424052900965,1424056504279,LONG,1.14063,1.14178,117.49999999999261,114.99999999999844,2.4999999999941735
2015-02,1424057400000,1424057400125,1424061000793,LONG,1.14173,1.14158,-11.499999999986521,-14.999999999987246,3.5000000000007248
2015-02,1424061900000,1424061905778,1424065511060,LONG,1.14179,1.1411,-66.00000000001049,-69.00000000000794,2.9999999999974563
2015-02,1424066400000,1424066400355,1424070000114,SHORT,1.1414,1.14178,-32.49999999999087,-38.0000000000047,5.500000000013827
2015-02,1424070900000,1424070903194,1424074500143,LONG,1.14144,1.14249,109.00000000000354,104.99999999999955,4.000000000003993
2015-02,1424075400000,1424075400802,1424079000482,LONG,1.14158,1.14193,38.0000000000047,34.99999999998504,3.0000000000196536
2015-02,1424079900000,1424079900526,1424083500312,LONG,1.14073,1.14123,53.00000000001415,49.99999999999449,3.0000000000196536
2015-02,1424084400000,1424084401031,1424088001867,SHORT,1.14157,1.1417,-9.999999999976694,-12.999999999996348,3.0000000000196536
2015-02,1424088900000,1424088902141,1424092500094,LONG,1.1415,1.14087,-59.99999999999339,-62.99999999999084,2.999999999997449
2015-02,1424093400000,1424093400126,1424097006871,LONG,1.14047,1.14082,36.999999999998145,34.99999999998504,2.0000000000131024
2015-02,1424097900000,1424097900928,1424101500767,LONG,1.14112,1.14082,-26.49999999999597,-29.999999999996696,3.5000000000007248
2015-02,1424102400000,1424102400172,1424106000513,SHORT,1.14039,1.13732,309.500000000007,306.9999999999906,2.500000000016371
2015-02,1424106900000,1424106901376,1424110500508,LONG,1.13739,1.1337,-362.4999999999989,-368.9999999999971,6.499999999998181
2015-02,1424111400000,1424111400146,1424115000651,LONG,1.1323,1.13293,69.49999999998902,62.99999999999084,6.499999999998174
2015-02,1424115900000,1424115900360,1424119505719,LONG,1.13423,1.13454,36.99999999997594,31.000000000003247,5.999999999972694
2015-02,1424120400000,1424120400254,1424124000408,LONG,1.13473,1.13553,85.99999999998609,79.99999999999119,5.999999999994898
2015-02,1424124900000,1424124900629,1424128500501,LONG,1.13525,1.1348,-29.999999999996696,-45.000000000006146,15.00000000000945
2015-02,1424129400000,1424129400311,1424133001230,LONG,1.13402,1.13345,-52.000000000007596,-56.99999999999594,4.999999999988347
2015-02,1424133900000,1424133913768,1424137501254,LONG,1.13294,1.13369,78.49999999998136,75.00000000000284,3.499999999978513
2015-02,1424138400000,1424138400170,1424142002400,LONG,1.13374,1.13529,158.0000000000137,154.99999999999403,3.000000000019668
2015-02,1424142900000,1424142903726,1424146500181,SHORT,1.13489,1.13625,-133.5000000000086,-136.00000000000279,2.4999999999941735
2015-02,1424147400000,1424147405829,1424151003001,LONG,1.13632,1.1361,-19.500000000016726,-21.999999999988695,2.499999999971969
2015-02,1424151900000,1424151902875,1424155500615,SHORT,1.13607,1.13512,97.00000000001374,95.00000000000064,2.0000000000131024
2015-02,1424156400000,1424156400205,1424160000044,LONG,1.13486,1.13515,32.49999999999087,29.00000000001235,3.4999999999785203
2015-02,1424160900000,1424160900713,1424164500276,LONG,1.13486,1.13765,280.9999999999757,279.00000000000705,1.9999999999686793
2015-02,1424165400000,1424165400383,1424169000455,SHORT,1.13854,1.13852,3.5000000000007248,2.0000000000131024,1.4999999999876223
2015-02,1424169900000,1424169900119,1424173500319,SHORT,1.13896,1.14223,-322.50000000000335,-327.00000000001063,4.500000000007276
2015-02,1424174400000,1424174400278,1424178000498,LONG,1.14395,1.14265,-127.00000000001043,-130.0000000000079,2.9999999999974705
2015-02,1424178900000,1424178900031,1424182502850,LONG,1.14151,1.14287,139.50000000000352,136.00000000000279,3.500000000000739
2015-02,1424183400000,1424183400273,1424187000217,LONG,1.14098,1.13845,-251.5000000000045,-253.00000000001432,1.500000000009834
2015-02,1424187900000,1424187900415,1424191504149,LONG,1.13905,1.13945,43.49999999999632,40.0000000000178,3.4999999999785203
2015-02,1424193300000,1424193302616,1424196900260,SHORT,1.13937,1.14152,-211.4999999999867,-215.00000000000963,3.5000000000229363
2015-02,1424197800000,1424197800450,1424201402953,SHORT,1.13971,1.14031,-56.99999999997374,-59.99999999999339,3.0000000000196536
2015-02,1424202300000,1424202300325,1424205900652,SHORT,1.14099,1.14184,-83.00000000001084,-85.00000000000173,1.9999999999908908
2015-02,1424206800000,1424206800350,1424210400093,LONG,1.14184,1.14111,-65.49999999998502,-72.99999999998974,7.500000000004718
2015-02,1424211300000,1424211302990,1424214900563,SHORT,1.14114,1.14055,67.50000000002032,59.000000000009045,8.500000000011276
2015-02,1424215800000,1424215800394,1424219415044,SHORT,1.14032,1.14033,3.0000000000196536,-1.0000000000065512,4.000000000026205
2015-02,1424220300000,1424220301697,1424223911981,LONG,1.14032,1.14012,-18.49999999998797,-19.999999999997797,1.5000000000098268
2015-02,1424225700000,1424225701128,1424229301693,SHORT,1.13988,1.14048,-55.499999999986116,-59.99999999999339,4.500000000007276
2015-02,1424230200000,1424230202097,1424233831647,LONG,1.14045,1.14032,-9.499999999995623,-12.999999999996348,3.5000000000007248
2015-02,1424234700000,1424234733242,1424238301681,SHORT,1.14038,1.14054,-12.499999999993072,-16.000000000016,3.500000000022929
2015-02,1424239200000,1424239200092,1424242800293,SHORT,1.14105,1.13966,141.4999999999944,139.00000000000023,2.4999999999941735
2015-02,1424243700000,1424243701625,1424247300810,SHORT,1.13952,1.13902,52.50000000001087,50.0000000000167,2.4999999999941735
2015-02,1424248200000,1424248205855,1424251800680,LONG,1.13897,1.14021,126.49999999998496,123.99999999999079,2.4999999999941735
2015-02,1424252700000,1424252700294,1424256300820,LONG,1.13955,1.13867,-86.50000000001157,-87.99999999999919,1.4999999999876223
2015-02,1424257200000,1424257201289,1424260800754,SHORT,1.13881,1.13706,179.00000000001802,175.00000000001404,4.000000000003979
2015-02,1424261700000,1424261700755,1424265300232,SHORT,1.13703,1.13719,-14.000000000002899,-15.999999999993797,1.999999999990898
2015-02,1424266200000,1424266200250,1424269800294,SHORT,1.13726,1.13776,-39.00000000001125,-50.0000000000167,11.00000000000545
2015-02,1424270700000,1424270703784,1424274301196,SHORT,1.13721,1.13592,133.5000000000086,129.00000000000134,4.500000000007276
2015-02,1424275200000,1424275200639,1424278800460,LONG,1.13608,1.1341,-195.9999999999962,-197.99999999998707,1.9999999999908766
2015-02,1424279700000,1424279700515,1424283300674,SHORT,1.13394,1.13426,-28.49999999998687,-32.0000000000098,3.500000000022929
2015-02,1424284200000,1424284200319,1424287800339,LONG,1.1343,1.13947,518.4999999999773,516.9999999999897,1.4999999999876081
2015-02,1424288700000,1424288702547,1424292300211,SHORT,1.13914,1.14045,-129.00000000000134,-130.99999999999224,1.999999999990905
2015-02,1424293200000,1424293200181,1424296800152,SHORT,1.14001,1.13978,29.99999999997449,22.999999999995246,6.999999999979245
2015-02,1424297700000,1424297700190,1424301301510,LONG,1.14056,1.14014,-35.00000000000725,-42.0000000000087,7.0000000000014495
2015-02,1424302200000,1424302200321,1424305800950,SHORT,1.14003,1.14001,7.500000000004725,2.0000000000131024,5.499999999991623
2015-02,1424306700000,1424306700636,1424310300610,SHORT,1.13997,1.14163,-162.50000000002098,-165.9999999999995,3.499999999978513
2015-02,1424311200000,1424311202102,1424314800910,SHORT,1.14162,1.1422,-53.00000000001415,-58.000000000002494,4.999999999988347
2015-02,1424316600000,1424316600598,1424320232031,LONG,1.14213,1.14192,-18.0000000000069,-21.00000000000435,2.999999999997449
2015-02,1424321100000,1424321100507,1424324702359,LONG,1.14183,1.14147,-32.0000000000098,-35.999999999991594,3.999999999981796
2015-02,1424325600000,1424325618024,1424329200639,SHORT,1.14195,1.14137,60.49999999997446,58.000000000002494,2.499999999971969
2015-02,1424330100000,1424330100231,1424333701665,SHORT,1.14185,1.14218,-30.999999999981043,-32.999999999994145,2.0000000000131024
2015-02,1424334600000,1424334600444,1424338201884,LONG,1.14399,1.14361,-35.49999999998832,-38.0000000000047,2.500000000016378
2015-02,1424339100000,1424339100448,1424342700187,SHORT,1.14185,1.14048,139.9999999999846,137.00000000000932,2.999999999975273
2015-02,1424343600000,1424343600418,1424347200002,SHORT,1.13978,1.13961,18.999999999991246,17.000000000000348,1.999999999990898
2015-02,1424348100000,1424348100011,1424351700206,LONG,1.13723,1.13861,141.99999999999767,137.9999999999937,4.000000000003979
2015-02,1424352600000,1424352601209,1424356200540,SHORT,1.13811,1.13769,49.00000000001015,41.99999999998649,7.000000000023654
2015-02,1424357100000,1424357101635,1424360700043,LONG,1.13798,1.13941,145.4999999999984,143.00000000000423,2.4999999999941735
2015-02,1424361600000,1424361600042,1424365200270,LONG,1.13895,1.13919,26.999999999999247,24.000000000001798,2.999999999997449
2015-02,1424366100000,1424366103695,1424369700137,SHORT,1.13766,1.13788,-19.00000000001345,-22.0000000000109,2.999999999997449
2015-02,1424370600000,1424370600758,1424374205340,LONG,1.13696,1.13616,-76.99999999997154,-79.99999999999119,3.0000000000196536
2015-02,1424375100000,1424375100248,1424378714767,SHORT,1.13612,1.13617,-1.0000000000065512,-4.999999999988347,3.999999999981796
2015-02,1424379600000,1424379600134,1424383200118,SHORT,1.13596,1.13688,-86.50000000001157,-91.99999999998099,5.499999999969418
2015-02,1424384100000,1424384110531,1424387700116,LONG,1.13663,1.13649,-9.499999999995623,-14.000000000002899,4.500000000007276
2015-02,1424388600000,1424388612052,1424392209773,SHORT,1.13653,1.13601,56.000000000011596,52.000000000007596,4.000000000004
2015-02,1424393100000,1424393101099,1424396700667,SHORT,1.13604,1.13687,-80.50000000001667,-83.00000000001084,2.4999999999941735
2015-02,1424397600000,1424397601108,1424401200056,LONG,1.13689,1.13711,23.499999999998522,22.0000000000109,1.4999999999876223
2015-02,1424402100000,1424402102441,1424405700778,SHORT,1.13697,1.13668,30.49999999999997,29.00000000001235,1.4999999999876223
2015-02,1424406600000,1424406600316,1424410227684,SHORT,1.13666,1.13639,29.49999999999342,26.999999999999247,2.4999999999941735
2015-02,1424411100000,1424411100726,1424414728991,LONG,1.13638,1.13599,-36.0000000000138,-38.99999999998904,2.9999999999752447
2015-02,1424415600000,1424415600378,1424419200125,SHORT,1.13601,1.13559,44.50000000000287,41.99999999998649,2.500000000016378
2015-02,1424420100000,1424420100052,1424423700102,SHORT,1.1326,1.13129,133.99999999998968,131.00000000001444,2.9999999999752447
2015-02,1424424600000,1424424600772,1424428200023,LONG,1.13148,1.13421,275.9999999999874,272.99999999998994,2.999999999997442
2015-02,1424429100000,1424429100450,1424432704958,SHORT,1.13315,1.1324,78.50000000000357,75.00000000000284,3.5000000000007248
2015-02,1424433600000,1424433600136,1424437200175,SHORT,1.1321,1.1314,73.50000000001522,70.0000000000145,3.5000000000007248
2015-02,1424438100000,1424438100381,1424441700000,SHORT,1.12981,1.12895,88.50000000002467,86.0000000000083,2.500000000016371
2015-02,1424442600000,1424442600136,1424446200219,LONG,1.12941,1.13341,401.5000000000102,400.00000000000034,1.500000000009834
2015-02,1424447100000,1424447100361,1424450701278,LONG,1.13543,1.13643,102.49999999998316,100.0000000000112,2.499999999971962
2015-02,1424451600000,1424451600526,1424455200623,SHORT,1.13701,1.13928,-222.50000000001435,-226.99999999999943,4.499999999985079
2015-02,1424456100000,1424456101107,1424459700380,SHORT,1.14065,1.13913,156.99999999998494,151.9999999999966,4.999999999988347
2015-02,1424460600000,1424460600272,1424464201418,SHORT,1.14089,1.13676,417.99999999998505,412.9999999999967,4.999999999988347
2015-02,1424465100000,1424465100120,1424468700654,SHORT,1.13751,1.13753,5.500000000013827,-1.999999999990898,7.500000000004725
2015-02,1424643300000,1424643300296,1424646902033,LONG,1.13896,1.1382,-69.9999999999923,-75.99999999998718,5.999999999994884
2015-02,1424647800000,1424647811173,1424651401293,SHORT,1.13817,1.13639,181.4999999999678,177.99999999998929,3.499999999978513
2015-02,1424652300000,1424652326414,1424655908879,LONG,1.13685,1.13775,92.99999999998754,90.00000000001229,2.9999999999752447
2015-02,1424656800000,1424656803927,1424660404331,LONG,1.13778,1.1386,83.49999999999191,82.00000000000429,1.4999999999876223
2015-02,1424661300000,1424661304837,1424664905022,SHORT,1.13835,1.13835,3.0000000000196536,0.0,3.0000000000196536
2015-02,1424665800000,1424665803830,1424669400533,LONG,1.13845,1.13751,-91.49999999999991,-93.99999999999409,2.4999999999941735
2015-02,1424671200000,1424671216056,1424674800458,SHORT,1.13774,1.13757,20.500000000001073,17.000000000000348,3.5000000000007248
2015-02,1424675700000,1424675700855,1424679301331,LONG,1.13634,1.13552,-79.99999999999119,-81.9999999999821,1.999999999990905
2015-02,1424680200000,1424680200094,1424683800024,LONG,1.1342,1.1329,-126.50000000000716,-130.0000000000079,3.500000000000739
2015-02,1424684700000,1424684700800,1424688300670,LONG,1.13197,1.13065,-129.99999999998568,-131.99999999999878,2.0000000000131024
2015-02,1424689200000,1424689200367,1424692800533,LONG,1.12992,1.13122,131.99999999999878,129.99999999998568,2.0000000000131024
2015-02,1424693700000,1424693700324,1424697300290,SHORT,1.13139,1.1298,161.4999999999922,158.99999999999804,2.4999999999941735
2015-02,1424698200000,1424698200015,1424701800558,LONG,1.13098,1.13237,142.50000000002316,139.00000000000023,3.5000000000229363
2015-02,1424702700000,1424702701164,1424706301988,LONG,1.1318,1.13355,177.49999999998602,175.00000000001404,2.499999999971976
2015-02,1424707200000,1424707200100,1424710804480,LONG,1.13547,1.13447,-96.99999999996933,-99.99999999998899,3.0000000000196536
2015-02,1424711700000,1424711701007,1424715310705,SHORT,1.13386,1.13338,51.50000000000432,48.000000000003595,3.5000000000007248
2015-02,1424716200000,1424716200931,1424719801827,LONG,1.1342,1.13459,42.49999999998977,38.99999999998904,3.5000000000007248
2015-02,1424720700000,1424720701333,1424724300324,LONG,1.13355,1.13338,-15.500000000012726,-17.000000000000348,1.4999999999876223
2015-02,1424725200000,1424725200208,1424728800195,LONG,1.13321,1.13342,25.49999999998942,21.00000000000435,4.4999999999850715
2015-02,1424729700000,1424729700217,1424733307860,SHORT,1.13343,1.13382,-33.00000000001635,-39.00000000001125,5.999999999994898
2015-02,1424734200000,1424734200273,1424737807097,SHORT,1.13345,1.13354,-4.999999999988347,-8.999999999992347,4.000000000004
2015-02,1424738700000,1424738706669,1424742303492,SHORT,1.13368,1.13385,-14.500000000006175,-17.000000000000348,2.4999999999941735
2015-02,1424743200000,1424743203041,1424746800420,LONG,1.13401,1.13265,-133.99999999998968,-136.00000000000279,2.0000000000131024
2015-02,1424747700000,1424747713792,1424751300504,LONG,1.13314,1.13317,5.500000000013827,2.999999999997449,2.500000000016378
2015-02,1424753100000,1424753105173,1424756701933,LONG,1.13398,1.13344,-50.99999999997884,-53.999999999998494,3.0000000000196536
2015-02,1424757600000,1424757600177,1424761200247,SHORT,1.13297,1.13336,-36.49999999999487,-38.99999999998904,2.4999999999941735
2015-02,1424762100000,1424762102928,1424765700298,LONG,1.13298,1.13217,-79.00000000000685,-81.00000000001995,2.0000000000131024
2015-02,1424766600000,1424766600157,1424770200775,LONG,1.13181,1.13078,-101.00000000001774,-103.00000000000864,1.999999999990905
2015-02,1424771100000,1424771100347,1424774701553,SHORT,1.13104,1.13068,38.50000000000797,36.0000000000138,2.4999999999941735
2015-02,1424775600000,1424775600270,1424779200089,LONG,1.1306,1.13206,148.99999999999915,146.00000000000168,2.9999999999974705
2015-02,1424780100000,1424780100695,1424783700516,SHORT,1.13235,1.13285,-47.499999999978115,-49.99999999999449,2.500000000016378
2015-02,1424784600000,1424784604439,1424788201288,LONG,1.13283,1.13285,3.5000000000007248,1.999999999990898,1.5000000000098268
2015-02,1424789100000,1424789101702,1424792700036,SHORT,1.13258,1.13411,-150.99999999999002,-153.00000000000313,2.0000000000131024
2015-02,1424793600000,1424793600041,1424797200184,LONG,1.13386,1.13062,-322.0000000000223,-324.0000000000132,1.999999999990905
2015-02,1424798100000,1424798100791,1424801701148,LONG,1.13162,1.13367,208.49999999996703,204.99999999998852,3.499999999978513
2015-02,1424802600000,1424802604076,1424806200635,SHORT,1.13391,1.13441,-46.0000000000127,-49.99999999999449,3.999999999981796
2015-02,1424807100000,1424807101579,1424810700233,LONG,1.1339,1.13417,31.500000000006523,26.999999999999247,4.500000000007276
2015-02,1424811600000,1424811600507,1424815200060,LONG,1.1343,1.134,-24.000000000001798,-30.0000000000189,6.000000000017103
2015-02,1424816100000,1424816100532,1424819706177,SHORT,1.13415,1.13376,45.50000000000942,38.99999999998904,6.500000000020378
2015-02,1424821500000,1424821504409,1424825108440,SHORT,1.13402,1.13481,-76.49999999999046,-79.00000000000685,2.500000000016385
2015-02,1424826000000,1424826000251,1424829600878,LONG,1.1349,1.13451,-36.999999999998145,-39.00000000001125,2.0000000000131024
2015-02,1424830500000,1424830501773,1424834117182,SHORT,1.1344,1.13461,-18.500000000010175,-20.999999999982144,2.499999999971969
2015-02,1424835000000,1424835004788,1424838610936,LONG,1.13446,1.13452,8.000000000008,5.999999999994898,2.0000000000131024
2015-02,1424839500000,1424839501872,1424843114296,SHORT,1.13469,1.13467,4.999999999988347,1.999999999990898,2.999999999997449
2015-02,1424844000000,1424844000300,1424847600180,LONG,1.13485,1.1354,57.50000000002142,55.000000000005045,2.500000000016378
2015-02,1424848500000,1424848500103,1424852100316,SHORT,1.13748,1.13613,137.99999999997146,134.99999999999625,2.9999999999752163
2015-02,1424853000000,1424853000713,1424856600066,SHORT,1.13609,1.1375,-138.49999999999696,-140.99999999999113,2.4999999999941735
2015-02,1424857500000,1424857500159,1424861100178,SHORT,1.13672,1.13492,182.99999999999983,180.0000000000024,2.999999999997442
2015-02,1424862000000,1424862000049,1424865600366,LONG,1.13486,1.13427,-56.50000000001487,-59.000000000009045,2.4999999999941735
2015-02,1424866500000,1424866500354,1424870100290,SHORT,1.13485,1.13455,31.49999999998432,29.999999999996696,1.4999999999876223
2015-02,1424871000000,1424871002587,1424874600348,SHORT,1.1349,1.13464,28.000000000005798,25.999999999992696,2.0000000000131024
2015-02,1424875500000,1424875500064,1424879100043,SHORT,1.13465,1.1361,-143.5000000000075,-145.00000000001734,1.500000000009834
2015-02,1424880000000,1424880000183,1424883600416,LONG,1.13572,1.13622,52.49999999998867,49.99999999999449,2.4999999999941735
2015-02,1424884500000,1424884500340,1424888100279,SHORT,1.13575,1.13582,-5.500000000013827,-7.0000000000014495,1.4999999999876223
2015-02,1424889000000,1424889000242,1424892601277,SHORT,1.13562,1.13589,-24.000000000024002,-26.999999999999247,2.9999999999752447
2015-02,1424893500000,1424893500233,1424897100499,LONG,1.13616,1.136,-13.500000000021828,-16.000000000016,2.4999999999941735
2015-02,1424898000000,1424898000819,1424901600190,LONG,1.13646,1.13599,-39.999999999995595,-46.999999999997044,7.0000000000014495
2015-02,1424902500000,1424902500231,1424906103537,LONG,1.13638,1.1361,-22.49999999999197,-27.999999999983594,5.499999999991623
2015-02,1424907000000,1424907042514,1424910600692,LONG,1.13633,1.13635,4.500000000007276,1.999999999990898,2.500000000016378
2015-02,1424911500000,1424911500882,1424915104259,LONG,1.13625,1.13683,60.49999999997446,58.000000000002494,2.499999999971969
2015-02,1424916000000,1424916000125,1424919600326,LONG,1.13648,1.13685,38.99999999998904,36.999999999998145,1.999999999990898
2015-02,1424920500000,1424920506438,1424924100288,LONG,1.13665,1.13722,60.49999999997446,56.99999999999594,3.4999999999785203
2015-02,1424925000000,1424925006911,1424928609136,LONG,1.13729,1.13682,-44.0000000000218,-46.999999999997044,2.9999999999752447
2015-02,1424929500000,1424929500270,1424933100105,LONG,1.13676,1.13648,-24.500000000005073,-28.000000000005798,3.5000000000007248
2015-02,1424934000000,1424934000207,1424937601140,LONG,1.13668,1.13511,-153.00000000000313,-156.99999999998494,3.99999999998181
2015-02,1424938500000,1424938500023,1424942100403,LONG,1.13625,1.13464,-158.49999999999477,-160.99999999998892,2.499999999994145
2015-02,1424943000000,1424943000621,1424946602019,LONG,1.13515,1.13671,159.99999999998238,156.00000000000057,3.99999999998181
2015-02,1424947500000,1424947500193,1424951101606,LONG,1.13643,1.13586,-54.50000000000177,-56.99999999999594,2.4999999999941735
2015-02,1424952000000,1424952000248,1424955600499,LONG,1.13496,1.13198,-296.49999999998846,-297.9999999999983,1.500000000009834
2015-02,1424956500000,1424956500025,1424960100241,LONG,1.13162,1.12575,-584.9999999999911,-587.0000000000042,2.000000000013074
2015-02,1424961000000,1424961000072,1424964600436,LONG,1.12464,1.12051,-409.99999999999926,-413.00000000001893,3.000000000019668
2015-02,1424965500000,1424965500006,1424969100374,LONG,1.12142,1.12123,-16.000000000016,-19.00000000001345,2.999999999997449
2015-02,1424970000000,1424970000143,1424973600145,SHORT,1.12105,1.11949,157.99999999999147,156.00000000000057,1.999999999990905
2015-02,1424974500000,1424974500005,1424978100591,SHORT,1.11902,1.11967,-60.99999999999994,-65.00000000000395,4.0000000000040075
2015-02,1424979000000,1424979000932,1424982600238,LONG,1.11998,1.11976,-18.999999999991246,-21.999999999988695,2.999999999997449
2015-02,1424983500000,1424983500678,1424987100334,SHORT,1.11953,1.11983,-25.999999999992696,-30.0000000000189,4.000000000026205
2015-02,1424988000000,1424988000112,1424991600263,LONG,1.11986,1.1195,-27.500000000002522,-36.0000000000138,8.500000000011276
2015-02,1424992500000,1424992502302,1424996104924,SHORT,1.11975,1.12087,-108.49999999997806,-112.000000000001,3.5000000000229363
2015-02,1424997000000,1424997003351,1425000600213,SHORT,1.12088,1.12036,53.999999999998494,52.000000000007596,1.999999999990898
2015-02,1425001500000,1425001502275,1425005101123,SHORT,1.12043,1.1206,-14.999999999987246,-17.000000000000348,2.0000000000131024
2015-02,1425006000000,1425006000113,1425009602775,LONG,1.12086,1.1213,46.999999999997044,43.999999999999595,2.999999999997449
2015-02,1425010500000,1425010500068,1425014101182,SHORT,1.12109,1.12131,-18.500000000010175,-22.0000000000109,3.5000000000007248
2015-02,1425015000000,1425015009775,1425018600200,LONG,1.12121,1.12149,30.0000000000189,28.000000000005798,2.0000000000131024
2015-02,1425019500000,1425019502884,1425023100200,LONG,1.1212,1.12137,20.000000000020002,17.000000000000348,3.0000000000196536
2015-02,1425024000000,1425024000352,1425027600177,SHORT,1.12149,1.12182,-31.00000000002545,-32.999999999994145,1.9999999999686935
2015-02,1425028500000,1425028501005,1425032100129,LONG,1.12222,1.12066,-153.50000000000642,-156.00000000000057,2.499999999994145
2015-02,1425033000000,1425033001138,1425036600409,SHORT,1.12257,1.12349,-88.99999999998354,-92.00000000000318,3.0000000000196394
2015-02,1425037500000,1425037500201,1425041100397,LONG,1.12342,1.1227,-69.49999999998902,-72.0000000000054,2.500000000016385
2015-02,1425042000000,1425042000434,1425045600292,LONG,1.12349,1.12265,-82.50000000000756,-84.0000000000174,1.500000000009834
2015-02,1425046500000,1425046500439,1425050100079,LONG,1.1218,1.11923,-253.00000000001432,-256.99999999999613,3.99999999998181
2015-02,1425051000000,1425051000157,1425054600178,SHORT,1.12079,1.12133,-51.99999999998539,-53.999999999998494,2.0000000000131024
2015-02,1425055500000,1425055500219,1425059100387,LONG,1.12051,1.11901,-146.49999999998275,-149.9999999999835,3.500000000000739
2015-02,1425060000000,1425060000154,1425063600165,LONG,1.1195,1.12058,111.00000000001664,107.99999999999699,3.0000000000196536
2015-02,1425064500000,1425064500122,1425068100264,LONG,1.11981,1.1188,-97.49999999999481,-100.99999999999554,3.5000000000007248
2015-02,1425069000000,1425069003054,1425072600314,SHORT,1.11849,1.11931,-80.00000000001339,-82.00000000000429,1.999999999990905
2015-02,1425073500000,1425073500803,1425247219053,SHORT,1.11937,1.11826,123.49999999998751,110.99999999999443,12.49999999999308
2015-03,1425248100000,1425248104977,1425251710445,SHORT,1.11844,1.11772,78.50000000000357,72.0000000000054,6.499999999998167
2015-03,1425252600000,1425252601881,1425256209580,LONG,1.1169,1.11662,-26.0000000000149,-28.000000000005798,1.999999999990898
2015-03,1425257100000,1425257100313,1425260702431,LONG,1.11662,1.11704,45.49999999998722,42.0000000000087,3.4999999999785203
2015-03,1425261600000,1425261601632,1425265200475,LONG,1.11728,1.11714,-12.999999999996348,-14.000000000002899,1.0000000000065512
2015-03,1425266100000,1425266104706,1425269705994,LONG,1.11739,1.11769,31.49999999998432,29.999999999996696,1.4999999999876223
2015-03,1425271500000,1425271501199,1425275125313,SHORT,1.11787,1.11821,-32.49999999999087,-34.000000000000696,1.5000000000098268
2015-03,1425280500000,1425280505345,1425284100616,SHORT,1.11741,1.11808,-63.99999999997519,-66.99999999999484,3.0000000000196536
2015-03,1425285000000,1425285000030,1425288602481,SHORT,1.11942,1.11971,-26.999999999999247,-28.999999999990145,1.999999999990898
2015-03,1425289500000,1425289500101,1425294004865,LONG,1.12092,1.12158,68.00000000000139,66.00000000001049,1.999999999990905
2015-03,1425294900000,1425294900052,1425298501904,SHORT,1.12226,1.12319,-90.99999999997443,-92.99999999998754,2.0000000000131024
2015-03,1425299400000,1425299400126,1425303000625,LONG,1.12382,1.12312,-67.00000000001705,-70.0000000000145,2.999999999997442
2015-03,1425303900000,1425303900135,1425307500023,SHORT,1.12167,1.12285,-114.0000000000141,-117.99999999999588,3.9999999999817817
2015-03,1425308400000,1425308400121,1425312000202,LONG,1.12158,1.1194,-214.00000000000307,-218.00000000000708,4.0000000000040075
2015-03,1425312900000,1425312900509,1425316502057,SHORT,1.11897,1.11797,102.50000000002757,100.0000000000112,2.500000000016371
2015-03,1425317400000,1425317404173,1425321000848,LONG,1.11842,1.11872,32.49999999999087,29.999999999996696,2.4999999999941735
2015-03,1425321900000,1425321903294,1425325520246,SHORT,1.11882,1.11919,-35.00000000000725,-36.999999999998145,1.999999999990898
2015-03,1425330900000,1425330939902,1425334500970,LONG,1.11827,1.11843,20.999999999982144,15.999999999993797,4.999999999988347
2015-03,1425337200000,1425337200133,1425340806666,LONG,1.11795,1.11765,-27.500000000024727,-29.999999999996696,2.499999999971969
2015-03,1425341700000,1425341700290,1425345300456,LONG,1.11782,1.11838,58.000000000002494,55.99999999998939,2.0000000000131024
2015-03,1425346200000,1425346208246,1425349810343,SHORT,1.11844,1.11908,-61.99999999998429,-63.99999999999739,2.0000000000131024
2015-03,1425350700000,1425350700144,1425354302651,SHORT,1.11936,1.11908,29.999999999996696,27.999999999983594,2.0000000000131024
2015-03,1425355200000,1425355201578,1425358811271,SHORT,1.11888,1.11986,-95.49999999998171,-97.9999999999981,2.500000000016385
2015-03,1425359700000,1425359700305,1425363300477,SHORT,1.11976,1.12008,-30.999999999981043,-31.999999999987594,1.0000000000065512
2015-03,1425364200000,1425364200035,1425367800806,LONG,1.11988,1.12019,33.500000000019625,31.000000000003247,2.500000000016378
2015-03,1425368700000,1425368700252,1425372301533,SHORT,1.12042,1.11874,171.4999999999911,167.9999999999904,3.5000000000007105
2015-03,1425373200000,1425373200710,1425376800295,LONG,1.11877,1.11724,-150.00000000000568,-153.00000000000313,2.999999999997442
2015-03,1425377700000,1425377701250,1425381300483,LONG,1.11712,1.11647,-62.499999999987566,-64.99999999998174,2.4999999999941735
2015-03,1425382200000,1425382201286,1425385800537,SHORT,1.1168,1.11593,89.50000000000901,86.99999999999264,2.500000000016371
2015-03,1425386700000,1425386700221,1425390300682,LONG,1.11627,1.11677,52.49999999998867,49.99999999999449,2.4999999999941735
2015-03,1425391200000,1425391200151,1425394800214,LONG,1.11702,1.11997,297.9999999999983,295.0000000000008,2.999999999997499
2015-03,1425395700000,1425395700814,1425399300128,SHORT,1.1194,1.11918,25.500000000011624,21.999999999988695,3.500000000022929
2015-03,1425400200000,1425400200068,1425403803117,SHORT,1.11945,1.12007,-59.99999999999339,-61.99999999998429,1.999999999990898
2015-03,1425404700000,1425404702467,1425408300304,SHORT,1.11977,1.11986,-6.500000000020378,-9.000000000014552,2.4999999999941735
2015-03,1425409200000,1425409200576,1425412800105,LONG,1.11929,1.11776,-150.49999999998676,-152.99999999998093,2.4999999999941735
2015-03,1425413700000,1425413700412,1425417311080,LONG,1.11757,1.11734,-21.500000000007624,-22.999999999995246,1.4999999999876223
2015-03,1425418200000,1425418200249,1425421800487,LONG,1.11746,1.11762,19.999999999997797,16.000000000016,3.999999999981796
2015-03,1425422700000,1425422700223,1425426302850,LONG,1.11784,1.1183,48.500000000029075,46.0000000000127,2.500000000016378
2015-03,1425427200000,1425427200347,1425434400687,LONG,1.11828,1.11786,-39.999999999995595,-41.99999999998649,1.999999999990898
2015-03,1425435300000,1425435301727,1425438900643,SHORT,1.11778,1.11759,21.500000000007624,18.999999999991246,2.500000000016378
2015-03,1425439800000,1425439812569,1425443401121,LONG,1.11758,1.11683,-73.99999999999629,-75.00000000000284,1.0000000000065512
2015-03,1425444300000,1425444302810,1425447904970,SHORT,1.1168,1.11675,7.0000000000014495,5.000000000010552,1.999999999990898
2015-03,1425448800000,1425448800060,1425452400113,SHORT,1.11694,1.11685,11.500000000008725,9.000000000014552,2.4999999999941735
2015-03,1425453300000,1425453301537,1425456901458,LONG,1.11692,1.11678,-12.500000000015277,-13.999999999980695,1.4999999999654179
2015-03,1425457800000,1425457800110,1425461400205,LONG,1.1164,1.11245,-393.50000000000216,-395.000000000012,1.500000000009834
2015-03,1425462300000,1425462300262,1425465901102,SHORT,1.11338,1.11254,86.49999999996716,83.9999999999952,2.499999999971962
2015-03,1425466800000,1425466800169,1425470401167,LONG,1.11242,1.11277,37.50000000000142,35.00000000000725,2.4999999999941735
2015-03,1425471300000,1425471300403,1425474900048,SHORT,1.11287,1.1127,31.49999999998432,17.000000000000348,14.49999999998397
2015-03,1425475800000,1425475800185,1425479400100,LONG,1.11302,1.11253,-45.99999999999049,-48.99999999998794,2.999999999997449
2015-03,1425480300000,1425480300482,1425483901391,SHORT,1.11192,1.10789,405.9999999999952,402.9999999999978,2.999999999997442
2015-03,1425484800000,1425484800029,1425488400261,LONG,1.10693,1.10693,2.4999999999941735,0.0,2.4999999999941735
2015-03,1425489300000,1425489303692,1425492900550,SHORT,1.10764,1.10712,53.99999999997629,51.99999999998539,1.999999999990898
2015-03,1425493800000,1425493800081,1425499200064,SHORT,1.10694,1.1074,-42.49999999998977,-45.99999999999049,3.5000000000007248
2015-03,1425500100000,1425500100189,1425503702620,SHORT,1.10734,1.10753,-15.999999999971593,-18.999999999991246,3.0000000000196536
2015-03,1425504600000,1425504621748,1425508201486,SHORT,1.10755,1.10812,-53.999999999998494,-56.99999999999594,2.999999999997449
2015-03,1425509100000,1425509135342,1425512718287,SHORT,1.10808,1.10797,13.000000000018552,11.00000000000545,2.0000000000131024
2015-03,1425513600000,1425513601155,1425517201259,LONG,1.10793,1.10803,11.999999999989797,9.999999999998899,1.999999999990898
2015-03,1425518100000,1425518106949,1425521700515,SHORT,1.10803,1.10758,46.999999999997044,45.000000000006146,1.999999999990898
2015-03,1425522600000,1425522609615,1425526200441,SHORT,1.10733,1.10716,19.00000000001345,17.000000000000348,2.0000000000131024
2015-03,1425527100000,1425527106218,1425531600251,SHORT,1.10716,1.10607,110.49999999999116,108.99999999998133,1.500000000009834
2015-03,1425532500000,1425532501830,1425536100895,LONG,1.10576,1.10396,-178.49999999999255,-180.0000000000024,1.500000000009834
2015-03,1425537000000,1425537000065,1425546000883,SHORT,1.10366,1.1045,-80.99999999999774,-83.9999999999952,2.9999999999974563
2015-03,1425546900000,1425546902041,1425550504960,SHORT,1.10456,1.10388,71.00000000002105,68.00000000000139,3.0000000000196536
2015-03,1425551400000,1425551401441,1425555000338,SHORT,1.10463,1.10474,-8.000000000008,-11.00000000000545,2.999999999997449
2015-03,1425555900000,1425555900085,1425560400071,LONG,1.10458,1.10615,160.00000000000458,157.00000000000713,2.999999999997442
2015-03,1425561300000,1425561300183,1425564900084,SHORT,1.10696,1.1015,549.4999999999806,546.000000000002,3.499999999978513
2015-03,1425565800000,1425565800059,1425569400003,SHORT,1.10276,1.10444,-165.9999999999995,-168.0000000000126,2.0000000000131024
2015-03,1425570300000,1425570300850,1425573900195,SHORT,1.10369,1.10114,256.99999999999613,255.00000000000523,1.999999999990905
2015-03,1425574800000,1425574800414,1425578400971,LONG,1.10055,1.10173,120.00000000003119,118.00000000001809,2.0000000000131024
2015-03,1425579300000,1425579302221,1425582900165,LONG,1.10163,1.10258,96.99999999999153,94.99999999997843,2.0000000000131024
2015-03,1425583800000,1425583800744,1425587400225,SHORT,1.1028,1.10288,-5.500000000013827,-8.000000000008,2.4999999999941735
2015-03,1425588300000,1425588301186,1425591900111,SHORT,1.10251,1.10281,-27.999999999983594,-29.999999999996696,2.0000000000131024
2015-03,1425592800000,1425592800100,1425596400167,LONG,1.10322,1.10314,8.999999999992347,-8.000000000008,17.000000000000348
2015-03,1425597300000,1425597309747,1425600900950,LONG,1.10287,1.10276,-8.50000000003348,-11.00000000000545,2.499999999971969
2015-03,1425601800000,1425601804343,1425607207725,LONG,1.10285,1.10266,-17.500000000003624,-19.00000000001345,1.5000000000098268
2015-03,1425608100000,1425608102399,1425611700506,LONG,1.10284,1.1023,-53.00000000001415,-53.999999999998494,0.9999999999843467
2015-03,1425612600000,1425612600435,1425616201101,SHORT,1.10208,1.10258,-47.500000000022524,-49.99999999999449,2.499999999971969
2015-03,1425617100000,1425617100471,1425620703171,SHORT,1.10268,1.10205,64.50000000000067,63.000000000013046,1.4999999999876223
2015-03,1425621600000,1425621602986,1425628800167,LONG,1.10225,1.10248,25.49999999998942,22.999999999995246,2.4999999999941735
2015-03,1425629700000,1425629700042,1425633300360,LONG,1.10107,1.09819,-285.00000000000193,-287.9999999999994,2.999999999997442
2015-03,1425634200000,1425634200330,1425637800094,LONG,1.09786,1.09676,-107.00000000001265,-110.00000000001009,2.999999999997442
2015-03,1425638700000,1425638700532,1425642300077,LONG,1.09696,1.09577,-116.00000000000499,-119.00000000000244,2.9999999999974563
2015-03,1425643200000,1425643200095,1425646800844,SHORT,1.0939,1.09707,-316.0000000000052,-316.99999999998954,0.9999999999843681
2015-03,1425647700000,1425647700396,1425651301778,LONG,1.09631,1.08853,-776.5000000000022,-777.9999999999898,1.4999999999876081
2015-03,1425652200000,1425652200016,1425657600408,SHORT,1.08747,1.08604,146.00000000002387,143.00000000000423,3.0000000000196394
2015-03,1425658500000,1425658500232,1425662100119,SHORT,1.08712,1.08525,190.00000000000128,187.00000000000384,2.999999999997442
2015-03,1425663000000,1425663000148,1425666603438,LONG,1.08505,1.08481,-21.49999999998542,-24.000000000001798,2.500000000016378
2015-03,1425667500000,1425667500417,1425671100178,LONG,1.08535,1.08567,36.49999999999487,31.999999999987594,4.500000000007276
2015-03,1425672000000,1425672000867,1425675600163,LONG,1.08565,1.08494,-68.50000000000466,-70.99999999999883,2.4999999999941735
2015-03,1425676500000,1425676500813,1425848406492,LONG,1.0847,1.08302,-163.00000000000205,-167.9999999999904,4.999999999988347
2015-03,1425849300000,1425849300153,1425855600274,LONG,1.08318,1.08381,73.49999999999301,62.99999999999084,10.500000000002167
2015-03,1425856500000,1425856501124,1425860101191,LONG,1.08446,1.08507,63.000000000013046,60.99999999999994,2.0000000000131024
2015-03,1425861000000,1425861001974,1425864601610,LONG,1.08548,1.08425,-121.49999999999662,-123.00000000000644,1.5000000000098197
2015-03,1425865500000,1425865509921,1425869100586,LONG,1.08395,1.08422,29.49999999999342,26.999999999999247,2.4999999999941735
2015-03,1425870000000,1425870000514,1425873617443,SHORT,1.08433,1.0838,54.99999999998284,52.99999999999194,1.999999999990898
2015-03,1425874500000,1425874515389,1425878100775,SHORT,1.08404,1.08397,8.999999999992347,6.999999999979245,2.0000000000131024
2015-03,1425879000000,1425879007472,1425882600492,LONG,1.08378,1.08535,158.50000000001697,157.00000000000713,1.500000000009834
2015-03,1425883500000,1425883501041,1425887100365,SHORT,1.08513,1.08668,-151.50000000003772,-155.00000000001623,3.499999999978513
2015-03,1425888000000,1425888000930,1425891600191,SHORT,1.08642,1.08923,-278.9999999999848,-280.9999999999979,2.000000000013074
2015-03,1425892500000,1425892500242,1425896101560,LONG,1.08867,1.09033,169.99999999998127,165.9999999999995,3.9999999999817817
2015-03,1425897000000,1425897000237,1425900602035,LONG,1.08881,1.08775,-104.50000000001847,-106.00000000000608,1.4999999999876081
2015-03,1425901500000,1425901501845,1425905100163,LONG,1.08757,1.08531,-224.000000000002,-225.99999999999287,1.9999999999908766
2015-03,1425906000000,1425906000129,1425909600623,SHORT,1.08585,1.08591,-4.000000000026205,-5.999999999994898,1.9999999999686935
2015-03,1425911400000,1425911402907,1425915000843,LONG,1.08561,1.08522,-36.99999999997594,-38.99999999998904,2.0000000000131024
2015-03,1425915900000,1425915900647,1425919500237,LONG,1.08477,1.08544,68.49999999998246,66.99999999999484,1.4999999999876223
2015-03,1425920400000,1425920401116,1425924000032,LONG,1.08476,1.08595,121.4999999999744,119.00000000000244,2.499999999971962
2015-03,1425924900000,1425924904104,1425928500263,SHORT,1.08543,1.08533,12.499999999993072,9.999999999998899,2.4999999999941735
2015-03,1425929400000,1425929400191,1425933003277,SHORT,1.08574,1.08528,46.999999999997044,45.99999999999049,1.0000000000065512
2015-03,1425933900000,1425933900516,1425937507170,SHORT,1.08534,1.0853,12.499999999993072,4.000000000004,8.499999999989072
2015-03,1425938400000,1425938400388,1425942001593,SHORT,1.08522,1.08482,48.000000000003595,40.0000000000178,7.999999999985796
2015-03,1425942900000,1425942904590,1425946500162,LONG,1.08446,1.08318,-126.49999999998496,-127.99999999999478,1.5000000000098197
2015-03,1425947400000,1425947400220,1425951001771,LONG,1.08277,1.08304,29.00000000001235,26.999999999999247,2.0000000000131024
2015-03,1425951900000,1425951906525,1425955503781,LONG,1.0833,1.08268,-59.99999999999339,-61.99999999998429,1.999999999990898
2015-03,1425956400000,1425956401024,1425960005647,LONG,1.08257,1.07986,-267.99999999997937,-270.99999999999903,3.000000000019668
2015-03,1425960900000,1425960900191,1425964501232,SHORT,1.07991,1.07976,17.000000000000348,14.999999999987246,2.0000000000131024
2015-03,1425965400000,1425965400272,1425969001320,SHORT,1.08001,1.07937,66.00000000001049,63.99999999999739,2.0000000000130953
2015-03,1425969900000,1425969900018,1425973501881,LONG,1.07964,1.08166,206.00000000001728,202.00000000001327,4.0000000000040075
2015-03,1425974400000,1425974400105,1425978000288,SHORT,1.08028,1.07584,446.9999999999974,443.99999999999994,2.999999999997442
2015-03,1425978900000,1425978900018,1425982502111,LONG,1.0762,1.07469,-147.00000000003044,-151.00000000001222,3.9999999999817817
2015-03,1425983400000,1425983400486,1425987000378,LONG,1.07543,1.07416,-123.50000000003192,-127.00000000001043,3.499999999978513
2015-03,1425987900000,1425987900232,1425991500169,SHORT,1.07417,1.07775,-356.00000000000074,-357.99999999999164,1.999999999990905
2015-03,1425992400000,1425992400098,1425996000438,LONG,1.0741,1.07687,282.0000000000045,276.9999999999939,5.000000000010573
2015-03,1425996900000,1425996900302,1426000500340,SHORT,1.07585,1.07423,163.9999999999864,161.99999999999548,1.999999999990905
2015-03,1426001400000,1426001400231,1426005000107,LONG,1.07286,1.07078,-206.49999999999835,-207.99999999998596,1.4999999999876081
2015-03,1426005900000,1426005902865,1426010400671,LONG,1.07147,1.07192,46.49999999999377,45.000000000006146,1.4999999999876223
2015-03,1426011300000,1426011301506,1426014900008,LONG,1.07177,1.06954,-219.00000000001364,-222.99999999999542,3.9999999999817817
2015-03,1426015800000,1426015800151,1426021200188,LONG,1.06946,1.06968,34.99999999998504,21.999999999988695,12.999999999996348
2015-03,1426022100000,1426022100585,1426025700224,SHORT,1.06779,1.06854,-64.0000000000196,-75.00000000000284,10.999999999983245
2015-03,1426026600000,1426026601730,1426030200964,LONG,1.06909,1.07027,119.50000000000571,117.99999999999588,1.500000000009834
2015-03,1426031100000,1426031100670,1426034701115,LONG,1.0709,1.06992,-96.00000000000719,-97.9999999999981,1.999999999990905
2015-03,1426035600000,1426035600163,1426039202940,SHORT,1.07021,1.0705,-26.999999999999247,-28.999999999990145,1.999999999990898
2015-03,1426040100000,1426040103853,1426043704099,SHORT,1.0701,1.0682,192.00000000001438,190.00000000000128,2.0000000000131024
2015-03,1426044600000,1426044601251,1426048200198,LONG,1.06843,1.06732,-109.50000000002902,-110.99999999999443,1.4999999999654108
2015-03,1426049100000,1426049104859,1426052700580,SHORT,1.06783,1.06915,-130.0000000000079,-131.99999999999878,1.9999999999908766
2015-03,1426053600000,1426053600433,1426057200473,LONG,1.0689,1.06931,44.99999999998394,41.000000000002146,3.999999999981796
2015-03,1426058100000,1426058100268,1426061700309,SHORT,1.06765,1.06523,245.0000000000063,242.00000000000887,2.999999999997442
2015-03,1426062600000,1426062600970,1426066200172,LONG,1.06546,1.0619,-354.0000000000099,-356.00000000000074,1.9999999999908482
2015-03,1426067100000,1426067100189,1426070700776,SHORT,1.06166,1.05627,541.4999999999726,539.0000000000006,2.499999999972033
2015-03,1426071600000,1426071600218,1426075200242,LONG,1.05742,1.06017,276.9999999999939,275.000000000003,1.999999999990905
2015-03,1426076100000,1426076100018,1426079700010,SHORT,1.06086,1.05771,316.99999999998954,314.99999999999864,1.999999999990905
2015-03,1426080600000,1426080600380,1426084200097,SHORT,1.05815,1.05902,-84.0000000000174,-87.00000000001484,2.999999999997442
2015-03,1426085100000,1426085102741,1426088700056,LONG,1.05841,1.05962,123.50000000000972,120.99999999999334,2.500000000016385
2015-03,1426089600000,1426089600036,1426093200212,SHORT,1.0574,1.0573,14.000000000002899,9.999999999998899,4.000000000004
2015-03,1426094100000,1426094111876,1426097706246,SHORT,1.05683,1.05345,339.99999999998477,337.99999999999386,1.999999999990905
2015-03,1426098600000,1426098600312,1426102200545,SHORT,1.0535,1.0547,-117.00000000001154,-119.99999999998678,2.9999999999752447
2015-03,1426103100000,1426103102032,1426106700271,LONG,1.05449,1.05493,46.999999999997044,43.999999999999595,2.999999999997449
2015-03,1426107600000,1426107600119,1426111200222,SHORT,1.05462,1.05456,17.999999999984695,5.999999999994898,11.999999999989797
2015-03,1426112100000,1426112103765,1426115700009,LONG,1.05454,1.0548,29.49999999999342,25.999999999992696,3.5000000000007248
2015-03,1426116600000,1426116606747,1426120202113,LONG,1.05463,1.05384,-76.49999999999046,-78.99999999998464,2.4999999999941735
2015-03,1426121100000,1426121100608,1426124701501,SHORT,1.0544,1.05422,22.0000000000109,18.0000000000069,4.000000000004
2015-03,1426125600000,1426125600057,1426129201006,LONG,1.05329,1.05079,-249.00000000001032,-250.00000000001688,1.0000000000065654
2015-03,1426130100000,1426130101241,1426133700305,SHORT,1.05191,1.05085,109.00000000000354,105.99999999998388,3.0000000000196536
2015-03,1426134600000,1426134606838,1426138202694,SHORT,1.05086,1.05164,-75.99999999998718,-78.00000000000028,2.0000000000131024
2015-03,1426139100000,1426139109735,1426142700539,SHORT,1.05174,1.05415,-238.99999999998923,-241.00000000000233,2.0000000000131024
2015-03,1426143600000,1426143600503,1426147200166,LONG,1.0568,1.06353,677.4999999999975,673.0000000000125,4.499999999984993
2015-03,1426148100000,1426148100328,1426151700280,SHORT,1.06261,1.05845,420.00000000002035,416.00000000001637,4.000000000003979
2015-03,1426152600000,1426152600026,1426156202328,LONG,1.05989,1.06026,38.99999999998904,36.999999999998145,1.999999999990898
2015-03,1426157100000,1426157100039,1426160702350,SHORT,1.06047,1.06365,-315.99999999998295,-317.9999999999961,2.000000000013131
2015-03,1426161600000,1426161600352,1426165200269,LONG,1.06391,1.06405,17.500000000003624,14.000000000002899,3.5000000000007248
2015-03,1426166100000,1426166100073,1426169700010,LONG,1.0612,1.05987,-130.0000000000079,-132.99999999998312,2.9999999999752163
2015-03,1426170600000,1426170600148,1426174200292,LONG,1.06303,1.06188,-110.50000000001336,-114.99999999999844,4.499999999985079
2015-03,1426175100000,1426175100283,1426178700773,LONG,1.06208,1.05963,-241.99999999998667,-244.9999999999841,2.999999999997442
2015-03,1426179600000,1426179600108,1426183200011,SHORT,1.06001,1.06093,-87.49999999999591,-92.00000000000318,4.500000000007276
2015-03,1426184100000,1426184100484,1426187702659,SHORT,1.0611,1.06044,68.99999999998573,65.99999999998829,2.999999999997442
2015-03,1426188600000,1426188600474,1426194000560,SHORT,1.06062,1.06355,-283.99999999999534,-293.0000000000099,9.000000000014552
2015-03,1426194900000,1426194900071,1426198509506,LONG,1.0628,1.06207,-66.99999999999484,-72.99999999998974,5.999999999994898
2015-03,1426199400000,1426199409701,1426203028180,SHORT,1.06177,1.06274,-94.00000000001629,-96.99999999999153,2.9999999999752447
2015-03,1426203900000,1426203907771,1426212004744,LONG,1.06279,1.06091,-184.9999999999685,-187.99999999998818,3.000000000019668
2015-03,1426212900000,1426212900588,1426216500315,LONG,1.0614,1.06102,-36.49999999999487,-37.99999999998249,1.4999999999876223
2015-03,1426217400000,1426217402291,1426221001884,SHORT,1.06112,1.06101,14.000000000002899,11.00000000000545,2.999999999997449
2015-03,1426221900000,1426221900075,1426225507031,SHORT,1.06034,1.05974,63.49999999999412,60.000000000015596,3.4999999999785203
2015-03,1426226400000,1426226400303,1426230000032,SHORT,1.06003,1.05793,212.00000000001216,209.9999999999991,2.000000000013074
2015-03,1426230900000,1426230900489,1426234500148,SHORT,1.05881,1.0626,-375.4999999999953,-378.999999999996,3.500000000000739
2015-03,1426235400000,1426235400452,1426239000336,LONG,1.06099,1.06001,-94.0000000000385,-98.0000000000203,3.999999999981796
2015-03,1426239900000,1426239900652,1426243500338,LONG,1.06135,1.05817,-315.5000000000019,-317.9999999999961,2.499999999994202
2015-03,1426244400000,1426244400068,1426248000520,SHORT,1.05819,1.05678,144.49999999999187,140.99999999999113,3.500000000000739
2015-03,1426248900000,1426248900160,1426252500183,SHORT,1.05663,1.05729,-62.500000000031974,-66.00000000001049,3.499999999978513
2015-03,1426253400000,1426253400400,1426257000244,SHORT,1.05715,1.05289,427.5000000000029,425.99999999999307,1.500000000009834
2015-03,1426257900000,1426257900113,1426261500023,LONG,1.05327,1.04976,-348.00000000001495,-350.9999999999902,2.999999999975273
2015-03,1426262400000,1426262400558,1426266000952,SHORT,1.05231,1.05119,113.99999999999189,112.000000000001,1.9999999999908908
2015-03,1426266900000,1426266902020,1426270500473,SHORT,1.04981,1.04829,156.50000000000387,151.9999999999966,4.500000000007276
2015-03,1426271400000,1426271400031,1426276800154,LONG,1.04846,1.04774,-68.50000000002687,-72.0000000000054,3.4999999999785274
2015-03,1426277700000,1426277701746,1426453222840,SHORT,1.04864,1.04713,157.99999999999147,151.00000000001222,6.999999999979252
2015-03,1426454100000,1426454100547,1426457702406,LONG,1.04853,1.04858,10.500000000002174,5.000000000010552,5.499999999991623
2015-03,1426458600000,1426458600622,1426462200435,SHORT,1.05029,1.04894,139.9999999999846,134.99999999999625,4.999999999988347
2015-03,1426463100000,1426463100341,1426466704478,LONG,1.0482,1.0495,132.50000000000205,130.0000000000079,2.499999999994145
2015-03,1426467600000,1426467601408,1426471200839,SHORT,1.04979,1.05272,-289.5000000000092,-293.0000000000099,3.500000000000682
2015-03,1426472100000,1426472103015,1426475702421,SHORT,1.05241,1.05149,93.99999999999409,92.00000000000318,1.999999999990905
2015-03,1426476600000,1426476600124,1426480207085,SHORT,1.05177,1.05214,-33.499999999975216,-36.999999999998145,3.500000000022929
2015-03,1426482000000,1426482000029,1426485600235,SHORT,1.05086,1.05254,-166.50000000000276,-168.0000000000126,1.500000000009834
2015-03,1426486500000,1426486513954,1426490100508,SHORT,1.05361,1.05052,312.00000000000114,309.0000000000037,2.999999999997442
2015-03,1426491000000,1426491004120,1426494600455,SHORT,1.052,1.05355,-151.4999999999933,-154.99999999999403,3.500000000000739
2015-03,1426495500000,1426495500364,1426499101335,LONG,1.05364,1.05382,22.0000000000109,18.0000000000069,4.000000000004
2015-03,1426500000000,1426500000288,1426503600130,SHORT,1.05356,1.05318,41.000000000002146,38.0000000000047,2.999999999997449
2015-03,1426504500000,1426504500353,1426508102075,SHORT,1.05343,1.05361,-15.499999999990521,-17.999999999984695,2.4999999999941735
2015-03,1426509000000,1426509000109,1426512600190,SHORT,1.0544,1.0574,-295.99999999998516,-299.99999999998914,4.000000000003979
2015-03,1426513500000,1426513500032,1426517100401,LONG,1.05841,1.05783,-56.000000000011596,-58.000000000002494,1.999999999990898
2015-03,1426518000000,1426518000005,1426521600938,SHORT,1.05635,1.0575,-111.00000000001664,-115.00000000002063,4.000000000003993
2015-03,1426522500000,1426522500518,1426526102860,LONG,1.05837,1.06026,190.99999999998562,188.9999999999947,1.999999999990905
2015-03,1426527000000,1426527000928,1426530600422,SHORT,1.05945,1.05841,108.50000000002247,103.99999999999298,4.5000000000294875
2015-03,1426531500000,1426531500691,1426535100273,SHORT,1.05831,1.05772,60.99999999999994,59.000000000009045,1.999999999990898
2015-03,1426536000000,1426536000398,1426539600264,LONG,1.05749,1.05665,-72.0000000000054,-83.9999999999952,11.999999999989797
2015-03,1426540500000,1426540530246,1426544100814,LONG,1.05701,1.05644,-51.000000000001044,-56.99999999999594,5.999999999994898
2015-03,1426545000000,1426545026769,1426548600374,LONG,1.05683,1.05777,97.49999999999481,94.00000000001629,3.4999999999785274
2015-03,1426549500000,1426549500219,1426553100302,LONG,1.05773,1.05654,-115.50000000002392,-119.00000000000244,3.4999999999785274
2015-03,1426554000000,1426554001715,1426557605721,LONG,1.05629,1.05595,-30.0000000000189,-34.000000000000696,3.999999999981796
2015-03,1426558500000,1426558501544,1426562105721,LONG,1.05632,1.05687,58.499999999983565,55.000000000005045,3.4999999999785203
2015-03,1426563900000,1426563911501,1426567501707,LONG,1.05669,1.05657,-9.499999999995623,-11.999999999989797,2.4999999999941735
2015-03,1426568400000,1426568400433,1426572001104,LONG,1.05673,1.05579,-91.99999999998099,-93.99999999999409,2.0000000000131024
2015-03,1426572900000,1426572903200,1426576500809,LONG,1.05548,1.05845,299.999999999967,296.9999999999917,2.999999999975273
2015-03,1426577400000,1426577400710,1426581000298,LONG,1.06005,1.05959,-42.49999999998977,-45.99999999999049,3.5000000000007248
2015-03,1426581900000,1426581900110,1426585501063,LONG,1.05891,1.06042,155.4999999999751,150.99999999999002,4.499999999985079
2015-03,1426586400000,1426586400159,1426593600449,LONG,1.06096,1.06146,68.00000000000139,50.0000000000167,17.999999999984695
2015-03,1426594500000,1426594500095,1426598100019,SHORT,1.06226,1.06369,-141.00000000001333,-143.00000000000423,1.999999999990905
2015-03,1426599000000,1426599000277,1426602600045,LONG,1.06302,1.06269,-30.49999999999997,-33.00000000001635,2.500000000016378
2015-03,1426603500000,1426603500104,1426607100101,SHORT,1.06237,1.0605,190.00000000000128,187.00000000000384,2.999999999997442
2015-03,1426608000000,1426608000172,1426611602144,LONG,1.06047,1.05955,-89.00000000000574,-92.00000000000318,2.999999999997442
2015-03,1426612500000,1426612500451,1426616100758,LONG,1.05948,1.05936,-7.999999999985796,-11.999999999989797,4.000000000004
2015-03,1426617000000,1426617000290,1426620600915,LONG,1.05998,1.05893,-102.50000000000537,-104.99999999999955,2.4999999999941735
2015-03,1426621500000,1426621500161,1426625103295,LONG,1.05925,1.05895,-26.499999999973767,-29.999999999996696,3.500000000022929
2015-03,1426626000000,1426626000505,1426629600204,SHORT,1.0597,1.05976,4.500000000007276,-5.999999999994898,10.500000000002174
2015-03,1426630500000,1426630505913,1426634101762,SHORT,1.05927,1.0594,-9.000000000014552,-12.999999999996348,3.999999999981796
2015-03,1426635000000,1426635000524,1426638604838,SHORT,1.0595,1.05982,-30.999999999981043,-31.999999999987594,1.0000000000065512
2015-03,1426639500000,1426639500778,1426643105604,SHORT,1.0603,1.06063,-31.00000000002545,-32.999999999994145,1.9999999999686935
2015-03,1426644000000,1426644000416,1426647600699,SHORT,1.0608,1.06081,2.4999999999941735,-1.0000000000065512,3.5000000000007248
2015-03,1426648500000,1426648504065,1426652101335,SHORT,1.06089,1.06058,32.49999999999087,31.000000000003247,1.4999999999876223
2015-03,1426653900000,1426653947505,1426657505340,LONG,1.06032,1.05893,-136.50000000000605,-139.00000000000023,2.4999999999941735
2015-03,1426658400000,1426658402479,1426662000229,LONG,1.05804,1.05937,135.9999999999806,132.99999999998312,2.9999999999974705
2015-03,1426662900000,1426662901066,1426666500028,LONG,1.05891,1.06028,139.4999999999813,136.99999999998712,2.4999999999941735
2015-03,1426667400000,1426667400796,1426671000164,LONG,1.06005,1.05985,-17.500000000003624,-19.999999999997797,2.4999999999941735
2015-03,1426671900000,1426671900437,1426675500024,SHORT,1.06091,1.06239,-144.49999999999187,-147.99999999999258,3.5000000000007105
2015-03,1426676400000,1426676400042,1426680000861,SHORT,1.06236,1.06015,233.4999999999976,221.00000000000452,12.499999999993094
2015-03,1426680900000,1426680900198,1426684500050,SHORT,1.06115,1.05904,212.00000000001216,211.00000000000563,1.000000000006537
2015-03,1426685400000,1426685400157,1426689000414,LONG,1.06049,1.06076,30.49999999999997,26.999999999999247,3.5000000000007248
2015-03,1426689900000,1426689900650,1426693500120,SHORT,1.06095,1.06378,-280.0000000000136,-282.9999999999888,2.9999999999752163
2015-03,1426698900000,1426698900488,1426702500050,SHORT,1.06634,1.07323,-686.0000000000089,-688.9999999999841,2.9999999999752163
2015-03,1426703400000,1426703401182,1426707000138,LONG,1.07516,1.07947,435.4999999999887,431.0000000000036,4.499999999985107
2015-03,1426707900000,1426707900097,1426711500474,LONG,1.08201,1.08754,559.5000000000017,553.0000000000035,6.499999999998181
2015-03,1426712400000,1426712400122,1426719600329,SHORT,1.08627,1.08238,407.0000000000018,389.0000000000171,17.99999999998471
2015-03,1426720500000,1426720500322,1426724100831,LONG,1.08322,1.0857,252.49999999998886,248.00000000000378,4.499999999985079
2015-03,1426725000000,1426725000809,1426728600174,LONG,1.09086,1.08366,-719.000000000003,-719.9999999999873,0.9999999999843112
2015-03,1426729500000,1426729500666,1426733100704,LONG,1.0827,1.08209,-56.99999999999594,-60.99999999999994,4.000000000004
2015-03,1426734000000,1426734001169,1426737600002,SHORT,1.07942,1.07687,257.0000000000183,255.00000000000523,2.000000000013074
2015-03,1426738500000,1426738505421,1426744800221,LONG,1.07739,1.07721,-14.49999999998397,-18.0000000000069,3.500000000022929
2015-03,1426745700000,1426745700468,1426749300050,LONG,1.07836,1.07535,-297.9999999999983,-300.99999999999574,2.999999999997442
2015-03,1426750200000,1426750200002,1426753800620,SHORT,1.07185,1.06528,660.4999999999972,656.9999999999965,3.500000000000682
2015-03,1426754700000,1426754700210,1426758300730,SHORT,1.06735,1.06663,75.00000000000284,72.0000000000054,2.999999999997442
2015-03,1426759200000,1426759200098,1426762800113,LONG,1.06915,1.06932,21.500000000007624,17.000000000000348,4.500000000007276
2015-03,1426763700000,1426763705765,1426767300232,LONG,1.06919,1.0676,-156.50000000000387,-158.99999999999804,2.4999999999941735
2015-03,1426768200000,1426768200189,1426771800194,LONG,1.06676,1.06681,22.0000000000109,5.000000000010552,17.000000000000348
2015-03,1426772700000,1426772700097,1426776300726,SHORT,1.06596,1.06615,-14.999999999965041,-18.999999999991246,4.000000000026205
2015-03,1426781700000,1426781701771,1426785300407,SHORT,1.06432,1.06445,-8.999999999992347,-12.999999999996348,4.000000000004
2015-03,1426786200000,1426786200309,1426789800172,SHORT,1.06445,1.06268,180.49999999998346,176.99999999998272,3.500000000000739
2015-03,1426790700000,1426790701285,1426794300583,LONG,1.06194,1.06433,242.00000000000887,238.99999999998923,3.0000000000196394
2015-03,1426795200000,1426795200941,1426798800116,LONG,1.06443,1.06585,154.49999999999076,141.99999999999767,12.499999999993094
2015-03,1426799700000,1426799700224,1426803300190,LONG,1.06551,1.06578,34.49999999998177,26.999999999999247,7.499999999982521
2015-03,1426804200000,1426804206492,1426807804169,SHORT,1.06643,1.06684,-36.49999999999487,-41.000000000002146,4.500000000007276
2015-03,1426808700000,1426808702429,1426812300288,SHORT,1.06727,1.06622,106.50000000000936,104.99999999999955,1.5000000000098197
2015-03,1426813200000,1426813202246,1426816800624,LONG,1.06698,1.06942,247.5000000000005,243.99999999999977,3.500000000000739
2015-03,1426817700000,1426817701968,1426821304680,SHORT,1.06791,1.06854,-59.99999999999339,-63.000000000013046,3.0000000000196536
2015-03,1426822200000,1426822203983,1426825808964,LONG,1.06886,1.06764,-119.50000000000571,-121.99999999999989,2.4999999999941735
2015-03,1426826700000,1426826714402,1426830302305,LONG,1.06776,1.06836,62.50000000000977,59.99999999999339,2.500000000016378
2015-03,1426831200000,1426831201224,1426834800207,LONG,1.06877,1.06697,-175.99999999999838,-180.0000000000024,4.0000000000040075
2015-03,1426835700000,1426835700032,1426839301257,LONG,1.06637,1.06676,40.99999999997994,38.99999999998904,1.999999999990898
2015-03,1426840200000,1426840200095,1426843800620,LONG,1.06749,1.06894,148.50000000001808,144.99999999999514,3.5000000000229363
2015-03,1426844700000,1426844702440,1426848300166,LONG,1.06857,1.06905,51.00000000002325,48.000000000003595,3.0000000000196536
2015-03,1426849200000,1426849200076,1426852800458,LONG,1.06928,1.07144,217.5000000000038,215.99999999999397,1.500000000009834
2015-03,1426853700000,1426853700832,1426857300031,LONG,1.07245,1.07755,513.499999999989,510.00000000001046,3.499999999978513
2015-03,1426858200000,1426858200349,1426863600022,LONG,1.07975,1.07759,-212.00000000001216,-215.99999999999397,3.99999999998181
2015-03,1426864500000,1426864500235,1426870800625,SHORT,1.07721,1.08408,-683.9999999999957,-686.9999999999932,2.999999999997499
2015-03,1426871700000,1426871700022,1426875303356,LONG,1.08548,1.08335,-211.4999999999867,-212.99999999999653,1.500000000009834
2015-03,1426876200000,1426876200170,1426879800547,SHORT,1.08243,1.08057,190.00000000000128,185.99999999999727,4.0000000000040075
2015-03,1426880700000,1426880702381,1426884301561,LONG,1.08078,1.08213,141.5000000000166,134.99999999999625,6.50000000002035
2015-03,1427058900000,1427058900544,1427062503552,SHORT,1.08528,1.08597,-63.99999999999739,-69.00000000000794,5.000000000010552
2015-03,1427063400000,1427063402443,1427067000666,SHORT,1.08439,1.08258,187.00000000000384,180.99999999998673,6.00000000001711
2015-03,1427067900000,1427067900153,1427072401426,SHORT,1.08276,1.08116,163.49999999998312,160.00000000000458,3.4999999999785416
2015-03,1427073300000,1427073300257,1427076901482,LONG,1.07952,1.07875,-73.99999999999629,-76.99999999999375,2.9999999999974563
2015-03,1427077800000,1427077801563,1427081400059,LONG,1.07878,1.08011,134.99999999999625,132.99999999998312,2.000000000013131
2015-03,1427082300000,1427082301687,1427085900881,SHORT,1.08022,1.08206,-181.00000000000892,-184.00000000000637,2.999999999997442
2015-03,1427086800000,1427086800120,1427090400121,SHORT,1.08168,1.08161,10.000000000021103,7.0000000000014495,3.0000000000196536
2015-03,1427091300000,1427091300289,1427094900275,LONG,1.08125,1.07905,-215.99999999999397,-219.99999999999798,4.0000000000040075
2015-03,1427095800000,1427095800340,1427099400149,SHORT,1.08044,1.07768,279.00000000000705,276.00000000000955,2.999999999997499
2015-03,1427100300000,1427100300270,1427103900264,LONG,1.07788,1.0822,435.0000000000076,432.0000000000102,2.999999999997442
2015-03,1427104800000,1427104801308,1427108400108,SHORT,1.08135,1.08662,-522.0000000000002,-526.9999999999886,4.999999999988404
2015-03,1427109300000,1427109300414,1427112900219,LONG,1.08604,1.08978,377.9999999999894,374.0000000000077,3.9999999999817533
2015-03,1427113800000,1427113800415,1427117400065,LONG,1.08829,1.09265,438.9999999999894,435.9999999999919,2.999999999997499
2015-03,1427118300000,1427118300286,1427121900351,SHORT,1.09264,1.09368,-100.99999999999554,-103.99999999999298,2.999999999997442
2015-03,1427122800000,1427122800020,1427126400548,LONG,1.09263,1.09272,14.000000000002899,8.999999999992347,5.000000000010552
2015-03,1427127300000,1427127301580,1427130900137,SHORT,1.09032,1.09178,-141.4999999999722,-146.00000000000168,4.500000000029473
2015-03,1427131800000,1427131805195,1427135400059,SHORT,1.09187,1.09439,-248.00000000000378,-252.0000000000078,4.0000000000040075
2015-03,1427136300000,1427136300187,1427139900161,LONG,1.09478,1.09635,161.5000000000144,156.99999999998494,4.500000000029473
2015-03,1427140800000,1427140800099,1427144400159,SHORT,1.09641,1.09468,184.50000000000966,173.00000000000094,11.500000000008725
2015-03,1427145300000,1427145306762,1427148907206,LONG,1.0948,1.09504,30.49999999999997,24.000000000001798,6.499999999998174
2015-03,1427149800000,1427149809749,1427153400362,LONG,1.09537,1.09521,-11.500000000008725,-15.999999999993797,4.4999999999850715
2015-03,1427154300000,1427154302223,1427157901036,LONG,1.09486,1.09424,-59.99999999999339,-61.99999999998429,1.999999999990898
2015-03,1427158800000,1427158800135,1427162400917,LONG,1.09386,1.09286,-97.00000000001374,-100.0000000000112,2.9999999999974563
2015-03,1427163300000,1427163303273,1427166903680,LONG,1.09221,1.09173,-44.499999999980666,-47.99999999998139,3.5000000000007248
2015-03,1427167800000,1427167800228,1427171419170,SHORT,1.09154,1.09119,38.0000000000047,34.99999999998504,3.0000000000196536
2015-03,1427172300000,1427172304429,1427175902047,SHORT,1.09196,1.09306,-107.00000000001265,-109.99999999998789,2.9999999999752447
2015-03,1427176800000,1427176800344,1427180400148,SHORT,1.09287,1.09166,125.00000000001954,120.99999999999334,4.000000000026205
2015-03,1427181300000,1427181300670,1427184900056,LONG,1.09228,1.09633,410.5000000000025,405.0000000000109,5.499999999991587
2015-03,1427185800000,1427185800127,1427189400285,LONG,1.0975,1.0984,101.49999999997661,90.00000000001229,11.499999999964317
2015-03,1427190300000,1427190300287,1427193900025,LONG,1.09626,1.0981,186.0000000000195,184.00000000000637,2.000000000013131
2015-03,1427194800000,1427194800445,1427198400077,SHORT,1.09971,1.09829,146.49999999998275,141.99999999999767,4.499999999985079
2015-03,1427199300000,1427199300223,1427202900049,LONG,1.09882,1.09507,-371.99999999999454,-374.999999999992,2.999999999997442
2015-03,1427203800000,1427203800146,1427207400168,SHORT,1.09413,1.09087,328.49999999999824,326.0000000000041,2.499999999994145
2015-03,1427208300000,1427208300267,1427211900032,LONG,1.09157,1.09051,-101.99999999997988,-105.99999999998388,4.0000000000040075
2015-03,1427212800000,1427212800070,1427216401004,LONG,1.09057,1.09225,172.0000000000166,167.9999999999904,4.000000000026205
2015-03,1427217300000,1427217300170,1427220900291,SHORT,1.09258,1.09163,97.99999999997588,95.00000000000064,2.9999999999752447
2015-03,1427221800000,1427221800321,1427225400358,SHORT,1.09231,1.09248,-11.499999999986521,-17.000000000000348,5.500000000013827
2015-03,1427226300000,1427226301837,1427229900363,LONG,1.09278,1.09187,-85.50000000000502,-91.00000000001884,5.500000000013827
2015-03,1427230800000,1427230800154,1427234400138,SHORT,1.09233,1.09193,48.49999999998467,39.999999999995595,8.499999999989072
2015-03,1427235300000,1427235302364,1427238909251,LONG,1.09168,1.09152,-10.500000000002174,-15.999999999993797,5.499999999991623
2015-03,1427239800000,1427239800400,1427243400167,LONG,1.09134,1.09113,-18.0000000000069,-21.00000000000435,2.999999999997449
2015-03,1427244300000,1427244301725,1427248800105,SHORT,1.09174,1.09294,-117.99999999999588,-120.00000000000898,2.0000000000131024
2015-03,1427249700000,1427249700264,1427253300399,LONG,1.09265,1.09363,101.00000000001774,98.0000000000203,2.999999999997442
2015-03,1427254200000,1427254200251,1427257800128,SHORT,1.09312,1.09266,49.00000000001015,46.0000000000127,2.999999999997449
2015-03,1427259600000,1427259644351,1427263200208,SHORT,1.09234,1.09261,-24.000000000001798,-26.999999999999247,2.999999999997449
2015-03,1427264100000,1427264117416,1427267700335,LONG,1.09288,1.09166,-118.99999999998023,-121.99999999999989,3.0000000000196536
2015-03,1427268600000,1427268600211,1427272200160,LONG,1.09279,1.0957,295.0000000000008,290.9999999999968,4.000000000003979
2015-03,1427273100000,1427273100463,1427277600852,SHORT,1.09615,1.09547,71.50000000000212,68.00000000000139,3.5000000000007248
2015-03,1427278500000,1427278501321,1427282100027,LONG,1.09518,1.0986,344.99999999999534,341.99999999999784,2.999999999997499
2015-03,1427283000000,1427283000021,1427286600278,SHORT,1.09823,1.09949,-111.49999999999771,-126.0000000000039,14.500000000006182
2015-03,1427287500000,1427287500107,1427291100039,LONG,1.09799,1.09694,-101.4999999999988,-104.99999999999955,3.500000000000739
2015-03,1427292000000,1427292000078,1427299200219,SHORT,1.09689,1.09855,-164.00000000000858,-165.9999999999995,1.999999999990905
2015-03,1427300100000,1427300100435,1427303704047,LONG,1.09765,1.09592,-170.49999999998454,-173.00000000000094,2.5000000000163993
2015-03,1427304600000,1427304600317,1427308200057,SHORT,1.09654,1.09679,-21.99999999996649,-24.999999999986144,3.0000000000196536
2015-03,1427309100000,1427309100880,1427313600150,SHORT,1.09622,1.09691,-65.50000000000722,-69.00000000000794,3.5000000000007248
2015-03,1427314500000,1427314500129,1427318100232,SHORT,1.09737,1.09727,19.00000000001345,9.999999999998899,9.000000000014552
2015-03,1427319000000,1427319018016,1427322600207,LONG,1.09724,1.09634,-84.0000000000174,-89.99999999999008,5.999999999972687
2015-03,1427323500000,1427323500381,1427327101167,SHORT,1.09637,1.09652,-13.500000000021828,-14.999999999987246,1.4999999999654179
2015-03,1427332500000,1427332500437,1427336100067,SHORT,1.09787,1.09747,43.00000000001525,39.999999999995595,3.0000000000196536
2015-03,1427337000000,1427337003728,1427340624461,LONG,1.09754,1.09747,-4.500000000007276,-7.0000000000014495,2.4999999999941735
2015-03,1427341500000,1427341504106,1427345100175,LONG,1.0979,1.09826,40.99999999997994,35.999999999991594,4.999999999988347
2015-03,1427346000000,1427346001242,1427349600723,SHORT,1.09902,1.09804,101.00000000003995,98.0000000000203,3.0000000000196536
2015-03,1427350500000,1427350501695,1427354100198,LONG,1.09817,1.09907,92.50000000000647,89.99999999999008,2.500000000016385
2015-03,1427355000000,1427355000832,1427358600059,SHORT,1.09934,1.10454,-514.9999999999987,-520.0000000000093,5.000000000010573
2015-03,1427359500000,1427359500263,1427363100203,LONG,1.1029,1.10356,72.0000000000054,66.00000000001049,5.9999999999949125
2015-03,1427364000000,1427364000300,1427367600256,LONG,1.10365,1.10086,-276.9999999999939,-279.00000000000705,2.000000000013131
2015-03,1427368500000,1427368500473,1427374800121,LONG,1.10004,1.09837,-164.00000000000858,-166.99999999998383,2.9999999999752447
2015-03,1427375700000,1427375700066,1427379300063,SHORT,1.09719,1.09263,460.49999999999704,456.00000000001194,4.499999999985107
2015-03,1427380200000,1427380200497,1427383800710,LONG,1.09176,1.09419,246.49999999999395,242.99999999999324,3.5000000000007105
2015-03,1427384700000,1427384700381,1427388305526,LONG,1.09278,1.0912,-155.4999999999973,-158.0000000000137,2.5000000000163993
2015-03,1427389200000,1427389200255,1427392800165,LONG,1.0921,1.08662,-545.5000000000209,-548.0000000000151,2.499999999994202
2015-03,1427393700000,1427393700420,1427397300765,LONG,1.08802,1.08761,-37.50000000000142,-41.000000000002146,3.5000000000007248
2015-03,1427398200000,1427398200102,1427407200127,SHORT,1.08783,1.08754,35.49999999998832,29.00000000001235,6.4999999999759694
2015-03,1427408100000,1427408105123,1427411700362,LONG,1.08734,1.08789,57.49999999999922,55.000000000005045,2.4999999999941735
2015-03,1427412600000,1427412600063,1427416203922,SHORT,1.088,1.08805,-1.999999999990898,-4.999999999988347,2.999999999997449
2015-03,1427417100000,1427417100887,1427420700396,SHORT,1.08896,1.08785,113.50000000001081,110.99999999999443,2.500000000016385
2015-03,1427421600000,1427421600461,1427425200556,SHORT,1.08765,1.08764,2.500000000016378,1.0000000000065512,1.5000000000098268
2015-03,1427426100000,1427426104919,1427429705151,SHORT,1.0882,1.08792,29.500000000015625,28.000000000005798,1.5000000000098268
2015-03,1427430600000,1427430600983,1427434200779,SHORT,1.08805,1.0882,-14.000000000002899,-15.00000000000945,1.0000000000065512
2015-03,1427435100000,1427435100366,1427438700386,SHORT,1.08788,1.08807,-15.500000000012726,-19.00000000001345,3.5000000000007248
2015-03,1427439600000,1427439600154,1427443200145,LONG,1.08737,1.08095,-638.9999999999895,-641.999999999987,2.999999999997499
2015-03,1427444100000,1427444100256,1427447700293,LONG,1.08135,1.08174,41.99999999996429,38.99999999998904,2.9999999999752447
2015-03,1427448600000,1427448600509,1427452200146,LONG,1.08155,1.08282,130.99999999999224,126.99999999998823,4.0000000000040075
2015-03,1427453100000,1427453100044,1427456700507,SHORT,1.0825,1.08511,-258.0000000000027,-261.0000000000001,2.999999999997442
2015-03,1427457600000,1427457600241,1427461200201,SHORT,1.08568,1.08769,-197.5000000000282,-201.00000000000674,3.4999999999785416
2015-03,1427462100000,1427462100014,1427465700289,LONG,1.08567,1.08706,142.50000000000097,139.00000000000023,3.500000000000739
2015-03,1427466600000,1427466600482,1427470200181,LONG,1.08838,1.08632,-204.00000000000418,-205.99999999999508,1.999999999990905
2015-03,1427471100000,1427471100263,1427474700077,SHORT,1.08781,1.09095,-309.500000000007,-314.00000000001427,4.500000000007276
2015-03,1427475600000,1427475600351,1427479200184,LONG,1.09187,1.09019,-165.00000000001512,-167.9999999999904,2.999999999975273
2015-03,1427480100000,1427480100085,1427486400198,SHORT,1.09035,1.08985,52.99999999999194,49.99999999999449,2.999999999997449
2015-03,1427487300000,1427487300491,1427662804651,LONG,1.08882,1.08861,-14.000000000002899,-20.999999999982144,6.999999999979245
2015-03,1427663700000,1427663700350,1427667300408,LONG,1.08897,1.08874,-19.999999999997797,-22.999999999995246,2.999999999997449
2015-03,1427668200000,1427668200123,1427671801193,SHORT,1.08936,1.08901,38.0000000000047,35.00000000000725,2.999999999997449
2015-03,1427672700000,1427672708544,1427676304009,LONG,1.08827,1.08681,-143.00000000000423,-146.00000000000168,2.999999999997442
2015-03,1427677200000,1427677201271,1427680802432,LONG,1.08777,1.08775,-0.49999999998107114,-1.999999999990898,1.5000000000098268
2015-03,1427681700000,1427681708567,1427685319952,SHORT,1.08788,1.08733,58.0000000000247,55.000000000005045,3.0000000000196536
2015-03,1427686200000,1427686200831,1427689802221,LONG,1.08704,1.08609,-90.99999999997443,-95.00000000000064,4.000000000026205
2015-03,1427690700000,1427690700032,1427694300846,SHORT,1.08644,1.08666,-17.000000000000348,-21.999999999988695,4.999999999988347
2015-03,1427695200000,1427695200154,1427698800029,SHORT,1.08725,1.08667,64.50000000000067,58.000000000002494,6.499999999998174
2015-03,1427699700000,1427699700100,1427703300976,SHORT,1.08271,1.08525,-251.00000000000122,-253.99999999999866,2.999999999997442
2015-03,1427704200000,1427704200098,1427707800440,SHORT,1.08485,1.0853,-42.49999999998977,-44.99999999998394,2.4999999999941735
2015-03,1427708700000,1427708705871,1427712300104,SHORT,1.08453,1.08519,-63.000000000013046,-66.00000000001049,2.999999999997442
2015-03,1427713200000,1427713200305,1427716800003,LONG,1.08317,1.08374,59.000000000009045,56.99999999999594,2.0000000000131024
2015-03,1427717700000,1427717700278,1427721300717,LONG,1.0845,1.08269,-179.00000000001802,-181.00000000000892,1.999999999990905
2015-03,1427722200000,1427722200210,1427725800314,LONG,1.08457,1.08383,-71.4999999999799,-73.99999999999629,2.500000000016385
2015-03,1427726700000,1427726700543,1427730300357,SHORT,1.08384,1.08122,266.0000000000107,261.9999999999845,4.000000000026205
2015-03,1427731200000,1427731200003,1427734800306,LONG,1.08171,1.08205,35.49999999998832,34.000000000000696,1.4999999999876223
2015-03,1427735700000,1427735700328,1427739302011,LONG,1.08298,1.08192,-103.50000000003412,-106.00000000000608,2.499999999971962
2015-03,1427740200000,1427740200451,1427749200040,LONG,1.08266,1.08328,69.50000000001123,62.000000000006494,7.500000000004732
2015-03,1427750100000,1427750100703,1427753700183,SHORT,1.08244,1.08268,-15.499999999990521,-24.000000000001798,8.500000000011276
2015-03,1427754600000,1427754622105,1427758200182,SHORT,1.0825,1.08249,5.499999999991623,1.0000000000065512,4.4999999999850715
2015-03,1427759100000,1427759104754,1427762701031,SHORT,1.08293,1.08313,-16.499999999997073,-19.999999999997797,3.5000000000007248
2015-03,1427768100000,1427768102130,1427774400231,LONG,1.08334,1.0803,-301.499999999999,-303.9999999999932,2.499999999994202
2015-03,1427775300000,1427775300548,1427778900302,LONG,1.07879,1.0788,3.0000000000196536,1.0000000000065512,2.0000000000131024
2015-03,1427779800000,1427779803667,1427783400135,SHORT,1.07885,1.07851,36.99999999997594,34.000000000000696,2.9999999999752447
2015-03,1427784300000,1427784300694,1427787901024,SHORT,1.07826,1.07748,82.49999999998536,78.00000000000028,4.499999999985079
2015-03,1427788800000,1427788800268,1427792400214,SHORT,1.07511,1.07241,278.00000000000045,269.9999999999925,8.000000000007958
2015-03,1427793300000,1427793300040,1427796900973,LONG,1.07253,1.0738,129.00000000000134,127.00000000001043,1.999999999990905
2015-03,1427797800000,1427797800253,1427803200263,LONG,1.07289,1.07369,83.00000000001084,80.00000000001339,2.9999999999974563
2015-03,1427804100000,1427804100144,1427807700479,LONG,1.07632,1.0743,-199.4999999999969,-201.99999999999108,2.4999999999941735
2015-03,1427808600000,1427808600251,1427812200273,SHORT,1.07378,1.07352,28.000000000005798,25.999999999992696,2.0000000000131024
2015-03,1427813100000,1427813100230,1427816700503,LONG,1.07597,1.07453,-141.4999999999944,-144.0000000000108,2.5000000000163993
2015-03,1427817600000,1427817600229,1427821200189,LONG,1.0741,1.07285,-123.00000000000644,-124.99999999999733,1.9999999999908908
2015-03,1427822100000,1427822100132,1427825700287,LONG,1.07262,1.07452,191.5000000000111,190.00000000000128,1.500000000009834
2015-03,1427826600000,1427826600133,1427830200463,LONG,1.07413,1.07475,64.50000000000067,62.000000000006494,2.4999999999941735
2015-03,1427831100000,1427831101031,1427834700553,LONG,1.07481,1.07419,-58.499999999983565,-62.000000000006494,3.500000000022929
2015-03,1427835600000,1427835600066,1427839200259,SHORT,1.07308,1.07415,-95.50000000002612,-106.99999999999044,11.499999999964317
2015-03,1427840100000,1427840100330,1427846400253,LONG,1.07386,1.07398,18.0000000000069,11.999999999989797,6.000000000017103
2015-04,1427847300000,1427847301628,1427850901903,SHORT,1.07492,1.07692,-197.99999999998707,-200.00000000000017,2.0000000000131024
2015-04,1427851800000,1427851800867,1427855400372,SHORT,1.07737,1.07772,-31.500000000006523,-35.00000000000725,3.5000000000007248
2015-04,1427856300000,1427856301420,1427859903162,SHORT,1.07784,1.07815,-28.999999999990145,-31.000000000003247,2.0000000000131024
2015-04,1427860800000,1427860801980,1427864400506,LONG,1.07819,1.07855,38.0000000000047,35.999999999991594,2.0000000000131024
2015-04,1427865300000,1427865300085,1427868900483,SHORT,1.07865,1.07823,43.49999999999632,42.0000000000087,1.4999999999876223
2015-04,1427869800000,1427869800531,1427873401250,SHORT,1.07765,1.07478,290.9999999999968,286.99999999999284,4.000000000003979
2015-04,1427874300000,1427874300349,1427877900097,SHORT,1.07488,1.07278,216.49999999997505,209.9999999999991,6.499999999975955
2015-04,1427878800000,1427878800049,1427882400189,LONG,1.07321,1.07374,57.00000000001815,52.99999999999194,4.000000000026205
2015-04,1427883300000,1427883300237,1427886900354,SHORT,1.07503,1.07577,-71.50000000000212,-73.99999999999629,2.4999999999941735
2015-04,1427887800000,1427887802400,1427891400312,SHORT,1.07561,1.07839,-274.4999999999998,-278.00000000000045,3.500000000000682
2015-04,1427892300000,1427892300357,1427895900041,SHORT,1.0777,1.07563,212.99999999999653,207.00000000000162,5.9999999999949125
2015-04,1427896800000,1427896800224,1427900400055,LONG,1.07458,1.07574,126.49999999998496,115.99999999998278,10.500000000002188
2015-04,1427901300000,1427901300243,1427904901003,SHORT,1.07701,1.07612,91.00000000001884,89.00000000000574,2.0000000000131024
2015-04,1427905800000,1427905800155,1427909400770,SHORT,1.07764,1.07748,17.500000000003624,15.999999999993797,1.5000000000098268
2015-04,1427910300000,1427910300215,1427913900326,LONG,1.07669,1.07683,15.999999999993797,14.000000000002899,1.999999999990898
2015-04,1427914800000,1427914800087,1427918400228,SHORT,1.07645,1.076,48.49999999998467,44.99999999998394,3.5000000000007248
2015-04,1427919300000,1427919300700,1427922901768,SHORT,1.07598,1.07637,-32.999999999994145,-39.00000000001125,6.000000000017103
2015-04,1427923800000,1427923800802,1427927400500,LONG,1.07661,1.0773,75.00000000000284,68.99999999998573,6.00000000001711
2015-04,1427928300000,1427928300482,1427932800209,LONG,1.077,1.07694,-2.9999999999752447,-5.999999999994898,3.0000000000196536
2015-04,1427933700000,1427933700632,1427937300059,LONG,1.07598,1.07574,-21.00000000000435,-24.000000000001798,2.999999999997449
2015-04,1427938200000,1427938200061,1427941806307,SHORT,1.07619,1.07654,-33.00000000001635,-35.00000000000725,1.999999999990898
2015-04,1427942700000,1427942700428,1427947200246,SHORT,1.07644,1.07679,-33.500000000019625,-34.99999999998504,1.4999999999654179
2015-04,1427948100000,1427948100014,1427951700020,SHORT,1.07684,1.07733,-46.499999999971564,-48.99999999998794,2.500000000016378
2015-04,1427952600000,1427952600803,1427956200173,LONG,1.07827,1.08205,381.99999999997124,377.9999999999894,3.99999999998181
2015-04,1427957100000,1427957100192,1427960700177,SHORT,1.0818,1.08285,-100.99999999999554,-104.99999999999955,4.0000000000040075
2015-04,1427966100000,1427966101483,1427969700142,SHORT,1.08104,1.08212,-106.0000000000283,-107.99999999999699,1.9999999999686935
2015-04,1427970600000,1427970600384,1427974200868,SHORT,1.08256,1.08246,15.999999999993797,9.999999999998899,5.999999999994898
2015-04,1427975100000,1427975100853,1427978700163,SHORT,1.08269,1.08259,13.500000000021828,9.999999999998899,3.500000000022929
2015-04,1427979600000,1427979600040,1427983200099,SHORT,1.08477,1.08825,-343.99999999998875,-347.9999999999928,4.000000000004036
2015-04,1427984100000,1427984100535,1427987700781,LONG,1.08757,1.08762,7.0000000000014495,5.000000000010552,1.999999999990898
2015-04,1427988600000,1427988600129,1427992200268,SHORT,1.08781,1.08796,-10.500000000002174,-15.00000000000945,4.500000000007276
2015-04,1427993100000,1427993100203,1427996700001,SHORT,1.08812,1.08919,-103.50000000003412,-107.00000000001265,3.4999999999785274
2015-04,1427997600000,1427997600147,1428001200186,SHORT,1.0889,1.08947,-53.50000000001742,-56.99999999999594,3.4999999999785203
2015-04,1428002100000,1428002100232,1428005701401,LONG,1.08864,1.08787,-73.49999999999301,-77.00000000001594,3.5000000000229363
2015-04,1428006600000,1428006600170,1428015600645,LONG,1.08825,1.0876,-60.49999999999667,-65.00000000000395,4.500000000007283
2015-04,1428016500000,1428016500131,1428020105864,SHORT,1.0873,1.08674,58.99999999998684,55.99999999998939,2.999999999997449
2015-04,1428021000000,1428021002141,1428024604029,SHORT,1.08652,1.08696,-39.50000000001452,-43.999999999999595,4.4999999999850715
2015-04,1428025500000,1428025500319,1428029108226,SHORT,1.08685,1.0868,6.4999999999759694,5.000000000010552,1.4999999999654179
2015-04,1428030000000,1428030009472,1428033600485,LONG,1.08687,1.08716,32.49999999999087,28.999999999990145,3.5000000000007248
2015-04,1428034500000,1428034502471,1428038110271,LONG,1.08755,1.0879,38.0000000000269,35.00000000000725,3.0000000000196536
2015-04,1428039000000,1428039055433,1428042600040,SHORT,1.08802,1.0883,-24.999999999986144,-28.000000000005798,3.0000000000196536
2015-04,1428043500000,1428043501121,1428047110444,LONG,1.08826,1.08801,-22.49999999999197,-25.00000000000835,2.500000000016378
2015-04,1428048000000,1428048001486,1428051600540,SHORT,1.08717,1.08798,-75.50000000000611,-80.99999999999774,5.49999999999163
2015-04,1428052500000,1428052505281,1428056101254,LONG,1.08763,1.0888,120.99999999999334,116.99999999998934,4.000000000003993
2015-04,1428057000000,1428057006235,1428060623410,LONG,1.08875,1.0883,-42.0000000000087,-45.000000000006146,2.999999999997449
2015-04,1428061500000,1428061500372,1428065100178,LONG,1.08895,1.09819,927.5000000000144,923.9999999999915,3.5000000000229647
2015-04,1428066000000,1428066000276,1428069601325,LONG,1.10064,1.09999,-62.499999999987566,-65.00000000000395,2.500000000016385
2015-04,1428070500000,1428070500688,1428074100325,LONG,1.10002,1.09893,-104.99999999999955,-109.00000000000354,4.000000000003993
2015-04,1428075000000,1428075002670,1428078600384,SHORT,1.09887,1.09786,105.50000000000281,100.99999999999554,4.500000000007276
2015-04,1428079500000,1428079503215,1428083108760,LONG,1.09742,1.09796,59.99999999999339,53.999999999998494,5.999999999994898
2015-04,1428090300000,1428090324848,1428093900165,SHORT,1.09732,1.09749,-1.0000000000065512,-17.000000000000348,15.999999999993797
2015-04,1428268500000,1428268500526,1428272103722,SHORT,1.09972,1.09938,40.49999999999887,34.000000000000696,6.499999999998174
2015-04,1428273000000,1428273015890,1428276600685,LONG,1.09922,1.10109,190.49999999998235,186.99999999998164,3.5000000000007105
2015-04,1428277500000,1428277500393,1428281100091,SHORT,1.10026,1.09936,92.50000000000647,90.00000000001229,2.4999999999941735
2015-04,1428282000000,1428282001313,1428285613413,SHORT,1.09848,1.09795,56.49999999999267,52.99999999999194,3.5000000000007248
2015-04,1428287400000,1428287405257,1428291009900,LONG,1.09793,1.09808,18.999999999991246,14.999999999987246,4.000000000004
2015-04,1428291900000,1428291901194,1428295538257,LONG,1.0984,1.09788,-49.00000000001015,-52.000000000007596,2.999999999997449
2015-04,1428296400000,1428296400252,1428300000311,SHORT,1.09772,1.09756,19.999999999997797,15.999999999993797,4.000000000004
2015-04,1428300900000,1428300913223,1428304508513,LONG,1.09815,1.09744,-66.50000000001377,-70.99999999999883,4.499999999985064
2015-04,1428305400000,1428305401996,1428309000416,SHORT,1.09746,1.09806,-56.99999999997374,-59.99999999999339,3.0000000000196536
2015-04,1428309900000,1428309919371,1428313503301,SHORT,1.09812,1.09814,1.0000000000065512,-1.999999999990898,2.999999999997449
2015-04,1428314400000,1428314400672,1428321600204,LONG,1.09806,1.09878,75.00000000000284,72.0000000000054,2.999999999997442
2015-04,1428322500000,1428322500397,1428326100042,SHORT,1.09896,1.10285,-386.00000000001967,-389.0000000000171,2.999999999997442
2015-04,1428327000000,1428327000413,1428330600626,SHORT,1.10185,1.10328,-140.0000000000068,-143.00000000000423,2.999999999997442
2015-04,1428331500000,1428331500066,1428335100702,SHORT,1.10243,1.10189,57.49999999999922,53.999999999998494,3.5000000000007248
2015-04,1428336000000,1428336000647,1428339600211,LONG,1.10069,1.09939,-127.99999999999478,-129.99999999998568,1.9999999999908908
2015-04,1428340500000,1428340500054,1428344105081,LONG,1.09907,1.09837,-66.99999999999484,-69.9999999999923,2.9999999999974563
2015-04,1428345000000,1428345000561,1428348600161,SHORT,1.0979,1.0922,572.9999999999791,570.0000000000039,2.9999999999752163
2015-04,1428349500000,1428349500371,1428353100204,SHORT,1.09265,1.09302,-34.0000000000229,-37.00000000002035,2.999999999997449
2015-04,1428354000000,1428354000297,1428357600046,LONG,1.09229,1.09338,121.49999999999662,109.00000000000354,12.49999999999308
2015-04,1428358500000,1428358500293,1428362100339,SHORT,1.09368,1.09354,16.500000000019277,14.000000000002899,2.500000000016378
2015-04,1428363000000,1428363033337,1428366602703,LONG,1.09376,1.09373,-1.0000000000065512,-2.999999999997449,1.999999999990898
2015-04,1428367500000,1428367500061,1428371102663,LONG,1.09368,1.09366,1.5000000000320313,-1.999999999990898,3.500000000022929
2015-04,1428372000000,1428372001918,1428379200955,SHORT,1.09405,1.09397,10.999999999983245,7.999999999985796,2.999999999997449
2015-04,1428380100000,1428380101650,1428383701642,LONG,1.09429,1.09238,-188.50000000001364,-191.00000000000784,2.499999999994202
2015-04,1428384600000,1428384601664,1428388200247,SHORT,1.09355,1.09327,31.00000000002545,28.000000000005798,3.0000000000196536
2015-04,1428389100000,1428389100220,1428392700154,SHORT,1.09254,1.09366,-108.99999999998133,-112.000000000001,3.000000000019668
2015-04,1428393600000,1428393600224,1428397200139,LONG,1.09229,1.08488,-736.9999999999877,-740.9999999999917,4.000000000003979
2015-04,1428398100000,1428398100199,1428401700075,SHORT,1.08614,1.08591,24.999999999986144,23.00000000001745,1.9999999999686935
2015-04,1428402600000,1428402607632,1428406200004,SHORT,1.08601,1.08668,-64.50000000002288,-67.00000000001705,2.4999999999941735
2015-04,1428407100000,1428407100206,1428410700255,SHORT,1.08739,1.0849,252.0000000000078,249.00000000001032,2.9999999999974705
2015-04,1428411600000,1428411601683,1428415200227,SHORT,1.08497,1.08687,-187.5000000000071,-190.00000000000128,2.4999999999941735
2015-04,1428416100000,1428416100226,1428419700391,SHORT,1.08744,1.08533,214.00000000000307,211.00000000000563,2.999999999997442
2015-04,1428420600000,1428420600690,1428424200273,LONG,1.08545,1.0849,-50.99999999997884,-55.000000000005045,4.000000000026205
2015-04,1428425100000,1428425100193,1428428700585,LONG,1.08487,1.084,-84.49999999999847,-86.99999999999264,2.4999999999941735
2015-04,1428429600000,1428429600252,1428436800241,LONG,1.08385,1.08162,-220.99999999998232,-222.99999999999542,2.0000000000131024
2015-04,1428437700000,1428437700466,1428441300921,SHORT,1.08113,1.08162,-42.50000000003418,-49.00000000001015,6.4999999999759694
2015-04,1428442200000,1428442201644,1428445800720,SHORT,1.08164,1.08199,-24.999999999986144,-35.00000000000725,10.000000000021103
2015-04,1428446700000,1428446726242,1428450301385,LONG,1.08173,1.0821,39.00000000001125,36.999999999998145,2.0000000000131024
2015-04,1428451200000,1428451200504,1428454800156,SHORT,1.0822,1.08323,-99.50000000000792,-102.99999999998644,3.4999999999785274
2015-04,1428455700000,1428455700186,1428459305723,LONG,1.08376,1.08307,-67.49999999999812,-69.00000000000794,1.5000000000098197
2015-04,1428460200000,1428460203771,1428463802363,LONG,1.08293,1.08356,66.49999999999156,63.000000000013046,3.499999999978513
2015-04,1428464700000,1428464703699,1428468311168,SHORT,1.08357,1.0847,-110.50000000003557,-113.00000000000753,2.499999999971962
2015-04,1428469200000,1428469201555,1428472800133,SHORT,1.08472,1.08496,-20.500000000023277,-24.000000000001798,3.4999999999785203
2015-04,1428473700000,1428473700333,1428477300425,LONG,1.08412,1.087,292.00000000000335,287.9999999999994,4.000000000003979
2015-04,1428478200000,1428478200335,1428483600096,LONG,1.08654,1.08585,-64.99999999998174,-69.00000000000794,4.000000000026205
2015-04,1428484500000,1428484500145,1428488100333,LONG,1.08617,1.08795,181.50000000001222,177.99999999998929,3.5000000000229363
2015-04,1428489000000,1428489000004,1428492600432,SHORT,1.08676,1.08569,109.99999999996568,106.99999999999044,2.9999999999752447
2015-04,1428493500000,1428493500226,1428497100561,SHORT,1.08442,1.08664,-218.49999999998815,-222.00000000001108,3.5000000000229363
2015-04,1428498000000,1428498000215,1428501600146,LONG,1.08624,1.08562,-59.99999999999339,-62.000000000006494,2.0000000000131024
2015-04,1428502500000,1428502500042,1428506100053,SHORT,1.0824,1.0806,183.5000000000031,180.0000000000024,3.5000000000007105
2015-04,1428507000000,1428507000166,1428510601260,SHORT,1.07995,1.08095,-98.0000000000203,-100.0000000000112,1.999999999990905
2015-04,1428511500000,1428511506459,1428515100198,SHORT,1.08142,1.08159,-13.499999999977419,-17.000000000000348,3.500000000022929
2015-04,1428516000000,1428516000193,1428519600187,SHORT,1.08226,1.08001,229.99999999999687,225.00000000000853,4.999999999988347
2015-04,1428520500000,1428520501561,1428524102675,SHORT,1.07933,1.07838,97.49999999999481,95.00000000000064,2.4999999999941735
2015-04,1428525000000,1428525000547,1428528600360,SHORT,1.07862,1.07807,58.499999999983565,54.99999999998284,3.5000000000007248
2015-04,1428529500000,1428529504517,1428533100432,SHORT,1.07816,1.07841,-22.0000000000109,-25.00000000000835,2.999999999997449
2015-04,1428534000000,1428534000294,1428537600280,SHORT,1.07835,1.07849,-11.500000000008725,-14.000000000002899,2.4999999999941735
2015-04,1428538500000,1428538516510,1428542100054,LONG,1.07839,1.07695,-141.5000000000166,-143.99999999998857,2.499999999971976
2015-04,1428543000000,1428543000711,1428546600377,LONG,1.07698,1.0776,65.00000000000395,61.99999999998429,3.0000000000196607
2015-04,1428547500000,1428547501736,1428551102091,SHORT,1.07734,1.07774,-38.49999999998577,-39.999999999995595,1.5000000000098268
2015-04,1428552900000,1428552901492,1428559200248,SHORT,1.07766,1.07558,211.00000000000563,208.00000000000819,2.999999999997442
2015-04,1428560100000,1428560104351,1428563701113,SHORT,1.07598,1.07719,-119.00000000000244,-121.00000000001555,2.0000000000131024
2015-04,1428564600000,1428564600168,1428568200079,LONG,1.07478,1.07404,-70.49999999999557,-73.99999999999629,3.5000000000007248
2015-04,1428569100000,1428569100722,1428572700377,LONG,1.07504,1.07334,-167.00000000002825,-170.00000000000347,2.9999999999752163
2015-04,1428573600000,1428573600703,1428577200022,LONG,1.07437,1.07626,191.00000000000784,188.9999999999947,2.000000000013131
2015-04,1428578100000,1428578100688,1428581700233,LONG,1.07738,1.07736,-0.5000000000254801,-1.999999999990898,1.4999999999654179
2015-04,1428582600000,1428582600033,1428586200382,LONG,1.07692,1.07439,-248.50000000000705,-253.00000000001432,4.500000000007276
2015-04,1428587100000,1428587100399,1428590700063,SHORT,1.07308,1.06867,444.50000000000324,441.0000000000025,3.500000000000739
2015-04,1428591600000,1428591600278,1428595200072,SHORT,1.06769,1.06706,65.00000000002615,63.000000000013046,2.0000000000131024
2015-04,1428596100000,1428596102000,1428599700101,LONG,1.0665,1.0655,-97.49999999999481,-100.0000000000112,2.500000000016385
2015-04,1428600600000,1428600600120,1428606000230,SHORT,1.06618,1.06399,221.99999999998886,218.99999999999142,2.999999999997442
2015-04,1428606900000,1428606902919,1428610500378,SHORT,1.06384,1.06593,-205.500000000014,-209.00000000001472,3.5000000000007105
2015-04,1428611400000,1428611400883,1428616800796,SHORT,1.06611,1.06626,-7.000000000023654,-15.00000000000945,7.999999999985796
2015-04,1428617700000,1428617700360,1428621300052,LONG,1.0663,1.06641,14.000000000002899,11.00000000000545,2.999999999997449
2015-04,1428622200000,1428622202045,1428625810246,SHORT,1.06623,1.06702,-77.49999999999702,-79.00000000000685,1.500000000009834
2015-04,1428626700000,1428626709695,1428630300656,SHORT,1.06741,1.06734,10.500000000002174,7.0000000000014495,3.5000000000007248
2015-04,1428631200000,1428631200042,1428634800628,LONG,1.06829,1.06707,-120.00000000000898,-121.99999999999989,1.999999999990905
2015-04,1428635700000,1428635703066,1428639302371,SHORT,1.0668,1.06782,-100.0000000000112,-102.00000000000209,1.9999999999908908
2015-04,1428640200000,1428640204700,1428643804468,SHORT,1.06793,1.06751,43.500000000018524,42.0000000000087,1.5000000000098268
2015-04,1428644700000,1428644700959,1428648300029,LONG,1.06758,1.06694,-61.499999999981014,-63.99999999999739,2.500000000016378
2015-04,1428649200000,1428649200428,1428652800008,SHORT,1.06457,1.0613,330.50000000001137,327.00000000001063,3.500000000000739
2015-04,1428653700000,1428653700025,1428660000043,LONG,1.06215,1.06118,-93.00000000000975,-96.99999999999153,3.9999999999817817
2015-04,1428660900000,1428660900104,1428664500285,LONG,1.06059,1.05825,-231.0000000000034,-234.00000000000088,2.9999999999974705
2015-04,1428665400000,1428665400632,1428669000145,LONG,1.05974,1.05846,-123.49999999998751,-127.99999999999478,4.500000000007276
2015-04,1428669900000,1428669900275,1428673500449,SHORT,1.05805,1.0611,-302.50000000000557,-304.9999999999997,2.499999999994145
2015-04,1428674400000,1428674400095,1428678000103,SHORT,1.06032,1.06227,-192.49999999999545,-195.00000000001182,2.500000000016371
2015-04,1428678900000,1428678900662,1428682501144,LONG,1.06159,1.06024,-133.5000000000086,-134.99999999999625,1.4999999999876366
2015-04,1428683400000,1428683400225,1428687002925,SHORT,1.05939,1.05843,99.00000000002684,96.00000000000719,3.0000000000196536
2015-04,1428687900000,1428687900954,1428691510090,LONG,1.0586,1.05924,65.99999999998829,63.99999999999739,1.999999999990898
2015-04,1428692400000,1428692400097,1428696000349,SHORT,1.06039,1.06087,-46.49999999999377,-48.000000000003595,1.5000000000098268
2015-04,1428696900000,1428696900741,1428872407765,LONG,1.05979,1.05853,-104.50000000001847,-126.0000000000039,21.49999999998542
2015-04,1428873300000,1428873300595,1428876909000,LONG,1.05953,1.05981,35.00000000000725,27.999999999983594,7.000000000023654
2015-04,1428877800000,1428877801862,1428881401036,LONG,1.06044,1.06137,95.999999999985,92.99999999998754,2.9999999999974563
2015-04,1428882300000,1428882301091,1428885900130,SHORT,1.06105,1.06146,-38.0000000000269,-41.000000000002146,2.9999999999752447
2015-04,1428886800000,1428886800489,1428890400053,LONG,1.0609,1.06091,2.9999999999752447,1.0000000000065512,1.9999999999686935
2015-04,1428891300000,1428891300036,1428894900205,LONG,1.05946,1.05942,-1.5000000000320313,-4.000000000004,2.499999999971969
2015-04,1428895800000,1428895815820,1428899413809,LONG,1.05991,1.05902,-86.99999999999264,-88.99999999998354,1.999999999990905
2015-04,1428900300000,1428900303268,1428903900053,SHORT,1.05943,1.05867,78.50000000000357,76.0000000000094,2.4999999999941735
2015-04,1428904800000,1428904800155,1428908400208,LONG,1.05924,1.0606,138.50000000001916,136.00000000000279,2.500000000016371
2015-04,1428909300000,1428909300319,1428912900255,LONG,1.06103,1.05723,-376.5000000000018,-380.00000000000256,3.500000000000739
2015-04,1428913800000,1428913801385,1428917400119,LONG,1.05582,1.05499,-79.99999999999119,-82.99999999998863,2.999999999997442
2015-04,1428918300000,1428918300452,1428921900025,LONG,1.0533,1.05269,-57.99999999998029,-60.99999999999994,3.0000000000196536
2015-04,1428927300000,1428927300187,1428930900126,LONG,1.05522,1.05965,444.9999999999843,442.9999999999934,1.999999999990905
2015-04,1428931800000,1428931800052,1428935400838,LONG,1.05818,1.05675,-140.50000000001006,-142.99999999998204,2.499999999971976
2015-04,1428936300000,1428936300216,1428939900664,SHORT,1.05822,1.05828,-1.4999999999876223,-6.000000000017103,4.50000000002948
2015-04,1428940800000,1428940800087,1428944400012,LONG,1.05809,1.0582,14.49999999998397,11.00000000000545,3.4999999999785203
2015-04,1428945300000,1428945301702,1428948901091,LONG,1.05798,1.05672,-123.00000000000644,-125.99999999998168,2.9999999999752447
2015-04,1428949800000,1428949801419,1428953400427,SHORT,1.0565,1.05773,-120.50000000001226,-123.00000000000644,2.4999999999941735
2015-04,1428954300000,1428954300782,1428958800060,SHORT,1.05757,1.05679,84.49999999999847,78.00000000000028,6.499999999998181
2015-04,1428959700000,1428959700491,1428963300625,LONG,1.05737,1.05691,-38.99999999998904,-45.99999999999049,7.0000000000014495
2015-04,1428965100000,1428965104351,1428969600741,SHORT,1.0572,1.05723,1.4999999999876223,-2.999999999997449,4.4999999999850715
2015-04,1428970500000,1428970500004,1428974101683,LONG,1.05816,1.0583,16.500000000019277,14.000000000002899,2.500000000016378
2015-04,1428975000000,1428975000312,1428978600338,LONG,1.05832,1.05772,-56.99999999997374,-59.99999999999339,3.0000000000196536
2015-04,1428979500000,1428979500324,1428983102550,SHORT,1.058,1.05664,138.0000000000159,136.00000000000279,2.0000000000131024
2015-04,1428984000000,1428984000437,1428987600243,SHORT,1.05626,1.05561,67.49999999997591,65.00000000000395,2.499999999971962
2015-04,1428988500000,1428988500840,1428992100105,LONG,1.05527,1.05456,-67.50000000002032,-70.99999999999883,3.499999999978513
2015-04,1428993000000,1428993002154,1428996600735,SHORT,1.05392,1.0556,-164.00000000000858,-168.0000000000126,4.0000000000040075
2015-04,1428997500000,1428997500781,1429001102061,SHORT,1.0548,1.0552,-36.49999999999487,-39.999999999995595,3.5000000000007248
2015-04,1429002000000,1429002000222,1429005600393,SHORT,1.05497,1.05585,-85.50000000000502,-87.99999999999919,2.4999999999941735
2015-04,1429006500000,1429006500290,1429010100592,SHORT,1.05566,1.05677,-107.49999999997151,-110.99999999999443,3.500000000022922
2015-04,1429011000000,1429011000240,1429016400114,SHORT,1.05687,1.06372,-682.5000000000081,-685.0000000000023,2.499999999994202
2015-04,1429017300000,1429017300141,1429020900593,LONG,1.06722,1.06628,-91.49999999999991,-94.00000000001629,2.500000000016371
2015-04,1429021800000,1429021800104,1429025400187,SHORT,1.06946,1.06719,229.99999999999687,226.99999999999943,2.999999999997442
2015-04,1429026300000,1429026300368,1429029900288,LONG,1.06837,1.06565,-269.4999999999892,-272.00000000000557,2.500000000016371
2015-04,1429030800000,1429030800725,1429034401133,LONG,1.06593,1.06708,116.99999999998934,114.99999999999844,1.999999999990905
2015-04,1429035300000,1429035300786,1429038900510,LONG,1.06643,1.06598,-42.999999999993044,-45.000000000006146,2.0000000000131024
2015-04,1429039800000,1429039800217,1429043400919,SHORT,1.06515,1.06507,11.00000000000545,8.000000000008,2.999999999997449
2015-04,1429044300000,1429044310260,1429047900834,LONG,1.06525,1.06564,43.49999999999632,38.99999999998904,4.500000000007276
2015-04,1429048800000,1429048800263,1429052402408,LONG,1.06555,1.06508,-40.499999999976666,-46.999999999997044,6.500000000020378
2015-04,1429053300000,1429053300157,1429056900480,SHORT,1.06497,1.06319,180.99999999998673,177.99999999998929,2.999999999997442
2015-04,1429057800000,1429057800317,1429061401628,LONG,1.06305,1.06318,15.499999999990521,12.999999999996348,2.4999999999941735
2015-04,1429062300000,1429062300772,1429065912341,SHORT,1.06288,1.06338,-46.999999999997044,-49.99999999999449,2.999999999997449
2015-04,1429066800000,1429066800629,1429074007383,SHORT,1.06326,1.06274,54.500000000023974,52.000000000007596,2.500000000016378
2015-04,1429074900000,1429074920697,1429078500131,LONG,1.06261,1.06333,74.50000000002177,72.0000000000054,2.500000000016371
2015-04,1429079400000,1429079400078,1429083000260,LONG,1.06461,1.06084,-374.999999999992,-377.0000000000051,2.000000000013131
2015-04,1429083900000,1429083902726,1429088401858,SHORT,1.06152,1.05806,348.00000000001495,346.0000000000019,2.000000000013074
2015-04,1429089300000,1429089301032,1429092900229,SHORT,1.05837,1.06076,-235.99999999999176,-238.99999999998923,2.9999999999974705
2015-04,1429093800000,1429093800287,1429097400185,LONG,1.06109,1.05999,-106.49999999998715,-110.00000000001009,3.5000000000229363
2015-04,1429098300000,1429098300295,1429101900279,SHORT,1.05951,1.06131,-177.00000000000495,-180.0000000000024,2.999999999997442
2015-04,1429102800000,1429102800051,1429106400008,SHORT,1.0597,1.06378,-403.99999999998215,-407.99999999998613,4.000000000003979
2015-04,1429107300000,1429107300147,1429110900243,LONG,1.06264,1.0589,-372.49999999999784,-374.0000000000077,1.500000000009834
2015-04,1429111800000,1429111800005,1429115401376,SHORT,1.06027,1.06069,-38.99999999998904,-41.99999999998649,2.999999999997449
2015-04,1429116300000,1429116300780,1429119900028,SHORT,1.06082,1.06934,-850.4999999999762,-851.9999999999861,1.5000000000098908
2015-04,1429120800000,1429120800039,1429124400057,LONG,1.06713,1.06835,124.50000000001626,121.99999999999989,2.500000000016371
2015-04,1429125300000,1429125300768,1429128901119,SHORT,1.06758,1.06805,-44.50000000000287,-46.999999999997044,2.4999999999941735
2015-04,1429129800000,1429129816289,1429133400447,LONG,1.06855,1.0681,-38.0000000000047,-45.000000000006146,7.0000000000014495
2015-04,1429134300000,1429134313823,1429137902521,SHORT,1.06831,1.0677,68.00000000000139,60.99999999999994,7.0000000000014495
2015-04,1429138800000,1429138800236,1429142400284,LONG,1.06759,1.06763,7.0000000000014495,4.000000000004,2.999999999997449
2015-04,1429143300000,1429143300045,1429146900214,LONG,1.0728,1.07218,-60.49999999999667,-62.000000000006494,1.5000000000098268
2015-04,1429147800000,1429147801313,1429151401003,LONG,1.07237,1.07074,-161.4999999999922,-163.00000000000205,1.500000000009834
2015-04,1429152300000,1429152300099,1429155900025,SHORT,1.0704,1.07083,-39.999999999995595,-42.999999999993044,2.999999999997449
2015-04,1429156800000,1429156801932,1429160401717,SHORT,1.06982,1.06921,62.50000000000977,60.99999999999994,1.5000000000098268
2015-04,1429161300000,1429161309010,1429164902871,SHORT,1.06888,1.06925,-35.00000000000725,-36.999999999998145,1.999999999990898
2015-04,1429165800000,1429165800249,1429169400245,LONG,1.06615,1.06576,-37.50000000000142,-38.99999999998904,1.4999999999876223
2015-04,1429170300000,1429170300334,1429173900243,LONG,1.06394,1.0637,-21.500000000007624,-24.000000000001798,2.4999999999941735
2015-04,1429174800000,1429174800714,1429178400097,LONG,1.06316,1.06723,408.9999999999927,406.9999999999796,2.000000000013131
2015-04,1429179300000,1429179300119,1429182900764,LONG,1.06929,1.0719,263.5000000000165,261.0000000000001,2.500000000016371
2015-04,1429183800000,1429183800175,1429187400592,SHORT,1.07366,1.07272,103.49999999998971,94.00000000001629,9.499999999973426
2015-04,1429188300000,1429188301835,1429191900029,SHORT,1.07285,1.07321,-32.999999999994145,-35.999999999991594,2.999999999997449
2015-04,1429192800000,1429192800779,1429196400064,LONG,1.07303,1.07004,-293.499999999991,-298.9999999999826,5.499999999991587
2015-04,1429197300000,1429197300458,1429200900268,LONG,1.07325,1.07345,22.49999999999197,19.999999999997797,2.4999999999941735
2015-04,1429201800000,1429201800393,1429205400077,LONG,1.07299,1.07494,197.4999999999838,194.99999999998963,2.4999999999941735
2015-04,1429206300000,1429206300757,1429209900190,SHORT,1.07617,1.08043,-423.0000000000178,-425.99999999999307,2.999999999975273
2015-04,1429210800000,1429210800088,1429214400197,SHORT,1.07984,1.07702,285.00000000000193,281.99999999998226,3.000000000019668
2015-04,1429215300000,1429215304603,1429218901000,LONG,1.07682,1.07662,-15.00000000000945,-20.000000000020002,5.000000000010552
2015-04,1429219800000,1429219800974,1429223417732,LONG,1.07651,1.07598,-46.50000000001597,-53.00000000001415,6.499999999998174
2015-04,1429224300000,1429224301674,1429227900043,SHORT,1.07601,1.0765,-48.000000000003595,-49.00000000001015,1.0000000000065512
2015-04,1429228800000,1429228800314,1429232401094,LONG,1.07586,1.07781,197.99999999998707,194.99999999998963,2.999999999997442
2015-04,1429233300000,1429233302167,1429236907213,LONG,1.07791,1.07621,-167.9999999999904,-169.99999999998127,1.9999999999908766
2015-04,1429237800000,1429237809878,1429241401827,LONG,1.07644,1.07711,69.00000000000794,66.99999999999484,2.0000000000131024
2015-04,1429242300000,1429242302927,1429245906813,LONG,1.07715,1.0772,7.499999999982521,4.999999999988347,2.4999999999941735
2015-04,1429246800000,1429246800334,1429254000131,LONG,1.07759,1.07491,-265.0000000000041,-268.0000000000016,2.999999999997499
2015-04,1429254900000,1429254900068,1429258500226,SHORT,1.07746,1.07965,-215.5000000000129,-218.99999999999142,3.499999999978513
2015-04,1429259400000,1429259400005,1429263000269,LONG,1.0792,1.08099,183.5000000000253,178.99999999999582,4.500000000029473
2015-04,1429263900000,1429263901246,1429267500550,SHORT,1.08089,1.0822,-126.00000000002609,-131.00000000001444,4.999999999988347
2015-04,1429268400000,1429268400299,1429272000189,LONG,1.082,1.08179,-18.0000000000069,-21.00000000000435,2.999999999997449
2015-04,1429272900000,1429272900144,1429276500029,LONG,1.08142,1.07546,-594.0000000000057,-595.9999999999966,1.999999999990905
2015-04,1429277400000,1429277400059,1429281000218,LONG,1.07583,1.07713,132.99999999998312,129.99999999998568,2.999999999997442
2015-04,1429281900000,1429281900033,1429285501931,SHORT,1.07602,1.07795,-190.99999999998562,-192.99999999999872,2.0000000000131024
2015-04,1429286400000,1429286400080,1429290000373,SHORT,1.07807,1.07791,17.500000000003624,16.000000000016,1.4999999999876223
2015-04,1429290900000,1429290904029,1429294500466,SHORT,1.07886,1.07906,-18.0000000000069,-19.999999999997797,1.999999999990898
2015-04,1429295400000,1429295400043,1429299000275,SHORT,1.07895,1.08174,-276.50000000001285,-278.9999999999848,2.499999999971976
2015-04,1429299900000,1429299901642,1429303500134,LONG,1.08205,1.08043,-158.0000000000137,-161.99999999999548,3.9999999999817817
2015-04,1429478100000,1429478103533,1429481700189,SHORT,1.08148,1.08024,145.4999999999984,123.99999999999079,21.500000000007617
2015-04,1429482600000,1429482600114,1429486200600,LONG,1.07974,1.08048,77.50000000001921,74.0000000000185,3.5000000000007105
2015-04,1429487100000,1429487127761,1429490700425,SHORT,1.08052,1.08091,-36.0000000000138,-39.00000000001125,2.999999999997449
2015-04,1429491600000,1429491600833,1429495200439,SHORT,1.08075,1.07937,140.000000000029,138.0000000000159,2.0000000000131024
2015-04,1429496100000,1429496100109,1429499701217,LONG,1.08004,1.07971,-29.49999999999342,-32.999999999994145,3.5000000000007248
2015-04,1429500600000,1429500600403,1429504201284,LONG,1.08016,1.07928,-84.99999999997954,-87.99999999999919,3.0000000000196536
2015-04,1429505100000,1429505100250,1429508700642,LONG,1.07764,1.07831,70.50000000001776,67.00000000001705,3.5000000000007105
2015-04,1429509600000,1429509601238,1429513200207,SHORT,1.07795,1.07934,-136.50000000000605,-139.00000000000023,2.4999999999941735
2015-04,1429514100000,1429514100225,1429517700848,LONG,1.07751,1.07792,45.00000000002835,41.000000000002146,4.000000000026205
2015-04,1429518600000,1429518601411,1429522200439,LONG,1.07798,1.07362,-432.499999999969,-435.9999999999919,3.500000000022908
2015-04,1429523100000,1429523100905,1429526701252,SHORT,1.0748,1.07398,86.49999999998937,82.00000000000429,4.499999999985079
2015-04,1429527600000,1429527600095,1429538400409,SHORT,1.0726,1.07408,-143.99999999998857,-147.99999999999258,4.0000000000040075
2015-04,1429539300000,1429539300086,1429542900330,SHORT,1.07439,1.07633,-191.49999999998892,-194.0000000000053,2.500000000016371
2015-04,1429543800000,1429543800206,1429547400199,SHORT,1.07571,1.07635,-62.499999999987566,-63.99999999999739,1.5000000000098268
2015-04,1429548300000,1429548318282,1429551901697,LONG,1.07534,1.07323,-207.00000000002382,-211.00000000000563,3.99999999998181
2015-04,1429552800000,1429552800445,1429556400343,LONG,1.07285,1.07349,66.00000000001049,63.99999999999739,2.0000000000130953
2015-04,1429557300000,1429557303538,1429560900128,LONG,1.07322,1.07376,57.00000000001815,53.999999999998494,3.0000000000196536
2015-04,1429561800000,1429561818273,1429565401604,LONG,1.07359,1.07389,31.500000000006523,29.999999999996696,1.5000000000098268
2015-04,1429566300000,1429566300209,1429569906204,LONG,1.07393,1.07381,-6.000000000017103,-12.000000000012001,5.999999999994898
2015-04,1429570800000,1429570800567,1429574400016,SHORT,1.07379,1.07488,-106.50000000000936,-109.00000000000354,2.4999999999941735
2015-04,1429575300000,1429575301946,1429578900346,SHORT,1.07406,1.07425,-16.999999999978144,-18.999999999991246,2.0000000000131024
2015-04,1429579800000,1429579802220,1429583405350,LONG,1.07413,1.07299,-111.00000000001664,-113.99999999999189,2.9999999999752447
2015-04,1429584300000,1429584300747,1429588801155,LONG,1.07289,1.07241,-45.50000000000942,-47.99999999998139,2.499999999971969
2015-04,1429589700000,1429589740450,1429593304525,LONG,1.0728,1.07369,91.99999999998099,89.00000000000574,2.9999999999752447
2015-04,1429594200000,1429594201987,1429597800007,LONG,1.07232,1.07019,-210.50000000000236,-212.99999999999653,2.4999999999941735
2015-04,1429598700000,1429598700166,1429602300399,LONG,1.06908,1.06694,-212.00000000001216,-214.00000000000307,1.999999999990905
2015-04,1429603200000,1429603200043,1429606800116,LONG,1.06644,1.06821,184.99999999999073,177.00000000000495,7.999999999985789
2015-04,1429607700000,1429607700792,1429611300284,LONG,1.06706,1.06847,143.50000000002973,141.00000000001333,2.5000000000163993
2015-04,1429612200000,1429612201401,1429615800181,LONG,1.06888,1.06965,79.50000000001012,76.99999999999375,2.500000000016371
2015-04,1429616700000,1429616700148,1429620300377,LONG,1.07024,1.07076,55.000000000005045,51.99999999998539,3.0000000000196536
2015-04,1429621200000,1429621200168,1429624800172,SHORT,1.07142,1.06887,256.00000000001177,255.00000000000523,1.000000000006537
2015-04,1429625700000,1429625700286,1429629300195,SHORT,1.06976,1.0755,-570.0000000000039,-573.9999999999857,3.99999999998181
2015-04,1429630200000,1429630200154,1429633801198,LONG,1.07561,1.07615,56.000000000011596,53.999999999998494,2.0000000000131024
2015-04,1429634700000,1429634700745,1429639200461,LONG,1.07511,1.07478,-31.00000000002545,-32.999999999994145,1.9999999999686935
2015-04,1429640100000,1429640102717,1429643701017,SHORT,1.07366,1.0739,-21.50000000002983,-24.000000000001798,2.499999999971969
2015-04,1429644600000,1429644600509,1429648200619,LONG,1.07377,1.07342,-32.999999999994145,-34.99999999998504,1.999999999990898
2015-04,1429649100000,1429649116012,1429652701762,LONG,1.07345,1.07367,27.499999999980318,21.999999999988695,5.499999999991623
2015-04,1429653600000,1429653600439,1429657201930,LONG,1.07384,1.0738,0.5000000000254801,-3.999999999981796,4.500000000007276
2015-04,1429658100000,1429658101906,1429661700335,LONG,1.07393,1.07304,-86.0000000000305,-89.00000000000574,2.9999999999752447
2015-04,1429662600000,1429662600588,1429666200011,LONG,1.07264,1.07196,-64.99999999998174,-68.00000000000139,3.0000000000196536
2015-04,1429667100000,1429667100579,1429670700049,LONG,1.07255,1.07329,76.0000000000094,74.0000000000185,1.9999999999908908
2015-04,1429671600000,1429671600480,1429675201063,LONG,1.07281,1.07252,-26.999999999999247,-29.00000000001235,2.0000000000131024
2015-04,1429676100000,1429676100926,1429679700621,SHORT,1.07252,1.07334,-79.50000000001012,-82.00000000000429,2.4999999999941735
2015-04,1429680600000,1429680600196,1429684200033,LONG,1.0743,1.07492,64.50000000000067,62.000000000006494,2.4999999999941735
2015-04,1429685100000,1429685100482,1429688700097,LONG,1.0762,1.07615,-1.0000000000065512,-5.000000000010552,4.000000000004
2015-04,1429689600000,1429689600009,1429693200171,SHORT,1.07516,1.07758,-238.50000000003035,-242.00000000000887,3.499999999978513
2015-04,1429694100000,1429694100040,1429697700668,LONG,1.07943,1.07865,-74.49999999999957,-77.99999999997809,3.499999999978513
2015-04,1429698600000,1429698600498,1429702200174,LONG,1.07844,1.07616,-224.50000000002746,-228.00000000000597,3.499999999978513
2015-04,1429703100000,1429703100218,1429706700525,LONG,1.07588,1.07314,-270.99999999999903,-273.9999999999965,2.999999999997442
2015-04,1429707600000,1429707600301,1429711200003,LONG,1.07272,1.0746,194.99999999998963,188.00000000001037,6.999999999979252
2015-04,1429712100000,1429712100531,1429718400090,SHORT,1.07263,1.07275,-8.000000000008,-12.000000000012001,4.000000000004
2015-04,1429719300000,1429719300330,1429722900322,SHORT,1.07231,1.0735,-115.49999999997951,-118.99999999998023,3.5000000000007248
2015-04,1429723800000,1429723800395,1429727400325,SHORT,1.07357,1.07362,-2.4999999999941735,-5.000000000010552,2.500000000016378
2015-04,1429728300000,1429728300304,1429731903528,SHORT,1.07372,1.07242,131.99999999997658,130.0000000000079,1.9999999999686793
2015-04,1429732800000,1429732800333,1429736400275,LONG,1.07278,1.07247,-23.499999999998522,-31.000000000003247,7.500000000004725
2015-04,1429737300000,1429737308644,1429740904100,SHORT,1.07245,1.072,52.99999999999194,44.99999999998394,8.000000000008
2015-04,1429741800000,1429741800199,1429745400399,SHORT,1.07212,1.07228,-14.000000000002899,-15.999999999993797,1.999999999990898
2015-04,1429746300000,1429746300180,1429749900161,LONG,1.07274,1.07043,-228.99999999999034,-231.0000000000034,2.000000000013074
2015-04,1429750800000,1429750801224,1429754400155,LONG,1.07066,1.06994,-69.9999999999923,-72.0000000000054,2.0000000000131024
2015-04,1429755300000,1429755308382,1429758900678,LONG,1.06958,1.06978,23.499999999998522,19.999999999997797,3.5000000000007248
2015-04,1429759800000,1429759800429,1429763410293,LONG,1.07042,1.07073,34.000000000000696,31.000000000003247,2.999999999997449
2015-04,1429764300000,1429764301169,1429767900929,SHORT,1.07134,1.07145,-8.500000000011276,-11.00000000000545,2.4999999999941735
2015-04,1429768800000,1429768800205,1429772400298,SHORT,1.07076,1.06862,216.49999999997505,214.00000000000307,2.499999999971976
2015-04,1429773300000,1429773300063,1429776900412,LONG,1.06719,1.07005,289.5000000000092,285.99999999998624,3.5000000000229647
2015-04,1429777800000,1429777800412,1429781400086,SHORT,1.07141,1.0725,-106.50000000000936,-109.00000000000354,2.4999999999941735
2015-04,1429782300000,1429782300070,1429786800026,SHORT,1.0739,1.07398,-5.499999999991623,-7.999999999985796,2.4999999999941735
2015-04,1429787700000,1429787701944,1429791300182,LONG,1.07406,1.07726,322.0000000000223,320.00000000000915,2.000000000013131
2015-04,1429792200000,1429792200192,1429795800390,SHORT,1.0772,1.07447,279.49999999998806,272.99999999998994,6.499999999998124
2015-04,1429796700000,1429796700076,1429800300233,LONG,1.07438,1.07951,516.0000000000053,513.0000000000078,2.999999999997499
2015-04,1429801200000,1429801200067,1429804800128,SHORT,1.08021,1.08013,9.499999999995623,7.999999999985796,1.5000000000098268
2015-04,1429805700000,1429805700324,1429809301485,LONG,1.08118,1.08314,198.9999999999714,195.9999999999962,2.9999999999752163
2015-04,1429810200000,1429810200161,1429813800367,SHORT,1.08387,1.08415,-24.999999999986144,-28.000000000005798,3.0000000000196536
2015-04,1429814700000,1429814700056,1429818301109,SHORT,1.08357,1.08229,130.49999999998897,127.99999999999478,2.4999999999941878
2015-04,1429819200000,1429819200122,1429822800112,SHORT,1.08255,1.0825,14.500000000006175,4.999999999988347,9.500000000017828
2015-04,1429823700000,1429823730118,1429827300216,LONG,1.08236,1.08213,-18.500000000010175,-22.999999999995246,4.4999999999850715
2015-04,1429828200000,1429828202942,1429831800281,SHORT,1.08215,1.08163,55.99999999998939,51.99999999998539,4.000000000004
2015-04,1429832700000,1429832700196,1429836300250,SHORT,1.08106,1.08232,-123.00000000000644,-126.0000000000039,2.9999999999974563
2015-04,1429841700000,1429841720015,1429848000303,SHORT,1.08082,1.07921,164.00000000000858,160.99999999998892,3.000000000019668
2015-04,1429848900000,1429848912962,1429852503029,LONG,1.07917,1.08083,168.49999999999366,165.9999999999995,2.4999999999941735
2015-04,1429853400000,1429853400584,1429857000192,LONG,1.08062,1.08524,463.0000000000134,462.0000000000068,1.0000000000065938
2015-04,1429857900000,1429857900276,1429861501310,SHORT,1.08575,1.08788,-211.5000000000089,-212.99999999999653,1.4999999999876366
2015-04,1429862400000,1429862400201,1429866000239,SHORT,1.08769,1.08849,-71.4999999999799,-79.99999999999119,8.500000000011283
2015-04,1429866900000,1429866900005,1429870500499,SHORT,1.08717,1.08294,424.50000000000546,422.9999999999956,1.500000000009834
2015-04,1429871400000,1429871400009,1429875002323,SHORT,1.08231,1.08257,-22.999999999973042,-25.999999999992696,3.0000000000196536
2015-04,1429875900000,1429875900471,1429879500041,SHORT,1.08287,1.08416,-124.49999999999406,-129.00000000000134,4.500000000007276
2015-04,1429880400000,1429880400289,1429884000305,LONG,1.08419,1.08142,-276.00000000000955,-276.9999999999939,0.9999999999843681
2015-04,1429884900000,1429884900310,1429888500898,SHORT,1.08253,1.08667,-409.99999999999926,-414.00000000000324,4.000000000003979
2015-04,1429889400000,1429889400225,1429893000329,SHORT,1.08606,1.08711,-103.00000000000864,-104.99999999999955,1.999999999990905
2015-04,1429893900000,1429893906546,1429897501319,SHORT,1.087,1.0858,121.99999999999989,119.99999999998678,2.0000000000131024
2015-04,1429898400000,1429898400150,1429902000162,LONG,1.086,1.0868,82.49999999998536,79.99999999999119,2.4999999999941735
2015-04,1429902900000,1429902900100,1429906500191,SHORT,1.08663,1.08618,48.000000000003595,45.000000000006146,2.999999999997449
2015-04,1429907400000,1429907400128,1430082009872,SHORT,1.08656,1.08674,2.999999999997449,-18.0000000000069,21.00000000000435
2015-04,1430082900000,1430082900841,1430086501794,LONG,1.08668,1.08662,10.500000000002174,-6.000000000017103,16.500000000019277
2015-04,1430087400000,1430087402067,1430092800770,SHORT,1.08622,1.08659,-33.00000000001635,-36.999999999998145,3.999999999981796
2015-04,1430093700000,1430093700006,1430097300069,SHORT,1.08733,1.0866,75.50000000000611,72.99999999998974,2.500000000016371
2015-04,1430098200000,1430098200347,1430103601460,LONG,1.08695,1.0864,-52.0000000000298,-55.000000000005045,2.9999999999752447
2015-04,1430104500000,1430104503754,1430108102376,LONG,1.08568,1.08558,-7.0000000000014495,-9.999999999998899,2.999999999997449
2015-04,1430109000000,1430109000009,1430112601883,LONG,1.08591,1.08627,39.49999999999232,36.0000000000138,3.4999999999785203
2015-04,1430113500000,1430113503105,1430117100401,LONG,1.08747,1.08705,-37.99999999998249,-41.99999999998649,4.000000000004
2015-04,1430118000000,1430118000475,1430121601190,SHORT,1.08505,1.08559,-51.499999999982116,-53.999999999998494,2.500000000016378
2015-04,1430122500000,1430122500311,1430126101762,SHORT,1.08453,1.0842,36.49999999999487,32.999999999994145,3.5000000000007248
2015-04,1430127000000,1430127001406,1430132400355,LONG,1.08448,1.08453,7.499999999982521,4.999999999988347,2.4999999999941735
2015-04,1430133300000,1430133300265,1430136900150,LONG,1.08448,1.08198,-248.00000000000378,-250.00000000001688,2.0000000000131024
2015-04,1430137800000,1430137800545,1430143200513,LONG,1.08359,1.08528,170.99999999998784,168.99999999999693,1.999999999990905
2015-04,1430144100000,1430144100075,1430147700199,LONG,1.08677,1.08925,252.0000000000078,248.00000000000378,4.0000000000040075
2015-04,1430148600000,1430148600070,1430152200042,LONG,1.08939,1.09185,248.49999999998485,245.99999999999068,2.4999999999941735
2015-04,1430153100000,1430153101109,1430156700441,LONG,1.09238,1.08922,-314.49999999999534,-315.99999999998295,1.4999999999876081
2015-04,1430157600000,1430157600307,1430161200289,LONG,1.08809,1.08826,18.999999999991246,17.000000000000348,1.999999999990898
2015-04,1430162100000,1430162100526,1430165702731,LONG,1.08886,1.08843,-40.499999999976666,-42.999999999993044,2.500000000016378
2015-04,1430166600000,1430166600559,1430170202115,LONG,1.08859,1.0887,18.49999999998797,11.00000000000545,7.499999999982521
2015-04,1430171100000,1430171100555,1430174700123,LONG,1.08854,1.08759,-87.49999999999591,-95.00000000000064,7.500000000004732
2015-04,1430175600000,1430175616648,1430179200399,LONG,1.08763,1.08761,2.0000000000131024,-2.0000000000131024,4.000000000026205
2015-04,1430180100000,1430180106949,1430186400237,LONG,1.08717,1.08782,66.49999999999156,65.00000000000395,1.4999999999876081
2015-04,1430187300000,1430187300009,1430190900524,LONG,1.08822,1.08759,-60.99999999999994,-62.99999999999084,1.999999999990898
2015-04,1430191800000,1430191800192,1430197200149,SHORT,1.08813,1.08715,100.0000000000112,97.9999999999981,2.0000000000131024
2015-04,1430198100000,1430198104687,1430201700762,LONG,1.08754,1.08817,67.00000000001705,63.000000000013046,4.0000000000040075
2015-04,1430202600000,1430202600019,1430206200039,SHORT,1.08764,1.08864,-97.49999999999481,-100.0000000000112,2.500000000016385
2015-04,1430207100000,1430207100242,1430210701222,LONG,1.08875,1.0882,-51.50000000000432,-55.000000000005045,3.5000000000007248
2015-04,1430216100000,1430216100964,1430219700719,LONG,1.09262,1.09369,108.49999999997806,107.00000000001265,1.4999999999654108
2015-04,1430220600000,1430220600901,1430226000335,LONG,1.09369,1.09262,-102.0000000000243,-107.00000000001265,4.999999999988347
2015-04,1430226900000,1430226900150,1430230500299,SHORT,1.09305,1.09735,-426.9999999999996,-429.99999999999704,2.999999999997442
2015-04,1430231400000,1430231400260,1430235000364,SHORT,1.09647,1.09665,-16.000000000016,-17.999999999984695,1.9999999999686935
2015-04,1430235900000,1430235900359,1430240400208,SHORT,1.09723,1.0969,36.99999999997594,32.999999999994145,3.999999999981796
2015-04,1430241300000,1430241300091,1430244900119,SHORT,1.0972,1.09827,-104.00000000001519,-107.00000000001265,2.9999999999974563
2015-04,1430245800000,1430245800754,1430249400294,SHORT,1.09794,1.09731,65.99999999998829,62.99999999999084,2.999999999997449
2015-04,1430250300000,1430250304719,1430253900491,LONG,1.09669,1.09815,148.00000000001478,146.00000000000168,2.0000000000131024
2015-04,1430254800000,1430254800014,1430262002172,SHORT,1.09804,1.09751,58.99999999998684,52.99999999999194,5.999999999994898
2015-04,1430262900000,1430262902626,1430266500457,SHORT,1.09712,1.09691,24.000000000001798,21.00000000000435,2.999999999997449
2015-04,1430267400000,1430267400633,1430271004900,LONG,1.09696,1.09726,32.49999999999087,29.999999999996696,2.4999999999941735
2015-04,1430271900000,1430271900062,1430275501805,LONG,1.09701,1.09701,1.5000000000098268,0.0,1.5000000000098268
2015-04,1430276400000,1430276400322,1430280003407,SHORT,1.09681,1.09684,-0.5000000000032756,-2.999999999997449,2.4999999999941735
2015-04,1430280900000,1430280902729,1430284500542,SHORT,1.09624,1.09658,-32.0000000000098,-34.000000000000696,1.999999999990898
2015-04,1430285400000,1430285400127,1430289000076,SHORT,1.09687,1.09648,41.000000000002146,39.00000000001125,1.999999999990898
2015-04,1430289900000,1430289900542,1430293500455,LONG,1.09713,1.09931,220.99999999998232,218.00000000000708,2.9999999999752447
2015-04,1430294400000,1430294400307,1430298000406,LONG,1.09979,1.10074,98.50000000000136,95.00000000000064,3.5000000000007248
2015-04,1430298900000,1430298900790,1430302500281,LONG,1.09987,1.10032,46.999999999997044,45.000000000006146,1.999999999990898
2015-04,1430303400000,1430303400021,1430308800228,SHORT,1.09973,1.09945,30.999999999981043,28.000000000005798,2.9999999999752447
2015-04,1430309700000,1430309700029,1430313300772,LONG,1.10023,1.1028,259.4999999999903,256.99999999999613,2.499999999994145
2015-04,1430314200000,1430314200031,1430317800300,LONG,1.1063,1.11469,840.9999999999807,838.9999999999898,1.999999999990905
2015-04,1430318700000,1430318700284,1430322300187,SHORT,1.11194,1.11476,-280.49999999999466,-282.0000000000045,1.500000000009834
2015-04,1430323200000,1430323200182,1430326800257,SHORT,1.11723,1.11439,286.49999999998954,283.99999999999534,2.499999999994202
2015-04,1430327700000,1430327700308,1430331300086,LONG,1.11385,1.11076,-307.00000000001285,-309.0000000000037,1.9999999999908482
2015-04,1430332200000,1430332200148,1430335800292,SHORT,1.11014,1.11077,-59.000000000009045,-63.000000000013046,4.000000000004
2015-04,1430336700000,1430336705602,1430340300333,SHORT,1.11096,1.11206,-106.50000000000936,-110.00000000001009,3.5000000000007248
2015-04,1430341200000,1430341200348,1430348400269,SHORT,1.11284,1.11187,103.50000000001191,97.00000000001374,6.499999999998167
2015-04,1430349300000,1430349300768,1430352901000,LONG,1.11148,1.11174,29.00000000001235,25.999999999992696,3.0000000000196536
2015-04,1430353800000,1430353800345,1430359200067,LONG,1.11188,1.11242,56.000000000011596,53.999999999998494,2.0000000000131024
2015-04,1430360100000,1430360113483,1430363703922,SHORT,1.11197,1.11134,65.49999999998502,62.99999999999084,2.4999999999941807
2015-04,1430364600000,1430364600325,1430368200257,LONG,1.11087,1.11027,-56.49999999999267,-59.99999999999339,3.5000000000007248
2015-04,1430369100000,1430369100003,1430372700724,LONG,1.11083,1.10944,-136.00000000000279,-139.00000000000023,2.999999999997442
2015-04,1430373600000,1430373600807,1430377200545,LONG,1.10888,1.11155,270.00000000001467,266.999999999995,3.000000000019668
2015-04,1430378100000,1430378100019,1430381700035,LONG,1.11251,1.123,1050.4999999999764,1048.9999999999889,1.4999999999874944
2015-04,1430382600000,1430382600008,1430386200113,SHORT,1.1228,1.11885,397.5000000000062,395.000000000012,2.499999999994202
2015-04,1430387100000,1430387101815,1430390704032,LONG,1.11894,1.11861,-29.999999999996696,-32.999999999994145,2.999999999997449
2015-04,1430391600000,1430391600089,1430395200210,SHORT,1.1192,1.11937,-14.500000000006175,-17.000000000000348,2.4999999999941735
2015-04,1430396100000,1430396100150,1430402400009,LONG,1.1215,1.11413,-734.0000000000124,-736.9999999999877,2.99999999997533
2015-04,1430403300000,1430403300108,1430409600014,SHORT,1.11634,1.11623,11.999999999989797,11.00000000000545,0.9999999999843467
2015-04,1430410500000,1430410500273,1430414100462,SHORT,1.11705,1.12068,-360.0000000000048,-362.99999999998,2.9999999999752163
2015-04,1430415000000,1430415007234,1430418600191,SHORT,1.12001,1.12067,-62.499999999987566,-66.00000000001049,3.500000000022922
2015-04,1430419500000,1430419501486,1430424000277,SHORT,1.1219,1.12292,-98.50000000000136,-102.00000000000209,3.5000000000007248
2015-04,1430424900000,1430424900440,1430428508112,LONG,1.12189,1.12191,7.0000000000014495,1.999999999990898,5.000000000010552
2015-04,1430429400000,1430429400584,1430433000327,LONG,1.12228,1.1218,-41.000000000002146,-48.000000000003595,7.0000000000014495
2015-04,1430433900000,1430433900126,1430437504534,SHORT,1.12099,1.12163,-59.99999999999339,-63.99999999999739,4.000000000004
2015-05,1430438400000,1430438400126,1430442000747,SHORT,1.12117,1.12085,33.500000000019625,32.0000000000098,1.5000000000098268
2015-05,1430442900000,1430442904755,1430446501411,LONG,1.12096,1.12083,-10.500000000002174,-12.999999999996348,2.4999999999941735
2015-05,1430447400000,1430447400603,1430451005119,SHORT,1.12061,1.12086,-21.49999999998542,-24.999999999986144,3.5000000000007248
2015-05,1430451900000,1430451914353,1430455502798,LONG,1.12102,1.12078,-19.49999999999452,-23.999999999979593,4.4999999999850715
2015-05,1430456400000,1430456400514,1430460000159,SHORT,1.12079,1.12186,-104.49999999999626,-107.00000000001265,2.500000000016385
2015-05,1430460900000,1430460900511,1430464500246,LONG,1.12085,1.12442,361.0000000000113,357.00000000000733,4.000000000003979
2015-05,1430465400000,1430465400482,1430469000136,SHORT,1.12437,1.12407,33.000000000038554,30.0000000000189,3.0000000000196536
2015-05,1430469900000,1430469900304,1430473500777,SHORT,1.12547,1.12421,127.50000000001371,126.0000000000039,1.5000000000098197
2015-05,1430474400000,1430474400286,1430478000425,LONG,1.12354,1.12691,342.50000000000114,337.0000000000095,5.499999999991644
2015-05,1430478900000,1430478900069,1430485200192,LONG,1.12746,1.12567,-175.99999999999838,-178.99999999999582,2.999999999997442
2015-05,1430486100000,1430486100266,1430489700533,LONG,1.12613,1.1232,-289.5000000000092,-293.0000000000099,3.500000000000682
2015-05,1430490600000,1430490600289,1430499600017,SHORT,1.12192,1.11775,420.9999999999825,417.0000000000007,3.99999999998181
2015-05,1430500500000,1430500500140,1430504101389,LONG,1.1185,1.1199,143.4999999999853,139.9999999999846,3.5000000000007105
2015-05,1430505000000,1430505007476,1430508600518,LONG,1.12009,1.12002,-3.5000000000007248,-7.0000000000014495,3.5000000000007248
2015-05,1430509500000,1430509501231,1430513100623,SHORT,1.12139,1.12055,92.99999999998754,84.0000000000174,8.999999999970143
2015-05,1430687700000,1430687701298,1430691301241,LONG,1.11991,1.11932,-37.50000000000142,-58.99999999998684,21.49999999998542
2015-05,1430692200000,1430692200313,1430695803812,SHORT,1.11956,1.11887,71.50000000002433,69.00000000000794,2.500000000016385
2015-05,1430696700000,1430696703399,1430704801345,LONG,1.11873,1.11953,81.50000000000102,79.99999999999119,1.500000000009834
2015-05,1430705700000,1430705705511,1430709302675,LONG,1.11908,1.11914,8.999999999992347,5.999999999994898,2.999999999997449
2015-05,1430710200000,1430710200321,1430713800119,LONG,1.11913,1.11894,-17.500000000003624,-18.999999999991246,1.4999999999876223
2015-05,1430714700000,1430714703105,1430718304640,LONG,1.11919,1.11944,27.499999999980318,25.00000000000835,2.499999999971969
2015-05,1430719200000,1430719200823,1430722800481,LONG,1.12035,1.11845,-186.50000000000057,-190.00000000000128,3.5000000000007105
2015-05,1430723700000,1430723700151,1430727301223,SHORT,1.11705,1.11409,299.99999999998914,296.0000000000074,3.9999999999817533
2015-05,1430728200000,1430728201057,1430731800148,LONG,1.1146,1.11396,-60.99999999997774,-63.99999999999739,3.0000000000196536
2015-05,1430732700000,1430732700594,1430736300678,SHORT,1.11314,1.11325,-8.999999999992347,-11.00000000000545,2.0000000000131024
2015-05,1430737200000,1430737200222,1430740800099,SHORT,1.11349,1.11347,4.999999999988347,2.0000000000131024,2.9999999999752447
2015-05,1430741700000,1430741700334,1430745300028,SHORT,1.11514,1.11825,-308.50000000000045,-310.9999999999946,2.499999999994145
2015-05,1430746200000,1430746200105,1430755200265,SHORT,1.11724,1.11447,278.50000000000375,276.9999999999939,1.500000000009834
2015-05,1430756100000,1430756100113,1430759703618,LONG,1.11476,1.11585,112.50000000000426,109.00000000000354,3.5000000000007248
2015-05,1430760600000,1430760620543,1430766000107,SHORT,1.11605,1.11398,209.9999999999991,207.00000000000162,2.9999999999974705
2015-05,1430766900000,1430766901556,1430770501095,LONG,1.11396,1.11453,59.99999999999339,56.99999999999594,2.999999999997449
2015-05,1430771400000,1430771401282,1430775000223,SHORT,1.11453,1.11489,-28.49999999998687,-35.999999999991594,7.500000000004725
2015-05,1430775900000,1430775904084,1430779502313,LONG,1.11482,1.11454,-22.49999999999197,-27.999999999983594,5.499999999991623
2015-05,1430784900000,1430784902150,1430788500499,LONG,1.11466,1.11477,12.499999999993072,11.00000000000545,1.4999999999876223
2015-05,1430789400000,1430789400268,1430793000106,LONG,1.11472,1.11405,-65.00000000002615,-66.99999999999484,1.9999999999686935
2015-05,1430793900000,1430793900650,1430797500940,SHORT,1.11432,1.11353,81.49999999997881,79.00000000000685,2.499999999971962
2015-05,1430798400000,1430798400459,1430805600256,SHORT,1.11347,1.11311,37.99999999998249,35.999999999991594,1.999999999990898
2015-05,1430806500000,1430806500250,1430810100090,SHORT,1.11415,1.11079,339.5000000000259,336.00000000000296,3.5000000000229647
2015-05,1430811000000,1430811000413,1430814600218,LONG,1.1099,1.10725,-262.4999999999877,-265.0000000000041,2.500000000016371
2015-05,1430815500000,1430815500052,1430819100270,SHORT,1.108,1.1112,-317.9999999999961,-319.999999999987,1.999999999990905
2015-05,1430820000000,1430820000184,1430823600128,SHORT,1.11167,1.11268,-99.50000000000792,-100.99999999999554,1.4999999999876223
2015-05,1430824500000,1430824500473,1430828100010,LONG,1.11338,1.11166,-169.499999999978,-171.99999999999437,2.500000000016371
2015-05,1430829000000,1430829000441,1430832600182,SHORT,1.11204,1.11498,-290.50000000001575,-294.0000000000165,3.500000000000739
2015-05,1430833500000,1430833500125,1430837101529,SHORT,1.11379,1.11936,-553.5000000000068,-556.9999999999853,3.499999999978513
2015-05,1430838000000,1430838000007,1430841600291,SHORT,1.11873,1.11736,140.50000000001006,137.00000000000932,3.500000000000739
2015-05,1430842500000,1430842506213,1430846101343,LONG,1.11896,1.12025,130.99999999999224,129.00000000000134,1.999999999990905
2015-05,1430847000000,1430847000189,1430856000051,SHORT,1.11924,1.11913,12.499999999993072,11.00000000000545,1.4999999999876223
2015-05,1430856900000,1430856901059,1430860503426,SHORT,1.11845,1.11859,-8.000000000008,-14.000000000002899,5.999999999994898
2015-05,1430861400000,1430861400316,1430865001310,LONG,1.11877,1.11838,-35.00000000000725,-39.00000000001125,4.000000000004
2015-05,1430865900000,1430865900791,1430869514821,LONG,1.11828,1.11847,21.50000000002983,19.00000000001345,2.500000000016378
2015-05,1430874900000,1430874910274,1430878500527,LONG,1.11803,1.11896,95.50000000000392,92.99999999998754,2.500000000016385
2015-05,1430879400000,1430879403504,1430883000334,LONG,1.11908,1.12304,398.50000000001273,395.99999999999636,2.500000000016371
2015-05,1430883900000,1430883900163,1430887500160,LONG,1.1229,1.12259,-28.999999999990145,-31.000000000003247,2.0000000000131024
2015-05,1430888400000,1430888400235,1430892000247,SHORT,1.12351,1.12308,44.50000000000287,42.999999999993044,1.5000000000098268
2015-05,1430892900000,1430892900284,1430899200313,SHORT,1.12386,1.1246,-71.50000000000212,-73.99999999999629,2.4999999999941735
2015-05,1430900100000,1430900100072,1430903701923,SHORT,1.12376,1.1225,128.000000000017,126.0000000000039,2.0000000000131024
2015-05,1430904600000,1430904600090,1430908200030,SHORT,1.12058,1.1238,-319.999999999987,-322.00000000000006,2.000000000013074
2015-05,1430909100000,1430909100202,1430912702221,SHORT,1.12258,1.12237,22.999999999995246,20.999999999982144,2.0000000000131024
2015-05,1430920800000,1430920800321,1430924400198,LONG,1.13347,1.13533,188.9999999999947,185.99999999999727,2.999999999997442
2015-05,1430925300000,1430925300854,1430928900146,LONG,1.13487,1.13335,-148.99999999999915,-151.9999999999966,2.999999999997442
2015-05,1430929800000,1430929800348,1430933400046,LONG,1.13349,1.13369,21.49999999998542,19.999999999997797,1.4999999999876223
2015-05,1430934300000,1430934301032,1430938800143,SHORT,1.13365,1.13541,-173.99999999998528,-175.99999999999838,2.0000000000131024
2015-05,1430939700000,1430939705818,1430943300597,SHORT,1.13479,1.13473,8.999999999992347,5.999999999994898,2.999999999997449
2015-05,1430944200000,1430944200018,1430949600457,LONG,1.13486,1.13425,-55.99999999998939,-60.99999999999994,5.000000000010552
2015-05,1430950500000,1430950502282,1430954100959,SHORT,1.13438,1.13485,-42.49999999998977,-46.999999999997044,4.500000000007276
2015-05,1430955000000,1430955001123,1430958602594,SHORT,1.13441,1.13403,39.999999999995595,37.99999999998249,2.0000000000131024
2015-05,1430959500000,1430959509021,1430963100282,SHORT,1.13395,1.1337,26.999999999999247,25.00000000000835,1.999999999990898
2015-05,1430964000000,1430964000302,1430967600676,SHORT,1.13278,1.13369,-87.49999999999591,-91.00000000001884,3.5000000000229363
2015-05,1430968500000,1430968500884,1430972100774,SHORT,1.13457,1.13435,24.999999999986144,22.0000000000109,2.9999999999752447
2015-05,1430973000000,1430973000129,1430976600132,SHORT,1.13417,1.13577,-158.49999999999477,-160.00000000000458,1.5000000000098055
2015-05,1430977500000,1430977500344,1430981100312,SHORT,1.1362,1.13587,36.49999999999487,33.00000000001635,3.4999999999785203
2015-05,1430982000000,1430982000133,1430985600397,LONG,1.13404,1.13662,261.5000000000034,258.0000000000027,3.500000000000739
2015-05,1430986500000,1430986500606,1430990100315,SHORT,1.13568,1.13827,-255.99999999998957,-258.99999999998704,2.9999999999974705
2015-05,1430991000000,1430991000206,1430994600720,SHORT,1.13665,1.13497,168.99999999999693,167.9999999999904,1.000000000006537
2015-05,1430995500000,1430995500244,1430999100071,LONG,1.13427,1.13304,-121.4999999999744,-122.99999999998423,1.5000000000098197
2015-05,1431000000000,1431000000566,1431003600272,SHORT,1.12973,1.12954,22.500000000014175,18.999999999991246,3.500000000022929
2015-05,1431004500000,1431004500007,1431008100097,LONG,1.12787,1.12408,-376.9999999999829,-378.999999999996,2.000000000013131
2015-05,1431009000000,1431009000246,1431012600393,LONG,1.12649,1.12714,66.99999999999484,65.00000000000395,1.9999999999908908
2015-05,1431013500000,1431013500083,1431017106502,SHORT,1.12831,1.12759,73.49999999999301,71.99999999998319,1.5000000000098197
2015-05,1431018000000,1431018000200,1431021602997,LONG,1.12674,1.12642,-29.00000000001235,-32.0000000000098,2.999999999997449
2015-05,1431022500000,1431022500764,1431026100895,LONG,1.12643,1.12657,16.499999999997073,14.000000000002899,2.4999999999941735
2015-05,1431027000000,1431027000086,1431036000217,LONG,1.12679,1.12513,-156.00000000000057,-165.9999999999995,9.99999999999892
2015-05,1431036900000,1431036909173,1431040500210,SHORT,1.12519,1.12425,96.49999999998826,93.99999999999409,2.4999999999941735
2015-05,1431041400000,1431041404206,1431046802478,SHORT,1.12437,1.12465,-25.500000000011624,-27.999999999983594,2.499999999971969
2015-05,1431047700000,1431047701273,1431051300434,LONG,1.12456,1.1239,-62.50000000000977,-66.00000000001049,3.5000000000007176
2015-05,1431052200000,1431052202291,1431055800077,LONG,1.12265,1.12114,-148.50000000001808,-150.99999999999002,2.4999999999719478
2015-05,1431056700000,1431056700125,1431060300473,SHORT,1.12035,1.12211,-173.5000000000042,-175.99999999999838,2.4999999999941735
2015-05,1431061200000,1431061200924,1431064800213,SHORT,1.12167,1.12055,116.50000000000827,112.000000000001,4.500000000007276
2015-05,1431065700000,1431065700483,1431072000501,LONG,1.1196,1.12161,202.49999999999434,201.00000000000674,1.4999999999876081
2015-05,1431072900000,1431072900688,1431076500094,SHORT,1.12424,1.12296,131.00000000001444,127.99999999999478,3.0000000000196536
2015-05,1431077400000,1431077400183,1431081000093,LONG,1.12382,1.1228,-99.50000000000792,-102.00000000000209,2.4999999999941735
2015-05,1431081900000,1431081904326,1431085500020,LONG,1.12184,1.12269,87.99999999999919,85.00000000000173,2.9999999999974563
2015-05,1431086400000,1431086401250,1431090000371,LONG,1.12106,1.12622,518.4999999999995,516.0000000000053,2.499999999994202
2015-05,1431090900000,1431090900095,1431094501423,SHORT,1.12474,1.12054,423.0000000000178,419.9999999999982,3.000000000019611
2015-05,1431095400000,1431095400591,1431099000396,LONG,1.12046,1.12341,297.4999999999728,295.0000000000008,2.499999999971976
2015-05,1431099900000,1431099900154,1431103500279,SHORT,1.12453,1.1218,275.00000000002524,273.0000000000121,2.000000000013131
2015-05,1431104400000,1431104400554,1431108000283,LONG,1.12206,1.12272,68.49999999998246,65.99999999998829,2.4999999999941735
2015-05,1431108900000,1431108900129,1431112500051,LONG,1.12034,1.12123,91.49999999999991,89.00000000000574,2.4999999999941735
2015-05,1431113400000,1431113400430,1431291634643,LONG,1.12139,1.11975,-143.00000000000423,-164.00000000000858,21.00000000000435
2015-05,1431292500000,1431292500719,1431296104770,SHORT,1.12007,1.12034,-10.500000000002174,-26.999999999999247,16.499999999997073
2015-05,1431297000000,1431297000429,1431300600592,LONG,1.11998,1.11925,-71.00000000002105,-72.99999999998974,1.9999999999686935
2015-05,1431301500000,1431301500045,1431305101008,SHORT,1.11956,1.11973,-14.000000000002899,-16.999999999978144,2.9999999999752447
2015-05,1431306000000,1431306001436,1431309600739,LONG,1.11667,1.11592,-72.99999999998974,-75.00000000000284,2.0000000000131024
2015-05,1431310500000,1431310500169,1431314103512,LONG,1.11623,1.11534,-87.00000000001484,-89.00000000000574,1.999999999990905
2015-05,1431315000000,1431315001551,1431318601610,LONG,1.11404,1.11442,40.499999999976666,38.0000000000047,2.499999999971969
2015-05,1431319500000,1431319507356,1431323100693,LONG,1.11455,1.11441,-10.999999999983245,-14.000000000002899,3.0000000000196536
2015-05,1431324000000,1431324000360,1431327600114,SHORT,1.11453,1.11913,-457.9999999999807,-459.99999999999375,2.000000000013074
2015-05,1431328500000,1431328500873,1431332100328,LONG,1.11756,1.1176,5.999999999972694,3.999999999981796,1.999999999990898
2015-05,1431333000000,1431333000792,1431336603270,LONG,1.11626,1.11574,-48.000000000003595,-52.000000000007596,4.000000000004
2015-05,1431337500000,1431337502254,1431341100411,SHORT,1.11627,1.11605,23.499999999998522,22.0000000000109,1.4999999999876223
2015-05,1431342000000,1431342001035,1431345600658,SHORT,1.1154,1.11419,123.49999999998751,120.99999999999334,2.4999999999941735
2015-05,1431346500000,1431346500012,1431350100571,SHORT,1.11422,1.11564,-139.50000000000352,-141.99999999999767,2.499999999994145
2015-05,1431351000000,1431351000299,1431356400176,LONG,1.11407,1.11486,80.50000000001667,79.00000000000685,1.5000000000098197
2015-05,1431357300000,1431357300220,1431363600529,LONG,1.11502,1.11579,79.50000000001012,77.00000000001594,2.4999999999941735
2015-05,1431364500000,1431364504987,1431374400278,SHORT,1.1149,1.11519,-25.999999999992696,-28.999999999990145,2.999999999997449
2015-05,1431375300000,1431375336884,1431378958957,SHORT,1.11525,1.11574,-42.49999999998977,-48.99999999998794,6.499999999998174
2015-05,1431379800000,1431379801253,1431383400084,SHORT,1.11562,1.11548,18.0000000000069,14.000000000002899,4.000000000004
2015-05,1431384300000,1431384306762,1431387903291,SHORT,1.11514,1.11481,36.49999999999487,32.999999999994145,3.5000000000007248
2015-05,1431388800000,1431388800530,1431392402222,LONG,1.11459,1.114,-57.00000000001815,-58.99999999998684,1.9999999999686935
2015-05,1431393300000,1431393304896,1431396901218,SHORT,1.11437,1.11478,-38.0000000000047,-41.000000000002146,2.999999999997449
2015-05,1431397800000,1431397801893,1431401403555,SHORT,1.11495,1.11619,-121.50000000001882,-123.99999999999079,2.499999999971976
2015-05,1431402300000,1431402300602,1431405901593,SHORT,1.11534,1.11658,-120.99999999999334,-123.99999999999079,2.9999999999974563
2015-05,1431406800000,1431406800802,1431410400188,SHORT,1.11717,1.11762,-43.500000000018524,-45.000000000006146,1.4999999999876223
2015-05,1431411300000,1431411300288,1431414900212,SHORT,1.11876,1.11921,-43.49999999999632,-45.000000000006146,1.5000000000098268
2015-05,1431415800000,1431415800609,1431419400391,LONG,1.122,1.12466,268.9999999999859,265.99999999998846,2.999999999997442
2015-05,1431420300000,1431420301428,1431423900224,SHORT,1.12464,1.12709,-241.99999999998667,-244.9999999999841,2.999999999997442
2015-05,1431424800000,1431424800721,1431428400112,SHORT,1.12663,1.12536,131.00000000001444,127.00000000001043,4.0000000000040075
2015-05,1431429300000,1431429300225,1431435600022,LONG,1.12463,1.12284,-177.00000000000495,-178.99999999999582,1.9999999999908766
2015-05,1431436500000,1431436500003,1431440100410,SHORT,1.12284,1.12589,-301.499999999999,-304.9999999999997,3.500000000000739
2015-05,1431441000000,1431441000247,1431444600354,LONG,1.12557,1.12346,-209.50000000001802,-211.00000000000563,1.4999999999876081
2015-05,1431445500000,1431445501874,1431450000163,SHORT,1.1242,1.12373,49.49999999999122,47.00000000001925,2.499999999971969
2015-05,1431450900000,1431450900390,1431454500004,SHORT,1.12334,1.12184,152.49999999999986,150.00000000000568,2.4999999999941735
2015-05,1431455400000,1431455400284,1431459001405,SHORT,1.12212,1.12169,45.50000000000942,42.999999999993044,2.500000000016378
2015-05,1431459900000,1431459901255,1431463500360,SHORT,1.12171,1.12114,59.99999999999339,56.99999999999594,2.999999999997449
2015-05,1431464400000,1431464400175,1431468000324,LONG,1.12138,1.12212,81.50000000000102,73.99999999999629,7.500000000004732
2015-05,1431468900000,1431468900102,1431472502856,SHORT,1.12167,1.12177,-5.499999999991623,-9.999999999998899,4.500000000007276
2015-05,1431473400000,1431473400868,1431477001001,LONG,1.12187,1.12297,112.000000000001,110.00000000001009,1.999999999990905
2015-05,1431477900000,1431477900525,1431481500221,LONG,1.12269,1.12215,-51.00000000002325,-53.999999999998494,2.9999999999752447
2015-05,1431482400000,1431482400197,1431486001599,SHORT,1.12197,1.12358,-158.0000000000137,-161.00000000001114,2.999999999997442
2015-05,1431486900000,1431486900186,1431490500168,LONG,1.12427,1.12501,76.50000000001268,73.99999999999629,2.500000000016385
2015-05,1431491400000,1431491422911,1431495000137,LONG,1.12507,1.12513,8.000000000008,5.999999999994898,2.0000000000131024
2015-05,1431495900000,1431495900287,1431499500631,SHORT,1.12469,1.12535,-63.50000000001632,-66.00000000001049,2.4999999999941664
2015-05,1431500400000,1431500400173,1431504000374,SHORT,1.12519,1.12511,11.500000000008725,7.999999999985796,3.500000000022929
2015-05,1431504900000,1431504900192,1431511200104,LONG,1.12458,1.12286,-169.5000000000002,-171.99999999999437,2.4999999999941735
2015-05,1431512100000,1431512100148,1431515701331,SHORT,1.12205,1.12256,-48.49999999998467,-51.000000000001044,2.500000000016378
2015-05,1431516600000,1431516600029,1431520200401,SHORT,1.12317,1.12297,30.49999999999997,19.999999999997797,10.500000000002174
2015-05,1431521100000,1431521100088,1431525600311,LONG,1.13105,1.13307,204.50000000000745,201.99999999999108,2.500000000016371
2015-05,1431526500000,1431526500045,1431530100246,SHORT,1.13404,1.13491,-84.50000000002066,-87.00000000001484,2.4999999999941735
2015-05,1431531000000,1431531000265,1431534600132,SHORT,1.13576,1.13673,-95.999999999985,-96.99999999999153,1.000000000006537
2015-05,1431535500000,1431535500564,1431539104594,SHORT,1.13626,1.13649,-21.00000000000435,-22.999999999995246,1.999999999990898
2015-05,1431540000000,1431540000192,1431543600009,SHORT,1.13565,1.13603,-36.0000000000138,-38.0000000000047,1.999999999990898
2015-05,1431544500000,1431544500033,1431548100999,SHORT,1.13506,1.13456,52.000000000007596,49.99999999999449,2.0000000000131024
2015-05,1431549000000,1431549000236,1431552609887,SHORT,1.1349,1.13508,-11.500000000008725,-18.0000000000069,6.499999999998174
2015-05,1431553500000,1431553501419,1431557108443,SHORT,1.13518,1.13583,-59.99999999999339,-64.99999999998174,4.999999999988347
2015-05,1431558000000,1431558000218,1431561605376,SHORT,1.13526,1.13471,59.499999999990116,54.99999999998284,4.500000000007276
2015-05,1431562500000,1431562500327,1431566100472,LONG,1.13472,1.13574,104.49999999999626,102.00000000000209,2.4999999999941735
2015-05,1431567000000,1431567000397,1431570601900,SHORT,1.1356,1.13605,-42.49999999998977,-45.000000000006146,2.500000000016378
2015-05,1431571500000,1431571500509,1431576001095,SHORT,1.13514,1.13707,-191.49999999998892,-192.99999999999872,1.5000000000098055
2015-05,1431576900000,1431576900240,1431580500018,LONG,1.13674,1.13606,-64.99999999998174,-68.00000000000139,3.0000000000196536
2015-05,1431581400000,1431581400208,1431585000352,LONG,1.13605,1.13756,154.0000000000097,150.99999999999002,3.000000000019668
2015-05,1431585900000,1431585901723,1431589500025,LONG,1.13974,1.14112,140.99999999999113,137.9999999999937,2.999999999997442
2015-05,1431590400000,1431590400485,1431594000961,LONG,1.13905,1.14034,131.4999999999955,129.00000000000134,2.4999999999941735
2015-05,1431594900000,1431594900281,1431598501025,LONG,1.14207,1.14203,-0.5000000000032756,-3.999999999981796,3.4999999999785203
2015-05,1431599400000,1431599400512,1431603000135,LONG,1.14292,1.14192,-97.49999999999481,-99.99999999998899,2.4999999999941735
2015-05,1431603900000,1431603900676,1431607500567,SHORT,1.14137,1.14228,-88.99999999998354,-90.99999999999665,2.0000000000131024
2015-05,1431608400000,1431608400187,1431612000129,SHORT,1.14124,1.14024,102.00000000000209,100.0000000000112,1.9999999999908908
2015-05,1431612900000,1431612900667,1431616500030,LONG,1.13979,1.13691,-285.5000000000274,-287.9999999999994,2.499999999971976
2015-05,1431617400000,1431617400253,1431621000057,LONG,1.13474,1.13759,286.49999999998954,285.00000000000193,1.4999999999876081
2015-05,1431621900000,1431621900202,1431626400127,LONG,1.13778,1.1379,14.49999999998397,11.999999999989797,2.4999999999941735
2015-05,1431627300000,1431627300063,1431630900042,LONG,1.13842,1.14006,165.4999999999962,164.00000000000858,1.4999999999876081
2015-05,1431631800000,1431631800219,1431635400246,LONG,1.14022,1.14125,105.50000000000281,103.00000000000864,2.4999999999941735
2015-05,1431636300000,1431636300111,1431639900331,SHORT,1.14122,1.1411,20.500000000001073,11.999999999989797,8.500000000011276
2015-05,1431640800000,1431640800455,1431644400363,LONG,1.14076,1.1404,-30.499999999977767,-35.999999999991594,5.500000000013827
2015-05,1431645300000,1431645300661,1431648900789,LONG,1.14025,1.14053,30.49999999999997,28.000000000005798,2.4999999999941735
2015-05,1431649800000,1431649800060,1431653409674,SHORT,1.14092,1.14034,59.99999999999339,58.000000000002494,1.999999999990898
2015-05,1431654300000,1431654300051,1431657900370,SHORT,1.14013,1.14064,-47.500000000022524,-51.000000000001044,3.4999999999785203
2015-05,1431658800000,1431658800290,1431662402139,SHORT,1.14052,1.14073,-18.500000000010175,-21.00000000000435,2.4999999999941735
2015-05,1431663300000,1431663301277,1431666900253,LONG,1.14094,1.14073,-19.49999999999452,-21.00000000000435,1.5000000000098268
2015-05,1431667800000,1431667800422,1431671400263,SHORT,1.14032,1.1376,274.50000000002194,272.00000000000557,2.500000000016371
2015-05,1431672300000,1431672300941,1431675901085,SHORT,1.13863,1.13835,29.999999999996696,28.000000000005798,1.999999999990898
2015-05,1431676800000,1431676800180,1431680400298,SHORT,1.13851,1.13596,258.0000000000027,254.999999999983,3.000000000019668
2015-05,1431681300000,1431681300362,1431684900170,SHORT,1.13582,1.13544,40.0000000000178,38.0000000000047,2.0000000000131024
2015-05,1431685800000,1431685800499,1431689404336,SHORT,1.13685,1.13603,85.50000000000502,81.9999999999821,3.500000000022922
2015-05,1431690300000,1431690303103,1431693900473,LONG,1.13638,1.13343,-290.9999999999968,-295.0000000000008,4.000000000003979
2015-05,1431694800000,1431694801398,1431698400161,SHORT,1.13352,1.13548,-192.49999999999545,-195.9999999999962,3.500000000000739
2015-05,1431699300000,1431699300755,1431702901485,LONG,1.13983,1.14272,291.5000000000223,289.0000000000059,2.500000000016371
2015-05,1431703800000,1431703800769,1431707400365,SHORT,1.14326,1.14155,174.00000000000747,170.99999999998784,3.0000000000196394
2015-05,1431708300000,1431708300092,1431711900566,LONG,1.14273,1.14431,160.99999999998892,157.99999999999147,2.999999999997442
2015-05,1431712800000,1431712800614,1431720000258,SHORT,1.14369,1.14483,-110.99999999997223,-113.99999999999189,3.0000000000196536
2015-05,1431720900000,1431720900544,1431896434584,SHORT,1.14437,1.14504,-46.999999999997044,-66.99999999999484,19.999999999997797
2015-05,1431897300000,1431897310000,1431900900458,SHORT,1.14468,1.1445,22.49999999999197,17.999999999984695,4.500000000007276
2015-05,1431901800000,1431901800689,1431905400000,SHORT,1.14389,1.14415,-22.49999999999197,-25.999999999992696,3.5000000000007248
2015-05,1431906300000,1431906310068,1431909900392,LONG,1.14405,1.14344,-58.0000000000247,-60.99999999999994,2.9999999999752447
2015-05,1431910800000,1431910800449,1431914400702,LONG,1.14334,1.14223,-106.49999999998715,-110.99999999999443,4.500000000007276
2015-05,1431915300000,1431915300006,1431918901984,SHORT,1.14293,1.14312,-17.500000000003624,-18.999999999991246,1.4999999999876223
2015-05,1431919800000,1431919800043,1431923400849,LONG,1.14343,1.14338,-2.4999999999941735,-4.999999999988347,2.4999999999941735
2015-05,1431924300000,1431924305002,1431927900175,SHORT,1.14348,1.14267,85.50000000000502,80.99999999999774,4.500000000007276
2015-05,1431928800000,1431928800203,1431932400189,SHORT,1.14376,1.14171,208.99999999999253,205.00000000001074,3.9999999999817817
2015-05,1431933300000,1431933300265,1431936900270,SHORT,1.14191,1.13722,471.5000000000025,469.0000000000083,2.499999999994202
2015-05,1431937800000,1431937801524,1431941400112,LONG,1.13791,1.13735,-53.49999999999522,-55.99999999998939,2.4999999999941735
2015-05,1431942300000,1431942300310,1431945900072,SHORT,1.13936,1.14154,-215.00000000003183,-218.00000000000708,2.9999999999752447
2015-05,1431946800000,1431946800027,1431950400148,SHORT,1.14174,1.14057,119.00000000000244,116.99999999998934,2.0000000000131024
2015-05,1431951300000,1431951300042,1431954900478,SHORT,1.13894,1.13875,21.00000000000435,19.00000000001345,1.999999999990898
2015-05,1431955800000,1431955800214,1431959401724,SHORT,1.13743,1.13519,226.9999999999772,224.000000000002,2.9999999999752163
2015-05,1431960300000,1431960300101,1431963900296,SHORT,1.13482,1.13531,-46.49999999999377,-49.00000000001015,2.500000000016378
2015-05,1431964800000,1431964800101,1431968400078,SHORT,1.13541,1.13508,34.99999999998504,32.999999999994145,1.999999999990898
2015-05,1431969300000,1431969303101,1431975600014,SHORT,1.1346,1.13035,427.50000000002507,425.0000000000087,2.500000000016371
2015-05,1431976500000,1431976500006,1431980100147,LONG,1.13023,1.13116,94.99999999997843,92.99999999998754,1.9999999999908908
2015-05,1431981000000,1431981000281,1431984600468,SHORT,1.13147,1.13129,21.00000000000435,18.0000000000069,2.999999999997449
2015-05,1431985500000,1431985501080,1431989100336,LONG,1.13149,1.13149,4.000000000004,0.0,4.000000000004
2015-05,1431990900000,1431990901094,1431994501143,SHORT,1.13198,1.13256,-56.50000000001487,-58.000000000002494,1.4999999999876223
2015-05,1431995400000,1431995401874,1431999001967,SHORT,1.1317,1.13107,65.49999999996281,62.99999999999084,2.499999999971969
2015-05,1431999900000,1431999901264,1432003500324,LONG,1.13043,1.12928,-112.50000000000426,-114.99999999999844,2.4999999999941735
2015-05,1432004400000,1432004401376,1432008000475,SHORT,1.12963,1.13064,-97.49999999999481,-101.00000000001774,3.500000000022922
2015-05,1432008900000,1432008900467,1432015200234,LONG,1.13016,1.13162,147.99999999999258,146.00000000000168,1.999999999990905
2015-05,1432016100000,1432016100029,1432019700187,SHORT,1.12911,1.12186,727.499999999992,724.9999999999978,2.499999999994202
2015-05,1432020600000,1432020600029,1432024200188,SHORT,1.11923,1.1185,75.00000000000284,72.99999999998974,2.0000000000131024
2015-05,1432025100000,1432025100175,1432028700008,LONG,1.11877,1.11875,1.4999999999876223,-2.0000000000131024,3.5000000000007248
2015-05,1432029600000,1432029600239,1432033200098,SHORT,1.12034,1.12153,-116.50000000003047,-119.00000000000244,2.499999999971976
2015-05,1432034100000,1432034100229,1432037700108,LONG,1.12034,1.11803,-229.5000000000158,-230.9999999999812,1.4999999999654108
2015-05,1432038600000,1432038600324,1432042200227,SHORT,1.119,1.11385,520.9999999999936,514.9999999999987,5.999999999994884
2015-05,1432043100000,1432043100153,1432046700334,SHORT,1.1164,1.11392,251.4999999999823,248.00000000000378,3.499999999978513
2015-05,1432047600000,1432047600056,1432051200029,LONG,1.11287,1.11502,217.5000000000038,214.99999999998744,2.500000000016371
2015-05,1432052100000,1432052103339,1432055701791,LONG,1.11469,1.11339,-128.49999999999807,-129.99999999998568,1.4999999999876081
2015-05,1432056600000,1432056600425,1432060200088,SHORT,1.11376,1.1156,-180.50000000000566,-183.99999999998417,3.499999999978513
2015-05,1432061100000,1432061100099,1432065600471,SHORT,1.11568,1.11478,93.49999999999082,89.99999999999008,3.500000000000739
2015-05,1432066500000,1432066505430,1432070100396,LONG,1.11499,1.11483,-12.999999999996348,-15.999999999993797,2.999999999997449
2015-05,1432071000000,1432071001082,1432074618889,LONG,1.11475,1.11453,-17.000000000000348,-21.999999999988695,4.999999999988347
2015-05,1432075500000,1432075507951,1432079105432,LONG,1.11422,1.11431,12.999999999996348,8.999999999992347,4.000000000004
2015-05,1432084500000,1432084507838,1432090800131,SHORT,1.11288,1.11441,-150.49999999998676,-152.99999999998093,2.4999999999941735
2015-05,1432091700000,1432091702724,1432095304462,LONG,1.11413,1.1138,-31.500000000006523,-33.00000000001635,1.5000000000098268
2015-05,1432096200000,1432096209669,1432099802237,LONG,1.11431,1.11373,-55.000000000005045,-57.99999999998029,2.9999999999752447
2015-05,1432100700000,1432100700570,1432104300122,SHORT,1.11431,1.10751,683.9999999999957,679.9999999999917,4.000000000003979
2015-05,1432105200000,1432105200265,1432108800072,LONG,1.10833,1.11002,170.50000000000676,168.99999999999693,1.500000000009834
2015-05,1432109700000,1432109700246,1432113300274,SHORT,1.11227,1.1114,89.50000000000901,87.00000000001484,2.4999999999941735
2015-05,1432114200000,1432114201020,1432117800531,SHORT,1.11183,1.11179,7.500000000004725,4.000000000004,3.5000000000007248
2015-05,1432118700000,1432118700744,1432122300025,LONG,1.1102,1.11007,-11.500000000008725,-13.000000000018552,1.5000000000098268
2015-05,1432123200000,1432123200561,1432126800369,LONG,1.11111,1.11415,306.50000000000955,303.9999999999932,2.500000000016371
2015-05,1432127700000,1432127700173,1432131300110,LONG,1.11188,1.10944,-241.5000000000056,-243.99999999999977,2.4999999999941735
2015-05,1432132200000,1432132200198,1432135800339,SHORT,1.11077,1.10958,121.4999999999744,119.00000000000244,2.499999999971962
2015-05,1432136700000,1432136700318,1432140300208,LONG,1.10839,1.10893,56.99999999997374,53.999999999998494,2.9999999999752447
2015-05,1432141200000,1432141200057,1432148400340,LONG,1.1098,1.11151,173.99999999998528,171.00000000001003,2.9999999999752447
2015-05,1432149300000,1432149300196,1432152903717,LONG,1.11317,1.10983,-331.0000000000146,-333.9999999999899,2.999999999975273
2015-05,1432153800000,1432153800143,1432157400736,LONG,1.10971,1.10942,-21.500000000007624,-28.999999999990145,7.499999999982521
2015-05,1432158300000,1432158302129,1432161911717,SHORT,1.10898,1.10956,-46.999999999997044,-58.000000000002494,11.00000000000545
2015-05,1432162800000,1432162800785,1432170000743,SHORT,1.10956,1.11176,-217.0000000000005,-219.99999999999798,2.9999999999974705
2015-05,1432170900000,1432170900552,1432174502150,LONG,1.1114,1.11246,108.49999999997806,106.00000000000608,2.499999999971976
2015-05,1432175400000,1432175407935,1432179004028,SHORT,1.11251,1.11225,29.999999999996696,26.0000000000149,3.999999999981796
2015-05,1432179900000,1432179900174,1432183500331,LONG,1.11225,1.11159,-61.99999999998429,-65.99999999998829,4.000000000004
2015-05,1432184400000,1432184400518,1432188002102,SHORT,1.11242,1.11172,72.0000000000054,69.9999999999923,2.0000000000131024
2015-05,1432188900000,1432188900492,1432192500136,SHORT,1.11032,1.11287,-252.50000000001106,-255.00000000000523,2.4999999999941735
2015-05,1432193400000,1432193400406,1432197000484,SHORT,1.11247,1.11635,-385.50000000001637,-387.99999999998835,2.499999999971976
2015-05,1432197900000,1432197900137,1432201501064,LONG,1.11534,1.11537,5.999999999994898,2.999999999997449,2.999999999997449
2015-05,1432202400000,1432202400353,1432206000181,SHORT,1.11399,1.11647,-245.5000000000318,-248.00000000000378,2.499999999971976
2015-05,1432206900000,1432206900990,1432210500012,SHORT,1.11613,1.11332,283.5000000000143,280.9999999999979,2.5000000000164277
2015-05,1432211400000,1432211400033,1432215006276,LONG,1.11329,1.11151,-170.00000000000347,-177.99999999998929,7.999999999985818
2015-05,1432215900000,1432215900755,1432219500359,LONG,1.11157,1.11246,92.99999999998754,89.00000000000574,3.999999999981796
2015-05,1432220400000,1432220400002,1432224000143,LONG,1.11198,1.11258,62.50000000000977,59.99999999999339,2.500000000016378
2015-05,1432224900000,1432224900286,1432228502468,LONG,1.11285,1.11321,39.00000000001125,36.0000000000138,2.999999999997449
2015-05,1432229400000,1432229400002,1432233006023,SHORT,1.1132,1.11188,134.50000000001518,131.99999999999878,2.5000000000163993
2015-05,1432233900000,1432233900375,1432237500275,SHORT,1.11283,1.11248,38.50000000000797,35.00000000000725,3.5000000000007248
2015-05,1432238400000,1432238400270,1432245600367,LONG,1.11149,1.11075,-68.50000000000466,-74.0000000000185,5.500000000013841
2015-05,1432246500000,1432246500228,1432250101990,LONG,1.11092,1.11092,8.000000000008,0.0,8.000000000008
2015-05,1432251000000,1432251000460,1432254603904,LONG,1.1109,1.1118,93.99999999999409,89.99999999999008,4.0000000000040075
2015-05,1432255500000,1432255502123,1432259100574,LONG,1.11185,1.11271,89.50000000003122,86.0000000000083,3.500000000022922
2015-05,1432260000000,1432260000348,1432270800200,LONG,1.11256,1.11404,150.99999999999002,147.99999999999258,2.999999999997442
2015-05,1432271700000,1432271703908,1432275300242,SHORT,1.11451,1.11657,-202.50000000001654,-206.00000000001728,3.500000000000739
2015-05,1432276200000,1432276200142,1432279800005,LONG,1.11575,1.11643,72.0000000000054,68.00000000000139,4.0000000000040075
2015-05,1432280700000,1432280700011,1432284300461,SHORT,1.11641,1.11606,36.999999999998145,34.99999999998504,2.0000000000131024
2015-05,1432285200000,1432285200318,1432288800511,LONG,1.11695,1.11922,229.4999999999936,226.99999999999943,2.4999999999941735
2015-05,1432289700000,1432289700880,1432293300362,SHORT,1.1199,1.11827,165.9999999999995,162.99999999997982,3.000000000019668
2015-05,1432294200000,1432294200237,1432297800464,LONG,1.11765,1.11735,-22.49999999999197,-29.999999999996696,7.500000000004725
2015-05,1432298700000,1432298700345,1432302300209,SHORT,1.11003,1.10159,846.9999999999977,844.0000000000003,2.999999999997385
2015-05,1432311300000,1432311302135,1432314900201,LONG,1.10357,1.10162,-191.00000000000784,-194.99999999998963,3.9999999999817817
2015-05,1432315800000,1432315800527,1432319400947,LONG,1.10162,1.10052,-106.99999999999044,-110.00000000001009,3.0000000000196536
2015-05,1432320300000,1432320300080,1432323900734,LONG,1.10117,1.10085,-28.49999999998687,-31.999999999987594,3.5000000000007248
2015-05,1432324800000,1432324800246,1432501202406,LONG,1.10084,1.10016,-41.000000000002146,-68.00000000000139,26.999999999999247
2015-05,1432502100000,1432502100246,1432505706827,LONG,1.10055,1.09891,-150.99999999999002,-163.9999999999864,12.999999999996362
2015-05,1432506600000,1432506601304,1432510200099,LONG,1.10009,1.10023,22.0000000000109,14.000000000002899,8.000000000008
2015-05,1432511100000,1432511100163,1432514702525,SHORT,1.09902,1.09757,150.99999999999002,145.00000000001734,5.999999999972687
2015-05,1432515600000,1432515600020,1432519209787,LONG,1.09787,1.09795,11.999999999989797,8.000000000008,3.999999999981796
2015-05,1432520100000,1432520100416,1432523700315,SHORT,1.09823,1.09946,-119.50000000000571,-123.00000000000644,3.5000000000007248
2015-05,1432524600000,1432524638644,1432528204966,SHORT,1.0988,1.09838,44.50000000000287,42.0000000000087,2.4999999999941735
2015-05,1432529100000,1432529100574,1432532700922,LONG,1.09826,1.09884,62.499999999987566,58.000000000002494,4.4999999999850715
2015-05,1432533600000,1432533600563,1432537200103,SHORT,1.09862,1.10044,-178.49999999999255,-182.0000000000155,3.5000000000229363
2015-05,1432538100000,1432538100286,1432541701720,LONG,1.09973,1.09634,-333.4999999999866,-339.0000000000004,5.500000000013813
2015-05,1432542600000,1432542600568,1432546201506,LONG,1.0965,1.09762,116.49999999998606,112.000000000001,4.499999999985064
2015-05,1432547100000,1432547100287,1432550700383,LONG,1.09727,1.09753,28.500000000009074,25.999999999992696,2.500000000016378
2015-05,1432551600000,1432551601655,1432555200104,SHORT,1.09752,1.09773,-15.500000000012726,-21.00000000000435,5.499999999991623
2015-05,1432556100000,1432556100113,1432559703491,SHORT,1.09779,1.09847,-65.00000000002615,-68.00000000000139,2.9999999999752447
2015-05,1432560600000,1432560600488,1432564201481,LONG,1.09849,1.09709,-134.49999999999295,-140.0000000000068,5.500000000013841
2015-05,1432565100000,1432565100371,1432568703273,SHORT,1.09707,1.09747,-34.50000000000397,-39.999999999995595,5.499999999991623
2015-05,1432569600000,1432569600790,1432573200557,SHORT,1.09707,1.09853,-141.99999999999767,-146.00000000000168,4.0000000000040075
2015-05,1432574100000,1432574101627,1432580400178,SHORT,1.0979,1.09795,1.0000000000065512,-4.999999999988347,5.999999999994898
2015-05,1432581300000,1432581302075,1432584903450,SHORT,1.09776,1.09799,-15.999999999993797,-22.999999999995246,7.0000000000014495
2015-05,1432585800000,1432585800249,1432589406124,LONG,1.09792,1.09781,-2.0000000000131024,-11.00000000000545,8.999999999992347
2015-05,1432590300000,1432590322785,1432593905049,LONG,1.09795,1.09794,5.499999999969418,-1.0000000000065512,6.4999999999759694
2015-05,1432595700000,1432595700924,1432599300207,SHORT,1.09788,1.0963,160.49999999998565,157.99999999999147,2.4999999999941735
2015-05,1432600200000,1432600200332,1432603800281,LONG,1.09656,1.09362,-290.9999999999968,-293.99999999999426,2.999999999997442
2015-05,1432604700000,1432604700931,1432608300932,LONG,1.09368,1.09487,121.99999999999989,119.00000000000244,2.999999999997442
2015-05,1432609200000,1432609200170,1432612800732,SHORT,1.09498,1.09431,72.50000000000867,67.00000000001705,5.499999999991616
2015-05,1432613700000,1432613700702,1432617300241,LONG,1.0943,1.09293,-131.99999999999878,-137.00000000000932,5.0000000000105445
2015-05,1432618200000,1432618200970,1432621800325,SHORT,1.09331,1.09141,191.99999999997,190.00000000000128,1.9999999999687077
2015-05,1432622700000,1432622700214,1432626300395,SHORT,1.09115,1.09098,19.999999999997797,17.000000000000348,2.999999999997449
2015-05,1432627200000,1432627200434,1432630800299,LONG,1.08999,1.08913,-83.49999999999191,-86.0000000000083,2.500000000016385
2015-05,1432631700000,1432631700901,1432635301531,LONG,1.09034,1.0909,58.000000000002494,55.99999999998939,2.0000000000131024
2015-05,1432636200000,1432636200685,1432641600672,SHORT,1.08977,1.09338,-358.9999999999982,-361.0000000000113,2.000000000013131
2015-05,1432642500000,1432642500336,1432646100284,LONG,1.09258,1.09163,-92.50000000000647,-95.00000000000064,2.4999999999941735
2015-05,1432647000000,1432647000235,1432650600270,SHORT,1.09055,1.08751,305.500000000003,303.9999999999932,1.500000000009834
2015-05,1432651500000,1432651500358,1432655100196,SHORT,1.08871,1.0898,-105.50000000000281,-109.00000000000354,3.5000000000007248
2015-05,1432656000000,1432656000199,1432659600641,SHORT,1.0876,1.08912,-150.00000000000568,-152.0000000000188,2.0000000000131024
2015-05,1432660500000,1432660500511,1432664106098,SHORT,1.08822,1.0874,83.49999999999191,82.00000000000429,1.4999999999876223
2015-05,1432665000000,1432665002683,1432668600706,LONG,1.0877,1.08725,-43.00000000001525,-44.99999999998394,1.9999999999686935
2015-05,1432669500000,1432669501181,1432673100153,SHORT,1.08747,1.08788,-37.00000000002035,-41.000000000002146,3.999999999981796
2015-05,1432674000000,1432674000517,1432677600190,LONG,1.08731,1.08726,5.499999999991623,-5.000000000010552,10.500000000002174
2015-05,1432678500000,1432678504256,1432682113084,LONG,1.08814,1.08835,25.500000000011624,20.999999999982144,4.50000000002948
2015-05,1432684800000,1432684800600,1432688400220,LONG,1.08866,1.0879,-73.99999999999629,-75.99999999998718,1.9999999999908908
2015-05,1432689300000,1432689302151,1432692907773,LONG,1.08665,1.08724,62.000000000006494,59.000000000009045,2.999999999997449
2015-05,1432693800000,1432693800173,1432697400023,LONG,1.08713,1.08851,141.5000000000166,138.0000000000159,3.5000000000007105
2015-05,1432698300000,1432698303586,1432701900461,SHORT,1.08876,1.08801,78.99999999998464,75.00000000000284,3.999999999981796
2015-05,1432702800000,1432702802246,1432706400124,SHORT,1.08891,1.09072,-176.49999999997945,-180.99999999998673,4.500000000007276
2015-05,1432707300000,1432707300504,1432710901254,LONG,1.0913,1.09061,-65.99999999998829,-68.99999999998573,2.999999999997442
2015-05,1432711800000,1432711800289,1432715400262,SHORT,1.09129,1.09161,-30.49999999999997,-31.999999999987594,1.4999999999876223
2015-05,1432716300000,1432716300081,1432719900143,SHORT,1.0918,1.08963,219.99999999999798,217.0000000000005,2.9999999999974705
2015-05,1432720800000,1432720800297,1432724401032,SHORT,1.09018,1.08816,203.49999999997868,201.99999999999108,1.4999999999876081
2015-05,1432725300000,1432725300898,1432728900151,LONG,1.08872,1.08622,-248.50000000000705,-249.99999999999466,1.4999999999876081
2015-05,1432729800000,1432729800888,1432733400057,LONG,1.08482,1.08322,-158.49999999999477,-159.99999999998238,1.4999999999876081
2015-05,1432734300000,1432734300205,1432737900461,LONG,1.08422,1.08877,456.499999999993,455.0000000000054,1.4999999999876081
2015-05,1432738800000,1432738800241,1432742400000,SHORT,1.08789,1.08865,-75.00000000000284,-75.99999999998718,0.9999999999843396
2015-05,1432743300000,1432743307585,1432746909165,SHORT,1.08849,1.08812,40.0000000000178,36.999999999998145,3.0000000000196536
2015-05,1432747800000,1432747801614,1432751401426,SHORT,1.08871,1.08898,-24.000000000024002,-26.999999999999247,2.9999999999752447
2015-05,1432752300000,1432752318718,1432755900395,SHORT,1.08838,1.0904,-200.00000000000017,-202.00000000001327,2.0000000000131024
2015-05,1432756800000,1432756800498,1432760401258,LONG,1.09013,1.09036,31.000000000003247,22.999999999995246,8.000000000008
2015-05,1432761300000,1432761300203,1432764901234,LONG,1.09022,1.08992,-22.500000000014175,-29.999999999996696,7.499999999982521
2015-05,1432765800000,1432765800555,1432769400191,LONG,1.08956,1.08997,45.000000000006146,41.000000000002146,4.000000000004
2015-05,1432770300000,1432770317254,1432773900864,SHORT,1.0899,1.09151,-156.49999999998164,-160.99999999998892,4.500000000007276
2015-05,1432774800000,1432774801456,1432778400057,SHORT,1.09105,1.09119,-11.999999999989797,-14.000000000002899,2.0000000000131024
2015-05,1432779300000,1432779300509,1432782900124,LONG,1.0916,1.09044,-113.50000000001081,-115.99999999998278,2.499999999971962
2015-05,1432783800000,1432783800339,1432787404714,SHORT,1.09079,1.09132,-49.00000000001015,-53.00000000001415,4.000000000004
2015-05,1432788300000,1432788300417,1432791900988,LONG,1.0909,1.09242,156.00000000000057,151.9999999999966,4.000000000003979
2015-05,1432792800000,1432792801638,1432796400664,LONG,1.0919,1.09339,150.99999999999002,148.99999999999915,1.9999999999908766
2015-05,1432797300000,1432797300873,1432800900038,SHORT,1.0931,1.09337,-24.999999999986144,-26.999999999999247,2.0000000000131024
2015-05,1432801800000,1432801800758,1432805400726,SHORT,1.09216,1.09395,-177.49999999998602,-178.99999999999582,1.5000000000098055
2015-05,1432806300000,1432806300628,1432809900202,SHORT,1.09364,1.09309,58.000000000002494,55.000000000005045,2.999999999997449
2015-05,1432810800000,1432810800095,1432814400370,SHORT,1.09285,1.08853,434.5000000000043,432.0000000000102,2.499999999994145
2015-05,1432815300000,1432815300161,1432818900121,SHORT,1.08968,1.0889,79.99999999999119,78.00000000000028,1.999999999990905
2015-05,1432819800000,1432819800198,1432823400291,SHORT,1.08962,1.09139,-174.49999999998855,-177.00000000000495,2.5000000000163993
2015-05,1432824300000,1432824301114,1432832400260,LONG,1.08977,1.09302,327.50000000001387,325.0000000000197,2.499999999994145
2015-05,1432833300000,1432833302214,1432836900386,SHORT,1.09363,1.09275,90.99999999999665,87.99999999999919,2.9999999999974563
2015-05,1432837800000,1432837800345,1432841400178,LONG,1.09304,1.09377,77.49999999999702,72.99999999998974,4.500000000007276
2015-05,1432842300000,1432842302096,1432845901233,SHORT,1.09343,1.09471,-125.00000000001954,-128.000000000017,2.9999999999974563
2015-05,1432846800000,1432846801059,1432850400102,LONG,1.09503,1.09588,102.00000000000209,85.00000000000173,17.000000000000355
2015-05,1432851300000,1432851300687,1432854902002,SHORT,1.09551,1.09676,-119.00000000000244,-124.99999999999733,5.999999999994884
2015-05,1432855800000,1432855800971,1432861200180,SHORT,1.09682,1.09549,135.49999999999952,132.99999999998312,2.5000000000163993
2015-05,1432862100000,1432862103471,1432865701389,LONG,1.09619,1.0963,14.999999999987246,11.00000000000545,3.999999999981796
2015-05,1432866600000,1432866605644,1432870200657,SHORT,1.09582,1.09557,28.500000000009074,25.00000000000835,3.5000000000007248
2015-05,1432871100000,1432871124658,1432874702732,LONG,1.09595,1.09578,-14.49999999998397,-17.000000000000348,2.500000000016378
2015-05,1432875600000,1432875601281,1432879200991,LONG,1.09544,1.09509,-32.49999999999087,-35.00000000000725,2.500000000016378
2015-05,1432880100000,1432880100285,1432883700514,SHORT,1.09593,1.09416,178.49999999999255,177.00000000000495,1.4999999999876081
2015-05,1432884600000,1432884600567,1432890000009,SHORT,1.09443,1.09587,-140.49999999998786,-143.99999999998857,3.5000000000007105
2015-05,1432890900000,1432890900099,1432894500483,SHORT,1.09574,1.09794,-216.49999999999724,-219.99999999999798,3.500000000000739
2015-05,1432895400000,1432895400049,1432899003055,SHORT,1.09664,1.09664,1.999999999990898,0.0,1.999999999990898
2015-05,1432899900000,1432899900443,1432903500072,SHORT,1.09743,1.0978,-34.0000000000229,-37.00000000002035,2.999999999997449
2015-05,1432904400000,1432904400007,1432908000236,SHORT,1.09671,1.09951,-274.49999999997755,-279.99999999999136,5.500000000013813
2015-05,1432908900000,1432908900027,1432912500246,SHORT,1.09783,1.09638,147.00000000003044,145.00000000001734,2.0000000000131024
2015-05,1432913400000,1432913400340,1432917000445,SHORT,1.09756,1.09804,-45.49999999998722,-47.99999999998139,2.4999999999941735
2015-05,1432917900000,1432917900371,1432921501302,SHORT,1.09845,1.09928,-81.50000000000102,-83.00000000001084,1.5000000000098197
2015-05,1432922400000,1432922400251,1432926000133,LONG,1.09868,1.09825,-40.49999999999887,-43.00000000001525,2.500000000016378
2015-05,1432926900000,1432926901232,1432930500219,SHORT,1.0985,1.0985,2.4999999999941735,0.0,2.4999999999941735
2015-05,1432931400000,1432931400819,1433106008481,SHORT,1.09848,1.09815,41.000000000002146,32.999999999994145,8.000000000008
2015-05,1433106900000,1433106913938,1433110500369,SHORT,1.09852,1.098,66.49999999996936,51.99999999998539,14.49999999998397
2015-05,1433111400000,1433111406979,1433116801113,LONG,1.09795,1.09571,-218.99999999999142,-224.000000000002,5.000000000010573
2015-06,1433117700000,1433117700724,1433121304930,LONG,1.09565,1.09403,-158.0000000000137,-161.99999999999548,3.9999999999817817
2015-06,1433122200000,1433122200380,1433125800147,SHORT,1.09359,1.09498,-136.00000000000279,-139.00000000000023,2.999999999997442
2015-06,1433126700000,1433126700578,1433130304025,LONG,1.09516,1.09521,8.499999999989072,5.000000000010552,3.4999999999785203
2015-06,1433131200000,1433131201081,1433134802648,LONG,1.09504,1.09598,97.49999999999481,93.99999999999409,3.5000000000007248
2015-06,1433135700000,1433135702535,1433139300963,LONG,1.09607,1.09501,-102.00000000000209,-106.00000000000608,4.000000000003993
2015-06,1433140200000,1433140200793,1433143800016,SHORT,1.09432,1.09164,268.9999999999859,268.0000000000016,0.9999999999843112
2015-06,1433144700000,1433144700194,1433148300500,LONG,1.09147,1.08993,-151.99999999997436,-153.9999999999875,2.000000000013131
2015-06,1433149200000,1433149200050,1433156400247,SHORT,1.08978,1.09228,-246.99999999997502,-249.99999999999466,3.0000000000196394
2015-06,1433157300000,1433157300162,1433160900040,SHORT,1.09195,1.09433,-234.49999999998195,-238.0000000000049,3.5000000000229363
2015-06,1433161800000,1433161800326,1433165400213,SHORT,1.09419,1.09693,-267.4999999999983,-273.9999999999965,6.499999999998181
2015-06,1433166300000,1433166300215,1433169900327,SHORT,1.09713,1.09045,670.9999999999993,668.0000000000019,2.999999999997385
2015-06,1433170800000,1433170800085,1433174400589,LONG,1.08964,1.09125,161.99999999999548,161.00000000001114,0.9999999999843396
2015-06,1433175300000,1433175300137,1433185200201,LONG,1.09088,1.09337,249.99999999999466,248.99999999998812,1.000000000006537
2015-06,1433186100000,1433186100511,1433189700825,LONG,1.09326,1.09302,-20.999999999982144,-23.999999999979593,2.999999999997449
2015-06,1433190600000,1433190600099,1433194203929,SHORT,1.09238,1.09289,-39.999999999995595,-51.000000000001044,11.00000000000545
2015-06,1433195100000,1433195115659,1433198715636,SHORT,1.09241,1.09273,-22.999999999973042,-31.999999999987594,9.000000000014552
2015-06,1433204100000,1433204102486,1433207707598,LONG,1.09245,1.09276,34.000000000000696,31.000000000003247,2.999999999997449
2015-06,1433208600000,1433208600085,1433212202126,LONG,1.09268,1.09255,-8.50000000003348,-13.000000000018552,4.4999999999850715
2015-06,1433213100000,1433213102905,1433216700893,SHORT,1.09265,1.09331,-62.499999999987566,-66.00000000001049,3.500000000022922
2015-06,1433222100000,1433222115685,1433225700008,SHORT,1.09338,1.09267,73.99999999999629,70.99999999999883,2.9999999999974563
2015-06,1433226600000,1433226600091,1433230200194,SHORT,1.09424,1.09748,-320.9999999999935,-323.99999999999096,2.999999999997442
2015-06,1433231100000,1433231100005,1433234700463,LONG,1.09681,1.09722,42.999999999993044,41.000000000002146,1.999999999990898
2015-06,1433235600000,1433235600035,1433239200581,LONG,1.09831,1.09822,-2.9999999999752447,-8.999999999992347,6.000000000017103
2015-06,1433240100000,1433240100077,1433243700238,LONG,1.09978,1.10355,380.00000000000256,377.0000000000051,2.999999999997442
2015-06,1433244600000,1433244600245,1433248200447,LONG,1.10444,1.10341,-101.4999999999988,-103.00000000000864,1.500000000009834
2015-06,1433249100000,1433249100535,1433252700110,LONG,1.1038,1.11112,735.5,732.0000000000215,3.499999999978513
2015-06,1433253600000,1433253600149,1433257200290,SHORT,1.1126,1.11286,-22.999999999995246,-25.999999999992696,2.999999999997449
2015-06,1433258100000,1433258100352,1433261701379,SHORT,1.11204,1.11427,-220.50000000000125,-223.00000000001762,2.500000000016371
2015-06,1433262600000,1433262600353,1433266200178,LONG,1.11505,1.11729,226.9999999999772,223.99999999997976,2.999999999997442
2015-06,1433267100000,1433267113228,1433270700226,SHORT,1.11716,1.11699,21.00000000000435,17.000000000000348,4.000000000004
2015-06,1433271600000,1433271600149,1433275200072,SHORT,1.11728,1.11441,288.5000000000026,287.000000000015,1.4999999999876081
2015-06,1433276100000,1433276115669,1433279700112,SHORT,1.11448,1.11531,-80.50000000001667,-83.00000000001084,2.4999999999941735
2015-06,1433280600000,1433280613665,1433284200465,LONG,1.11517,1.11504,-5.500000000013827,-12.999999999996348,7.499999999982521
2015-06,1433285100000,1433285115066,1433288700770,LONG,1.11499,1.11521,28.000000000005798,22.0000000000109,5.999999999994898
2015-06,1433289600000,1433289600563,1433293200318,SHORT,1.11477,1.1143,50.49999999999777,46.999999999997044,3.5000000000007248
2015-06,1433294100000,1433294101545,1433297700321,LONG,1.11456,1.11684,231.49999999998448,228.00000000000597,3.499999999978513
2015-06,1433298600000,1433298600357,1433302200001,SHORT,1.11604,1.11557,50.49999999999777,46.999999999997044,3.5000000000007248
2015-06,1433303100000,1433303103839,1433306700829,LONG,1.11537,1.1166,126.50000000000716,123.00000000000644,3.5000000000007248
2015-06,1433307600000,1433307600248,1433314800003,SHORT,1.11626,1.11687,-57.49999999999922,-60.99999999999994,3.5000000000007248
2015-06,1433315700000,1433315700320,1433319300638,SHORT,1.11337,1.11528,-187.5000000000071,-191.00000000000784,3.500000000000739
2015-06,1433320200000,1433320200247,1433323800305,LONG,1.11446,1.11178,-265.5000000000296,-268.0000000000016,2.499999999971976
2015-06,1433324700000,1433324700594,1433328305189,SHORT,1.11256,1.11207,52.0000000000298,49.00000000001015,3.0000000000196536
2015-06,1433329200000,1433329200111,1433336400171,LONG,1.11219,1.11213,-2.0000000000131024,-5.999999999994898,3.999999999981796
2015-06,1433337300000,1433337300360,1433340900486,LONG,1.11659,1.1259,934.9999999999969,930.999999999993,4.000000000003979
2015-06,1433341800000,1433341800190,1433345400205,SHORT,1.12545,1.12732,-183.5000000000031,-187.00000000000384,3.500000000000739
2015-06,1433346300000,1433346300120,1433349900535,SHORT,1.1269,1.12597,96.00000000000719,93.00000000000975,2.999999999997442
2015-06,1433350800000,1433350800087,1433354400209,LONG,1.1255,1.12495,-51.99999999998539,-55.000000000005045,3.0000000000196536
2015-06,1433355300000,1433355300608,1433358900167,LONG,1.12557,1.12504,-50.49999999999777,-52.99999999999194,2.4999999999941735
2015-06,1433359800000,1433359800282,1433363400147,LONG,1.12646,1.12715,70.99999999997664,69.00000000000794,1.9999999999686935
2015-06,1433364300000,1433364300372,1433367902715,SHORT,1.12746,1.12686,65.49999999998502,59.99999999999339,5.49999999999163
2015-06,1433368800000,1433368800172,1433372400623,SHORT,1.12678,1.12661,22.0000000000109,17.000000000000348,5.000000000010552
2015-06,1433373300000,1433373300077,1433376900046,SHORT,1.12595,1.12622,-21.999999999988695,-26.999999999999247,5.000000000010552
2015-06,1433377800000,1433377800076,1433381401782,LONG,1.12601,1.12595,-3.0000000000196536,-5.999999999994898,2.9999999999752447
2015-06,1433382300000,1433382301373,1433385905064,LONG,1.12583,1.12649,68.49999999998246,65.99999999998829,2.4999999999941735
2015-06,1433386800000,1433386802823,1433390416803,SHORT,1.12657,1.12699,-38.49999999998577,-41.99999999998649,3.5000000000007248
2015-06,1433391300000,1433391302918,1433397600067,SHORT,1.12658,1.12674,-13.000000000018552,-16.000000000016,2.999999999997449
2015-06,1433398500000,1433398500061,1433402100260,LONG,1.12554,1.12371,-180.50000000000566,-182.99999999999983,2.4999999999941735
2015-06,1433403000000,1433403001440,1433406600147,SHORT,1.12398,1.13269,-869.999999999993,-870.9999999999995,1.0000000000065938
2015-06,1433407500000,1433407500070,1433411100672,SHORT,1.13652,1.13479,175.99999999999838,173.00000000000094,2.999999999997442
2015-06,1433412000000,1433412000179,1433415603001,SHORT,1.13562,1.13585,-21.999999999988695,-22.999999999995246,1.0000000000065512
2015-06,1433416500000,1433416500082,1433420100111,SHORT,1.13501,1.13179,323.5000000000099,322.00000000000006,1.500000000009834
2015-06,1433421000000,1433421000061,1433424600253,SHORT,1.13227,1.12534,695.5000000000044,693.0000000000102,2.499999999994202
2015-06,1433425500000,1433425500321,1433429100732,LONG,1.12502,1.12638,137.9999999999937,136.00000000000279,1.999999999990905
2015-06,1433430000000,1433430000364,1433433600191,SHORT,1.12822,1.12701,124.00000000001299,120.99999999999334,3.0000000000196536
2015-06,1433434500000,1433434501203,1433438102337,SHORT,1.12671,1.12814,-140.49999999996567,-142.99999999998204,2.500000000016371
2015-06,1433439000000,1433439000111,1433442600088,LONG,1.12793,1.12429,-361.0000000000113,-364.00000000000875,2.999999999997442
2015-06,1433443500000,1433443509808,1433447100299,SHORT,1.12509,1.12387,124.49999999999406,121.99999999999989,2.4999999999941735
2015-06,1433448000000,1433448000113,1433451600063,SHORT,1.12384,1.12386,3.5000000000007248,-2.0000000000131024,5.500000000013827
2015-06,1433452500000,1433452500690,1433456100101,LONG,1.12312,1.12202,-100.99999999999554,-109.99999999998789,8.999999999992355
2015-06,1433457000000,1433457012835,1433460600426,LONG,1.12252,1.1194,-308.50000000000045,-312.00000000000114,3.500000000000682
2015-06,1433461500000,1433461502126,1433465102599,LONG,1.12048,1.1206,16.000000000016,12.000000000012001,4.000000000004
2015-06,1433466000000,1433466000059,1433469601608,LONG,1.121,1.121,3.0000000000196536,0.0,3.0000000000196536
2015-06,1433470500000,1433470501286,1433474100381,LONG,1.12127,1.12087,-37.00000000002035,-39.999999999995595,2.9999999999752447
2015-06,1433475000000,1433475001616,1433478600411,LONG,1.12082,1.1218,102.50000000002757,97.9999999999981,4.500000000029473
2015-06,1433479500000,1433479509921,1433483100437,SHORT,1.12223,1.12156,70.49999999999557,67.00000000001705,3.499999999978513
2015-06,1433484000000,1433484000161,1433491201225,LONG,1.12204,1.12749,547.5000000000118,545.0000000000177,2.4999999999940883
2015-06,1433492100000,1433492100600,1433495700179,LONG,1.12723,1.12583,-136.49999999998386,-139.9999999999846,3.500000000000739
2015-06,1433496600000,1433496600228,1433500200700,SHORT,1.12629,1.12466,166.50000000000276,163.00000000000205,3.5000000000007105
2015-06,1433501100000,1433501100271,1433504700282,LONG,1.12423,1.12261,-160.99999999998892,-161.99999999999548,1.0000000000065654
2015-06,1433505600000,1433505600394,1433509200022,LONG,1.12292,1.10975,-1313.999999999993,-1316.9999999999905,2.999999999997499
2015-06,1433510100000,1433510100264,1433513700071,LONG,1.10989,1.11003,16.000000000016,14.000000000002899,2.0000000000131024
2015-06,1433514600000,1433514600348,1433518200540,SHORT,1.1108,1.11226,-141.99999999999767,-146.00000000000168,4.0000000000040075
2015-06,1433519100000,1433519100750,1433522700343,LONG,1.11144,1.11122,-18.500000000010175,-21.999999999988695,3.4999999999785203
2015-06,1433523600000,1433523600250,1433527200394,LONG,1.11253,1.11162,-88.49999999998026,-90.99999999999665,2.500000000016385
2015-06,1433528100000,1433528100112,1433531700316,SHORT,1.11185,1.11145,41.99999999998649,39.999999999995595,1.999999999990898
2015-06,1433532600000,1433532606259,1433536200111,LONG,1.11156,1.11125,-28.000000000005798,-31.000000000003247,2.999999999997449
2015-06,1433537100000,1433537100078,1433710800858,LONG,1.11151,1.10966,-167.50000000000932,-184.99999999999073,17.499999999981412
2015-06,1433711700000,1433711752687,1433715303443,SHORT,1.11045,1.11068,-7.0000000000014495,-22.999999999995246,15.999999999993797
2015-06,1433716200000,1433716202360,1433719801775,LONG,1.1108,1.11078,4.4999999999850715,-1.999999999990898,6.4999999999759694
2015-06,1433720700000,1433720706122,1433725200051,LONG,1.11095,1.1085,-241.00000000002453,-245.0000000000063,3.9999999999817817
2015-06,1433726100000,1433726101249,1433729701502,SHORT,1.10944,1.10965,-16.499999999997073,-21.00000000000435,4.500000000007276
2015-06,1433730600000,1433730600937,1433734202163,SHORT,1.10983,1.11008,-21.49999999998542,-24.999999999986144,3.5000000000007248
2015-06,1433735100000,1433735108138,1433738700513,LONG,1.11043,1.11014,-25.000000000030553,-29.00000000001235,3.999999999981796
2015-06,1433739600000,1433739600440,1433743200000,LONG,1.11058,1.11224,170.00000000000347,165.9999999999995,4.000000000003979
2015-06,1433744100000,1433744100003,1433747700252,LONG,1.10987,1.11518,533.4999999999868,531.0000000000148,2.499999999972033
2015-06,1433748600000,1433748600323,1433752200557,LONG,1.11614,1.11411,-197.99999999998707,-202.9999999999976,5.0000000000105445
2015-06,1433753100000,1433753100006,1433761200047,SHORT,1.11333,1.11316,21.00000000000435,17.000000000000348,4.000000000004
2015-06,1433762100000,1433762100370,1433765700023,LONG,1.11445,1.11628,186.0000000000195,182.99999999999983,3.000000000019668
2015-06,1433766600000,1433766600109,1433770200495,LONG,1.1184,1.12011,174.00000000000747,170.99999999998784,3.0000000000196394
2015-06,1433771100000,1433771100281,1433774700504,SHORT,1.12013,1.12124,-107.99999999999699,-110.99999999999443,2.999999999997442
2015-06,1433775600000,1433775600693,1433779200275,LONG,1.12063,1.12307,247.00000000001944,243.99999999999977,3.000000000019668
2015-06,1433780100000,1433780100135,1433783700704,SHORT,1.12351,1.12621,-267.4999999999983,-269.9999999999925,2.499999999994202
2015-06,1433784600000,1433784600226,1433788200185,LONG,1.12537,1.12806,270.4999999999735,269.00000000000813,1.4999999999653824
2015-06,1433789100000,1433789100716,1433797200061,LONG,1.12766,1.12906,146.99999999998602,139.9999999999846,7.000000000001421
2015-06,1433798100000,1433798100212,1433801700312,SHORT,1.12836,1.12845,4.000000000004,-8.999999999992347,12.999999999996348
2015-06,1433802600000,1433802681961,1433806203290,LONG,1.12836,1.12791,-40.0000000000178,-45.000000000006146,4.999999999988347
2015-06,1433807100000,1433807100470,1433810700792,SHORT,1.12788,1.12817,-24.500000000005073,-28.999999999990145,4.4999999999850715
2015-06,1433811600000,1433811600231,1433815200077,SHORT,1.12803,1.13198,-390.0000000000015,-394.9999999999898,4.999999999988347
2015-06,1433816100000,1433816101603,1433819700177,SHORT,1.13212,1.13216,-1.0000000000065512,-4.000000000004,2.999999999997449
2015-06,1433820600000,1433820600686,1433824200168,SHORT,1.13223,1.13117,110.50000000001336,106.00000000000608,4.500000000007276
2015-06,1433825100000,1433825103465,1433828702493,SHORT,1.13104,1.13155,-47.499999999978115,-51.000000000001044,3.500000000022929
2015-06,1433829600000,1433829600062,1433833200028,SHORT,1.1339,1.12963,431.5000000000069,426.9999999999996,4.500000000007276
2015-06,1433834100000,1433834100493,1433837700652,SHORT,1.12843,1.12776,69.49999999998902,66.99999999999484,2.4999999999941735
2015-06,1433838600000,1433838600387,1433842200188,LONG,1.1293,1.12835,-91.00000000001884,-95.00000000000064,3.999999999981796
2015-06,1433843100000,1433843100544,1433846702179,LONG,1.12746,1.12626,-118.49999999999916,-119.99999999998678,1.4999999999876223
2015-06,1433847600000,1433847600127,1433851200082,SHORT,1.12653,1.12399,258.0000000000027,253.99999999999866,4.0000000000040075
2015-06,1433852100000,1433852100076,1433855700315,SHORT,1.12489,1.12356,134.49999999999295,133.00000000000534,1.4999999999876081
2015-06,1433856600000,1433856600190,1433860200281,LONG,1.12479,1.12268,-207.99999999998596,-211.00000000000563,3.000000000019668
2015-06,1433861100000,1433861100385,1433864700305,SHORT,1.12389,1.12732,-340.50000000001023,-343.00000000000443,2.499999999994202
2015-06,1433865600000,1433865600344,1433869200928,LONG,1.12818,1.12697,-117.99999999997368,-120.99999999999334,3.0000000000196536
2015-06,1433870100000,1433870101211,1433873701044,SHORT,1.12777,1.12843,-63.99999999999739,-66.00000000001049,2.0000000000130953
2015-06,1433874600000,1433874600009,1433878200135,SHORT,1.12847,1.12801,49.49999999999122,46.0000000000127,3.4999999999785203
2015-06,1433879100000,1433879100174,1433882700403,SHORT,1.1272,1.12806,-82.49999999998536,-86.0000000000083,3.5000000000229363
2015-06,1433883600000,1433883600164,1433887200251,SHORT,1.12824,1.12762,68.00000000000139,61.99999999998429,6.000000000017103
2015-06,1433888100000,1433888107853,1433891700890,SHORT,1.12751,1.1282,-63.99999999999739,-69.00000000000794,5.000000000010552
2015-06,1433892600000,1433892600562,1433898004323,LONG,1.12858,1.12978,122.50000000002537,120.00000000000898,2.500000000016385
2015-06,1433898900000,1433898906049,1433902500319,LONG,1.12989,1.12891,-93.99999999999409,-97.9999999999981,4.0000000000040075
2015-06,1433903400000,1433903401737,1433907000649,LONG,1.12907,1.12842,-62.499999999987566,-65.00000000000395,2.500000000016385
2015-06,1433907900000,1433907909176,1433911500263,LONG,1.12817,1.12936,123.50000000000972,119.00000000000244,4.500000000007276
2015-06,1433912400000,1433912401651,1433919600067,LONG,1.12959,1.12991,35.50000000001052,31.999999999987594,3.500000000022929
2015-06,1433920500000,1433920500302,1433924100143,LONG,1.13293,1.13653,361.5000000000146,360.0000000000048,1.500000000009834
2015-06,1433925000000,1433925000373,1433928600112,LONG,1.13328,1.12976,-349.99999999998363,-351.99999999999676,2.000000000013131
2015-06,1433929500000,1433929500419,1433933100158,SHORT,1.13068,1.12818,251.00000000000122,249.99999999999466,1.0000000000065654
2015-06,1433934000000,1433934000305,1433937600657,SHORT,1.12945,1.12857,90.99999999999665,87.99999999999919,2.9999999999974563
2015-06,1433938500000,1433938500036,1433942100127,LONG,1.12802,1.13206,405.9999999999952,404.0000000000044,1.9999999999908482
2015-06,1433943000000,1433943000016,1433946600490,LONG,1.1341,1.129,-508.5000000000006,-510.00000000001046,1.500000000009834
2015-06,1433947500000,1433947501641,1433951100018,LONG,1.12797,1.12987,192.49999999999545,190.00000000000128,2.4999999999941735
2015-06,1433952000000,1433952000031,1433955600062,LONG,1.13067,1.13036,-27.499999999980318,-31.000000000003247,3.500000000022929
2015-06,1433956500000,1433956500252,1433962800205,SHORT,1.13045,1.13175,-127.00000000001043,-130.0000000000079,2.9999999999974705
2015-06,1433963700000,1433963704480,1433970000049,SHORT,1.13141,1.13252,-102.00000000000209,-110.99999999999443,8.99999999999234
2015-06,1433970900000,1433970900211,1433974500527,LONG,1.13256,1.13204,-46.49999999999377,-52.000000000007596,5.500000000013827
2015-06,1433975400000,1433975416497,1433980800323,LONG,1.13253,1.13099,-148.99999999999915,-154.0000000000097,5.0000000000105445
2015-06,1433981700000,1433981700301,1433985312578,SHORT,1.13077,1.1299,90.00000000001229,87.00000000001484,2.9999999999974563
2015-06,1433986200000,1433986200001,1433989802319,LONG,1.12966,1.12921,-42.0000000000087,-45.000000000006146,2.999999999997449
2015-06,1433990700000,1433990704657,1433994301937,SHORT,1.12957,1.13013,-52.50000000001087,-56.000000000011596,3.5000000000007248
2015-06,1433995200000,1433995200113,1433998801003,LONG,1.13016,1.13021,8.999999999992347,4.999999999988347,4.000000000004
2015-06,1433999700000,1433999712229,1434003300800,SHORT,1.13059,1.12993,69.00000000000794,65.99999999998829,3.0000000000196536
2015-06,1434004200000,1434004200810,1434007800123,SHORT,1.13163,1.12872,293.0000000000099,290.9999999999968,2.000000000013074
2015-06,1434008700000,1434008700148,1434012300188,LONG,1.1275,1.12598,-149.5000000000246,-151.9999999999966,2.499999999971976
2015-06,1434017700000,1434017701482,1434021300755,LONG,1.12711,1.12641,-66.99999999999484,-70.0000000000145,3.0000000000196536
2015-06,1434022200000,1434022200023,1434025800562,LONG,1.12556,1.12227,-326.0000000000041,-328.9999999999793,2.9999999999752163
2015-06,1434026700000,1434026700165,1434030300016,SHORT,1.12536,1.12144,394.4999999999865,391.9999999999924,2.499999999994145
2015-06,1434035700000,1434035700571,1434039301758,LONG,1.12471,1.12366,-103.00000000000864,-104.99999999999955,1.999999999990905
2015-06,1434040200000,1434040200254,1434043800947,LONG,1.1233,1.12366,38.50000000000797,36.0000000000138,2.4999999999941735
2015-06,1434044700000,1434044700913,1434048300227,LONG,1.12376,1.12551,177.99999999998929,174.99999999999181,2.9999999999974705
2015-06,1434053700000,1434053700503,1434057300397,SHORT,1.12694,1.12587,111.00000000001664,107.00000000001265,4.000000000003993
2015-06,1434058200000,1434058200239,1434061806811,SHORT,1.12519,1.12437,88.50000000000247,81.9999999999821,6.500000000020378
2015-06,1434062700000,1434062700485,1434066300822,LONG,1.12426,1.12455,31.000000000003247,28.999999999990145,2.0000000000131024
2015-06,1434071700000,1434071700236,1434075301327,SHORT,1.12553,1.12515,42.49999999998977,37.99999999998249,4.500000000007276
2015-06,1434076200000,1434076200309,1434081600549,SHORT,1.12558,1.12576,-13.499999999977419,-18.0000000000069,4.50000000002948
2015-06,1434082500000,1434082500592,1434086103588,SHORT,1.12579,1.12291,292.00000000000335,287.9999999999994,4.000000000003979
2015-06,1434087000000,1434087000022,1434090600047,SHORT,1.12298,1.12312,-9.499999999995623,-13.999999999980695,4.4999999999850715
2015-06,1434091500000,1434091500390,1434095100129,LONG,1.1224,1.12345,108.50000000002247,104.99999999999955,3.500000000022922
2015-06,1434096000000,1434096000380,1434099600636,LONG,1.12204,1.11668,-529.999999999986,-536.0000000000032,6.000000000017167
2015-06,1434100500000,1434100500095,1434104100335,LONG,1.11629,1.11947,322.0000000000223,317.9999999999961,4.000000000026205
2015-06,1434105000000,1434105000448,1434108601244,LONG,1.11906,1.11852,-51.000000000001044,-53.999999999998494,2.999999999997449
2015-06,1434109500000,1434109500388,1434113100356,LONG,1.11917,1.12208,292.9999999999877,290.9999999999968,1.999999999990905
2015-06,1434114000000,1434114000166,1434117600171,SHORT,1.12241,1.12311,-67.49999999999812,-70.0000000000145,2.500000000016371
2015-06,1434118500000,1434118500005,1434122100051,SHORT,1.12241,1.12851,-606.4999999999987,-609.9999999999994,3.500000000000682
2015-06,1434123000000,1434123000056,1434126600687,LONG,1.12713,1.1277,60.99999999999994,56.99999999999594,4.000000000004
2015-06,1434127500000,1434127500068,1434131100720,SHORT,1.12775,1.12754,24.49999999998287,21.00000000000435,3.4999999999785203
2015-06,1434132000000,1434132000028,1434135600160,LONG,1.12773,1.12593,-175.99999999999838,-179.99999999998016,3.9999999999817817
2015-06,1434136500000,1434136500768,1434140109873,LONG,1.12502,1.1257,71.99999999998319,68.00000000000139,3.999999999981796
2015-06,1434141000000,1434141000308,1434315602488,LONG,1.12627,1.12102,-500.50000000001484,-525.0000000000199,24.50000000000506
2015-06,1434316500000,1434316500441,1434320104567,LONG,1.1223,1.1218,-28.000000000005798,-50.0000000000167,22.0000000000109
2015-06,1434321000000,1434321000318,1434324601721,SHORT,1.12193,1.12189,7.999999999985796,4.000000000004,3.999999999981796
2015-06,1434325500000,1434325500442,1434329102348,LONG,1.12161,1.12222,64.50000000000067,60.99999999999994,3.5000000000007248
2015-06,1434330000000,1434330000374,1434333600069,SHORT,1.12231,1.12047,186.49999999997834,183.99999999998417,2.4999999999941735
2015-06,1434334500000,1434334500247,1434338100028,SHORT,1.12064,1.12115,-45.50000000000942,-51.000000000001044,5.499999999991623
2015-06,1434339000000,1434339000316,1434342600163,SHORT,1.12165,1.1215,18.49999999998797,15.00000000000945,3.4999999999785203
2015-06,1434343500000,1434343500694,1434347103793,LONG,1.12118,1.12,-111.49999999999771,-117.99999999999588,6.499999999998167
2015-06,1434348000000,1434348000024,1434355200286,SHORT,1.11923,1.12346,-419.0000000000138,-422.9999999999956,3.99999999998181
2015-06,1434356100000,1434356100161,1434359700193,LONG,1.12513,1.12302,-207.99999999998596,-211.00000000000563,3.000000000019668
2015-06,1434360600000,1434360600395,1434364200013,LONG,1.12254,1.12227,-24.49999999998287,-26.999999999999247,2.500000000016378
2015-06,1434365100000,1434365102845,1434368700254,LONG,1.12162,1.12051,-109.50000000000682,-111.00000000001664,1.5000000000098197
2015-06,1434369600000,1434369600216,1434373200268,LONG,1.12114,1.12242,130.50000000001117,127.99999999999478,2.500000000016385
2015-06,1434374100000,1434374100110,1434377700008,SHORT,1.12144,1.12387,-239.4999999999925,-242.99999999999324,3.500000000000739
2015-06,1434378600000,1434378601710,1434382200419,LONG,1.12403,1.12422,20.999999999982144,18.999999999991246,1.999999999990898
2015-06,1434383100000,1434383100230,1434386700405,SHORT,1.12475,1.12744,-267.4999999999983,-269.00000000000813,1.500000000009834
2015-06,1434387600000,1434387600562,1434391200252,LONG,1.12822,1.12564,-256.00000000001177,-258.0000000000027,1.999999999990905
2015-06,1434392100000,1434392130564,1434395700369,LONG,1.12694,1.1293,239.00000000001143,235.99999999999176,3.000000000019668
2015-06,1434396600000,1434396600212,1434400200569,LONG,1.12889,1.12828,-56.99999999997374,-60.99999999999994,4.000000000026205
2015-06,1434401100000,1434401100136,1434404709632,LONG,1.12853,1.12789,-56.49999999999267,-63.99999999999739,7.500000000004725
2015-06,1434405600000,1434405600101,1434409200388,SHORT,1.12815,1.1277,49.00000000001015,45.000000000006146,4.000000000004
2015-06,1434410100000,1434410100079,1434413703194,LONG,1.12788,1.12713,-72.49999999998647,-75.00000000000284,2.500000000016371
2015-06,1434414600000,1434414600410,1434418201042,LONG,1.12729,1.12759,33.500000000019625,30.0000000000189,3.5000000000007248
2015-06,1434419100000,1434419101089,1434422701707,SHORT,1.12642,1.127,-52.99999999999194,-58.000000000002494,5.000000000010552
2015-06,1434423600000,1434423602072,1434427201422,LONG,1.12728,1.1279,65.50000000000722,61.99999999998429,3.500000000022929
2015-06,1434428100000,1434428100386,1434431700321,LONG,1.12834,1.12745,-85.49999999996061,-88.99999999998354,3.5000000000229363
2015-06,1434432600000,1434432602010,1434436200132,LONG,1.12749,1.12648,-97.49999999999481,-101.00000000001774,3.500000000022922
2015-06,1434437100000,1434437100073,1434440700156,LONG,1.12789,1.12926,139.50000000000352,136.99999999998712,2.5000000000163993
2015-06,1434441600000,1434441600091,1434445200024,SHORT,1.12914,1.12583,339.0000000000004,330.9999999999924,8.000000000008015
2015-06,1434446100000,1434446100406,1434452400127,SHORT,1.12615,1.12506,111.99999999997878,109.00000000000354,2.9999999999752447
2015-06,1434453300000,1434453302316,1434456900029,LONG,1.12625,1.12149,-474.5000000000221,-475.99999999998755,1.4999999999654392
2015-06,1434457800000,1434457801960,1434461400452,LONG,1.12145,1.12385,243.99999999999977,239.99999999999577,4.0000000000040075
2015-06,1434462300000,1434462300455,1434465900106,SHORT,1.12365,1.12277,90.49999999999336,87.99999999999919,2.4999999999941735
2015-06,1434466800000,1434466800357,1434474000094,LONG,1.1236,1.12415,57.49999999999922,55.000000000005045,2.4999999999941735
2015-06,1434474900000,1434474901087,1434478507771,LONG,1.124,1.12421,22.999999999995246,20.999999999982144,2.0000000000131024
2015-06,1434479400000,1434479413437,1434483000776,LONG,1.12381,1.12476,98.50000000000136,95.00000000000064,3.5000000000007248
2015-06,1434483900000,1434483920616,1434487500303,SHORT,1.12437,1.12502,-62.000000000006494,-64.99999999998174,2.9999999999752447
2015-06,1434488400000,1434488400204,1434492000146,LONG,1.12483,1.12446,-24.000000000024002,-36.999999999998145,12.999999999974143
2015-06,1434492900000,1434492900280,1434496508768,SHORT,1.12434,1.12456,-13.499999999999623,-22.0000000000109,8.500000000011276
2015-06,1434497400000,1434497400417,1434501004399,SHORT,1.12444,1.1243,17.999999999984695,14.000000000002899,3.999999999981796
2015-06,1434501900000,1434501900436,1434505500638,SHORT,1.12438,1.12533,-90.49999999999336,-95.00000000000064,4.500000000007276
2015-06,1434506400000,1434506400537,1434510008444,LONG,1.1257,1.12536,-30.999999999981043,-34.000000000000696,3.0000000000196536
2015-06,1434510900000,1434510914046,1434514502088,LONG,1.12563,1.1259,30.49999999999997,26.999999999999247,3.5000000000007248
2015-06,1434515400000,1434515407433,1434519001279,LONG,1.1258,1.12555,-21.49999999998542,-24.999999999986144,3.5000000000007248
2015-06,1434519900000,1434519901029,1434524400192,LONG,1.12561,1.12593,35.50000000003273,32.0000000000098,3.500000000022929
2015-06,1434525300000,1434525300026,1434528900158,LONG,1.12669,1.12895,228.99999999999034,225.99999999999287,2.9999999999974705
2015-06,1434529800000,1434529800279,1434533401507,LONG,1.12786,1.12717,-66.50000000001377,-69.00000000000794,2.4999999999941735
2015-06,1434534300000,1434534301972,1434537901545,SHORT,1.12732,1.12716,19.49999999999452,16.000000000016,3.4999999999785203
2015-06,1434538800000,1434538800195,1434542400169,SHORT,1.12525,1.12692,-164.99999999997073,-166.99999999998383,2.0000000000131024
2015-06,1434543300000,1434543300239,1434546902266,LONG,1.12799,1.1269,-107.00000000001265,-109.00000000000354,1.9999999999908908
2015-06,1434547800000,1434547800093,1434553200144,SHORT,1.12731,1.1233,404.00000000002655,401.00000000000693,3.000000000019611
2015-06,1434554100000,1434554100239,1434557700265,LONG,1.12473,1.12434,-36.999999999998145,-39.00000000001125,2.0000000000131024
2015-06,1434558600000,1434558600098,1434562200962,SHORT,1.12514,1.12664,-146.00000000002387,-150.00000000000568,3.99999999998181
2015-06,1434563100000,1434563100087,1434566700290,LONG,1.12566,1.13195,632.4999999999914,628.9999999999907,3.500000000000682
2015-06,1434567600000,1434567600198,1434571200305,LONG,1.13336,1.13424,90.00000000001229,87.99999999999919,2.0000000000131024
2015-06,1434572100000,1434572100681,1434578400203,LONG,1.13393,1.13402,15.00000000000945,8.999999999992347,6.000000000017103
2015-06,1434579300000,1434579300124,1434582900323,SHORT,1.1334,1.13422,-76.99999999999375,-82.00000000000429,5.0000000000105445
2015-06,1434583800000,1434583800871,1434587406580,SHORT,1.13532,1.13661,-124.99999999999733,-128.99999999997914,3.99999999998181
2015-06,1434588300000,1434588318472,1434591900153,SHORT,1.13624,1.13586,39.49999999999232,37.99999999998249,1.5000000000098268
2015-06,1434592800000,1434592800479,1434596400758,LONG,1.13546,1.13606,63.500000000038526,60.000000000015596,3.500000000022929
2015-06,1434597300000,1434597308330,1434600900514,LONG,1.13635,1.13631,0.49999999998107114,-4.000000000004,4.4999999999850715
2015-06,1434601800000,1434601800976,1434605400178,SHORT,1.13667,1.13707,-37.50000000000142,-39.999999999995595,2.4999999999941735
2015-06,1434606300000,1434606302625,1434609902467,SHORT,1.13665,1.13455,212.49999999999324,209.9999999999991,2.499999999994145
2015-06,1434610800000,1434610800030,1434614400562,LONG,1.13468,1.13793,327.99999999999494,325.0000000000197,2.9999999999752163
2015-06,1434615300000,1434615300098,1434618900151,SHORT,1.14044,1.13956,90.50000000001558,87.99999999999919,2.500000000016385
2015-06,1434619800000,1434619800591,1434623400080,LONG,1.13971,1.13926,-42.50000000001197,-45.000000000006146,2.4999999999941735
2015-06,1434624300000,1434624300410,1434627900848,SHORT,1.13943,1.14025,-79.50000000001012,-82.00000000000429,2.4999999999941735
2015-06,1434628800000,1434628800173,1434632400181,LONG,1.14045,1.13932,-110.49999999999116,-112.99999999998533,2.4999999999941735
2015-06,1434633300000,1434633300061,1434636900245,SHORT,1.14038,1.14097,-56.000000000011596,-59.000000000009045,2.999999999997449
2015-06,1434637800000,1434637800420,1434641400272,LONG,1.13965,1.14141,178.49999999999255,175.99999999999838,2.4999999999941735
2015-06,1434642300000,1434642300288,1434645901243,LONG,1.14074,1.1371,-361.0000000000113,-364.00000000000875,2.999999999997442
2015-06,1434651300000,1434651300701,1434654903516,SHORT,1.1375,1.13694,57.49999999999922,55.99999999998939,1.5000000000098268
2015-06,1434655800000,1434655800278,1434659400196,SHORT,1.13773,1.13707,70.49999999999557,65.99999999998829,4.500000000007276
2015-06,1434660300000,1434660300330,1434664800182,LONG,1.13707,1.13679,-19.00000000001345,-28.000000000005798,8.999999999992347
2015-06,1434665700000,1434665700112,1434669300030,SHORT,1.13711,1.13717,1.5000000000320313,-5.999999999994898,7.50000000002693
2015-06,1434670200000,1434670200519,1434675600352,SHORT,1.13705,1.13838,-127.99999999999478,-133.00000000000534,5.000000000010559
2015-06,1434676500000,1434676508578,1434680100795,SHORT,1.138,1.13756,46.49999999999377,43.999999999999595,2.4999999999941735
2015-06,1434681000000,1434681009380,1434684600198,LONG,1.13744,1.13741,0.0,-2.999999999997449,2.999999999997449
2015-06,1434685500000,1434685502182,1434689100095,SHORT,1.13715,1.13617,100.99999999999554,98.0000000000203,2.9999999999752447
2015-06,1434690000000,1434690004085,1434693600058,LONG,1.13535,1.13475,-55.500000000030525,-60.000000000015596,4.4999999999850715
2015-06,1434694500000,1434694500124,1434698100066,LONG,1.13526,1.13179,-344.5000000000142,-346.9999999999862,2.499999999971976
2015-06,1434699000000,1434699000394,1434702600119,LONG,1.13313,1.13135,-175.49999999997289,-177.99999999998929,2.5000000000163993
2015-06,1434703500000,1434703500499,1434707100154,SHORT,1.13091,1.13114,-20.500000000001073,-22.999999999995246,2.4999999999941735
2015-06,1434712500000,1434712500234,1434716100014,SHORT,1.13073,1.12997,79.50000000001012,76.0000000000094,3.5000000000007248
2015-06,1434717000000,1434717000213,1434720600864,LONG,1.13108,1.13293,187.99999999998818,184.99999999999073,2.999999999997442
2015-06,1434721500000,1434721500296,1434725100668,LONG,1.13319,1.13445,128.50000000002026,126.0000000000039,2.500000000016371
2015-06,1434726000000,1434726000226,1434729600147,SHORT,1.13296,1.13344,-44.99999999998394,-48.000000000003595,3.0000000000196536
2015-06,1434730500000,1434730501771,1434736800157,LONG,1.13348,1.13566,221.99999999998886,217.99999999998488,4.000000000003979
2015-06,1434737700000,1434737700448,1434741314301,LONG,1.13613,1.13555,-55.000000000005045,-58.000000000002494,2.999999999997449
2015-06,1434742200000,1434742200207,1434920403035,LONG,1.13547,1.13771,227.99999999998377,224.000000000002,3.9999999999817817
2015-06,1434921300000,1434921300766,1434924900636,LONG,1.13728,1.13616,-94.49999999999736,-112.000000000001,17.500000000003638
2015-06,1434925800000,1434925805314,1434929401958,SHORT,1.13603,1.13696,-86.99999999999264,-92.99999999998754,5.999999999994898
2015-06,1434930300000,1434930301027,1434933902275,LONG,1.13703,1.1368,-18.500000000010175,-22.999999999995246,4.4999999999850715
2015-06,1434934800000,1434934800488,1434938400413,LONG,1.13706,1.13744,42.0000000000087,38.0000000000047,4.000000000004
2015-06,1434939300000,1434939303814,1434942906077,SHORT,1.13744,1.1382,-73.00000000001194,-76.0000000000094,2.9999999999974563
2015-06,1434943800000,1434943800919,1434947401164,LONG,1.13777,1.13928,153.50000000000642,151.00000000001222,2.499999999994202
2015-06,1434948300000,1434948301297,1434951901663,LONG,1.13995,1.13945,-46.0000000000127,-49.99999999999449,3.999999999981796
2015-06,1434957300000,1434957300110,1434960900300,LONG,1.13857,1.13271,-583.0000000000002,-585.9999999999976,2.999999999997385
2015-06,1434961800000,1434961800547,1434965401956,SHORT,1.13221,1.13434,-210.50000000000236,-212.99999999999653,2.4999999999941735
2015-06,1434966300000,1434966300365,1434969900079,LONG,1.13443,1.13508,68.99999999998573,65.00000000000395,3.9999999999817817
2015-06,1434970800000,1434970800191,1434974400591,LONG,1.1343,1.1342,-8.000000000008,-9.999999999998899,1.999999999990898
2015-06,1434975300000,1434975300419,1434978900202,LONG,1.13452,1.13545,95.50000000002612,93.00000000000975,2.500000000016371
2015-06,1434979800000,1434979800310,1434983400177,LONG,1.13591,1.13709,121.50000000001882,117.99999999999588,3.5000000000229363
2015-06,1434984300000,1434984300287,1434987903603,LONG,1.13953,1.13873,-78.99999999998464,-79.99999999999119,1.0000000000065512
2015-06,1434988800000,1434988800463,1434992400178,LONG,1.13803,1.13631,-168.99999999999693,-172.0000000000166,3.000000000019668
2015-06,1434993300000,1434993300202,1434996901199,LONG,1.13612,1.13487,-121.99999999999989,-124.99999999999733,2.999999999997442
2015-06,1434997800000,1434997807099,1435001400242,LONG,1.13474,1.13271,-198.49999999999034,-202.9999999999976,4.500000000007276
2015-06,1435002300000,1435002300847,1435005900538,LONG,1.13355,1.13404,50.99999999997884,48.99999999998794,1.999999999990898
2015-06,1435006800000,1435006800138,1435010400287,LONG,1.13415,1.13399,-7.999999999985796,-15.999999999993797,8.000000000008
2015-06,1435011300000,1435011300082,1435014900068,LONG,1.13395,1.13459,72.50000000000867,63.99999999999739,8.500000000011276
2015-06,1435015800000,1435015800437,1435019405594,SHORT,1.13469,1.13421,51.99999999998539,48.000000000003595,3.999999999981796
2015-06,1435020300000,1435020300730,1435023900209,SHORT,1.13429,1.13293,139.9999999999846,136.00000000000279,3.99999999998181
2015-06,1435024800000,1435024800359,1435028400542,LONG,1.13216,1.12596,-618.5000000000107,-619.9999999999983,1.4999999999876081
2015-06,1435029300000,1435029300059,1435032904253,LONG,1.12757,1.12641,-112.000000000001,-116.00000000000499,4.000000000003993
2015-06,1435033800000,1435033801905,1435037405136,SHORT,1.12641,1.12724,-79.50000000001012,-83.00000000001084,3.5000000000007248
2015-06,1435038300000,1435038300801,1435041900169,LONG,1.12695,1.1262,-72.0000000000054,-74.99999999998064,2.9999999999752447
2015-06,1435042800000,1435042800206,1435046400623,LONG,1.12654,1.12596,-53.00000000001415,-58.000000000002494,4.999999999988347
2015-06,1435047300000,1435047300268,1435050900935,SHORT,1.12467,1.1244,27.999999999983594,26.999999999999247,0.9999999999843467
2015-06,1435051800000,1435051802312,1435055400578,SHORT,1.1247,1.12276,196.49999999997726,194.0000000000053,2.499999999971976
2015-06,1435056300000,1435056301249,1435059900239,LONG,1.1229,1.12149,-138.0000000000159,-140.99999999999113,2.9999999999752447
2015-06,1435060800000,1435060800171,1435064400614,LONG,1.12026,1.11684,-338.49999999999716,-341.99999999999784,3.500000000000682
2015-06,1435065300000,1435065300498,1435068900390,LONG,1.11562,1.11734,173.5000000000042,171.99999999999437,1.500000000009834
2015-06,1435069800000,1435069800552,1435073400584,SHORT,1.11874,1.11931,-53.999999999998494,-56.99999999999594,2.999999999997449
2015-06,1435074300000,1435074300054,1435077900361,LONG,1.11903,1.11645,-253.99999999997647,-258.0000000000027,4.000000000026205
2015-06,1435078800000,1435078800075,1435082400273,LONG,1.11729,1.11626,-99.4999999999635,-102.99999999998644,3.5000000000229363
2015-06,1435083300000,1435083302668,1435086900294,LONG,1.11646,1.11722,78.0000000000225,76.0000000000094,2.0000000000131024
2015-06,1435087800000,1435087800199,1435091400319,SHORT,1.11643,1.11719,-72.99999999998974,-75.99999999998718,2.999999999997442
2015-06,1435092300000,1435092301061,1435095904594,LONG,1.11673,1.11638,-28.500000000009074,-35.00000000000725,6.499999999998174
2015-06,1435096800000,1435096800724,1435100401265,LONG,1.11677,1.11713,42.999999999993044,35.999999999991594,7.0000000000014495
2015-06,1435101300000,1435101300942,1435104907106,LONG,1.11729,1.11767,41.49999999998322,38.0000000000047,3.4999999999785203
2015-06,1435105800000,1435105805500,1435109400768,SHORT,1.11757,1.11744,16.499999999997073,12.999999999996348,3.5000000000007248
2015-06,1435110300000,1435110303458,1435113900063,LONG,1.11703,1.11849,149.9999999999835,146.00000000000168,3.99999999998181
2015-06,1435114800000,1435114803768,1435118403406,SHORT,1.11859,1.11861,0.5000000000032756,-2.0000000000131024,2.500000000016378
2015-06,1435119300000,1435119300253,1435122908901,SHORT,1.1184,1.11843,0.0,-2.999999999997449,2.999999999997449
2015-06,1435123800000,1435123800314,1435127400217,LONG,1.11976,1.12037,66.49999999999156,60.99999999999994,5.499999999991616
2015-06,1435128300000,1435128301261,1435131900164,LONG,1.11989,1.12037,50.99999999997884,48.000000000003595,2.9999999999752447
2015-06,1435132800000,1435132800087,1435136400114,SHORT,1.12218,1.12193,31.000000000003247,24.999999999986144,6.000000000017103
2015-06,1435137300000,1435137300036,1435140900131,SHORT,1.12124,1.11956,170.9999999999656,167.9999999999904,2.9999999999752163
2015-06,1435141800000,1435141800174,1435145400904,LONG,1.11891,1.11993,105.50000000000281,102.00000000000209,3.5000000000007248
2015-06,1435146300000,1435146300888,1435149900029,LONG,1.1214,1.11904,-234.00000000000088,-235.99999999999176,1.9999999999908766
2015-06,1435150800000,1435150800415,1435154400191,LONG,1.11937,1.11864,-70.49999999999557,-72.99999999998974,2.4999999999941735
2015-06,1435155300000,1435155300251,1435158900626,SHORT,1.11793,1.11919,-123.00000000000644,-125.99999999998168,2.9999999999752447
2015-06,1435159800000,1435159800010,1435163400328,SHORT,1.11863,1.11846,19.999999999997797,17.000000000000348,2.999999999997449
2015-06,1435164300000,1435164300257,1435167900102,LONG,1.1186,1.12058,200.00000000000017,197.99999999998707,2.0000000000131024
2015-06,1435168800000,1435168802418,1435172400292,LONG,1.12096,1.12069,-24.000000000001798,-26.999999999999247,2.999999999997449
2015-06,1435173300000,1435173300252,1435176904662,LONG,1.12108,1.12021,-82.49999999998536,-87.00000000001484,4.500000000029473
2015-06,1435177800000,1435177800031,1435181403174,SHORT,1.12037,1.12012,26.999999999999247,25.00000000000835,1.999999999990898
2015-06,1435183200000,1435183200342,1435186801756,SHORT,1.1203,1.12064,-26.999999999999247,-34.000000000000696,7.0000000000014495
2015-06,1435187700000,1435187710562,1435191300518,LONG,1.1203,1.12046,21.999999999988695,15.999999999993797,5.999999999994898
2015-06,1435192200000,1435192200058,1435197604118,LONG,1.12058,1.12014,-39.999999999995595,-43.999999999999595,4.000000000004
2015-06,1435198500000,1435198503254,1435202101307,LONG,1.12,1.12189,191.49999999998892,188.9999999999947,2.499999999994202
2015-06,1435203000000,1435203000841,1435206606197,LONG,1.1215,1.12133,-13.499999999977419,-17.000000000000348,3.500000000022929
2015-06,1435207500000,1435207501178,1435211118361,SHORT,1.12086,1.11978,111.49999999999771,107.99999999999699,3.5000000000007248
2015-06,1435212000000,1435212000513,1435215600437,SHORT,1.1201,1.1193,82.00000000000429,80.00000000001339,1.999999999990905
2015-06,1435216500000,1435216500148,1435220100454,SHORT,1.12161,1.12083,80.99999999999774,78.00000000000028,2.9999999999974563
2015-06,1435221000000,1435221000915,1435224600093,LONG,1.12074,1.11576,-496.5000000000108,-497.99999999999847,1.499999999987665
2015-06,1435225500000,1435225501140,1435229100232,LONG,1.11672,1.11968,300.00000000001137,296.0000000000074,4.000000000003979
2015-06,1435230000000,1435230000087,1435233600461,LONG,1.11978,1.12048,71.50000000000212,69.9999999999923,1.5000000000098197
2015-06,1435234500000,1435234500350,1435238100302,LONG,1.1207,1.12055,-12.000000000012001,-15.00000000000945,2.999999999997449
2015-06,1435239000000,1435239000023,1435242600440,LONG,1.12086,1.1204,-41.49999999998322,-45.99999999999049,4.500000000007276
2015-06,1435243500000,1435243505122,1435247100075,SHORT,1.11991,1.11978,15.999999999971593,12.999999999996348,2.9999999999752447
2015-06,1435248000000,1435248000940,1435251600259,SHORT,1.11943,1.12061,-116.0000000000272,-118.00000000001809,1.9999999999908908
2015-06,1435252500000,1435252500569,1435262400072,LONG,1.12092,1.1205,-40.500000000021075,-41.99999999998649,1.4999999999654179
2015-06,1435263300000,1435263300081,1435266910683,LONG,1.1204,1.12033,8.500000000011276,-7.0000000000014495,15.500000000012726
2015-06,1435267800000,1435267802569,1435271436272,LONG,1.12044,1.12004,-33.500000000019625,-40.0000000000178,6.499999999998174
2015-06,1435273200000,1435273200613,1435276801714,SHORT,1.12008,1.12031,-18.49999999998797,-22.999999999995246,4.500000000007276
2015-06,1435277700000,1435277700374,1435281300422,SHORT,1.11974,1.11872,106.50000000000936,102.00000000000209,4.500000000007276
2015-06,1435282200000,1435282201945,1435285801078,SHORT,1.11899,1.11844,58.99999999998684,54.99999999998284,4.000000000004
2015-06,1435286700000,1435286701364,1435290304261,LONG,1.11822,1.11882,62.99999999999084,59.99999999999339,2.999999999997449
2015-06,1435291200000,1435291203405,1435294800040,SHORT,1.11876,1.11882,-2.999999999997449,-5.999999999994898,2.999999999997449
2015-06,1435295700000,1435295703464,1435299301655,SHORT,1.1184,1.12004,-160.50000000000784,-163.9999999999864,3.4999999999785416
2015-06,1435300200000,1435300200325,1435303801181,SHORT,1.1199,1.12012,-19.49999999999452,-22.0000000000109,2.500000000016378
2015-06,1435304700000,1435304701223,1435308303443,SHORT,1.12044,1.12103,-56.49999999999267,-58.99999999998684,2.4999999999941735
2015-06,1435309200000,1435309200565,1435312800107,LONG,1.12048,1.11943,-102.49999999998316,-104.99999999999955,2.500000000016385
2015-06,1435313700000,1435313700439,1435317300554,LONG,1.11939,1.12044,107.50000000001592,104.99999999999955,2.500000000016371
2015-06,1435318200000,1435318201825,1435321800286,LONG,1.12009,1.11993,-11.500000000008725,-15.999999999993797,4.4999999999850715
2015-06,1435322700000,1435322700184,1435326300016,SHORT,1.12025,1.1177,257.4999999999994,255.00000000000523,2.499999999994145
2015-06,1435327200000,1435327200279,1435330800079,LONG,1.11763,1.11381,-380.9999999999869,-381.99999999999346,1.000000000006537
2015-06,1435331700000,1435331700236,1435335301862,SHORT,1.11457,1.11467,-7.999999999985796,-9.999999999998899,2.0000000000131024
2015-06,1435336200000,1435336200461,1435339800044,SHORT,1.11416,1.11526,-105.99999999998388,-109.99999999998789,4.0000000000040075
2015-06,1435340700000,1435340704567,1435344300834,SHORT,1.11495,1.11663,-165.4999999999962,-167.9999999999904,2.499999999994202
2015-06,1435345200000,1435345200039,1435348803293,SHORT,1.11589,1.11696,-103.99999999997078,-106.99999999999044,3.0000000000196536
2015-06,1435349700000,1435349708212,1435528800172,LONG,1.117,1.0988,-1810.0000000000005,-1819.9999999999993,9.999999999998863
2015-06,1435529700000,1435529700118,1435533302371,SHORT,1.09927,1.09983,-49.00000000001015,-56.000000000011596,7.0000000000014495
2015-06,1435534200000,1435534201336,1435537800371,LONG,1.09911,1.10249,343.99999999998875,337.99999999999386,5.999999999994884
2015-06,1435538700000,1435538703926,1435542300899,SHORT,1.10222,1.10039,187.99999999998818,182.99999999999983,4.999999999988347
2015-06,1435543200000,1435543200230,1435550402021,LONG,1.10058,1.1015,95.00000000000064,92.00000000000318,2.9999999999974563
2015-06,1435551300000,1435551300576,1435554905211,SHORT,1.1011,1.10172,-56.49999999999267,-62.000000000006494,5.500000000013827
2015-06,1435555800000,1435555802239,1435559400130,LONG,1.10135,1.10794,663.4999999999725,658.9999999999874,4.499999999985107
2015-06,1435560300000,1435560300148,1435563900615,LONG,1.10781,1.10752,-25.499999999967216,-28.999999999990145,3.500000000022929
2015-06,1435564800000,1435564800773,1435568400211,LONG,1.10703,1.11178,481.50000000000136,475.0000000000032,6.499999999998181
2015-06,1435569300000,1435569300007,1435572900427,SHORT,1.10991,1.10962,31.000000000003247,28.999999999990145,2.0000000000131024
2015-06,1435573800000,1435573800101,1435577401656,SHORT,1.11089,1.11218,-127.00000000003264,-129.00000000000134,1.9999999999686935
2015-06,1435578300000,1435578300641,1435581900803,SHORT,1.11173,1.11205,-29.49999999999342,-31.999999999987594,2.4999999999941735
2015-06,1435587300000,1435587300346,1435590900503,LONG,1.11452,1.11628,178.99999999999582,175.99999999999838,2.999999999997442
2015-06,1435591800000,1435591800618,1435595400287,SHORT,1.11922,1.11847,77.99999999997809,75.00000000000284,2.9999999999752447
2015-06,1435596300000,1435596302819,1435599900778,LONG,1.11887,1.12464,582.0000000000158,577.0000000000052,5.000000000010573
2015-06,1435600800000,1435600800796,1435604400063,LONG,1.12435,1.1251,80.00000000001339,75.00000000000284,5.0000000000105445
2015-06,1435605300000,1435605300296,1435608914577,SHORT,1.12353,1.12457,-100.0000000000112,-104.00000000001519,4.000000000003993
2015-06,1435609800000,1435609800315,1435613400516,LONG,1.12367,1.12366,5.000000000010552,-0.9999999999843467,5.999999999994898
2015-06,1435614300000,1435614301891,1435617901248,LONG,1.12354,1.12207,-142.49999999997874,-147.00000000000824,4.500000000029502
2015-06,1435618800000,1435618800015,1435622401097,LONG,1.12163,1.12184,24.999999999986144,21.00000000000435,3.999999999981796
2015-06,1435623300000,1435623300580,1435626902878,LONG,1.12128,1.11942,-180.0000000000024,-185.99999999999727,5.999999999994884
2015-06,1435627800000,1435627801927,1435631400001,LONG,1.11904,1.11921,19.500000000016726,17.000000000000348,2.500000000016378
2015-06,1435632300000,1435632303227,1435636800390,SHORT,1.11852,1.11905,-48.000000000003595,-53.00000000001415,5.000000000010552
2015-06,1435637700000,1435637700439,1435641300791,SHORT,1.11873,1.12018,-140.99999999999113,-144.99999999999514,4.0000000000040075
2015-06,1435642200000,1435642200139,1435645800068,SHORT,1.11885,1.11765,122.49999999998096,119.99999999998678,2.4999999999941735
2015-06,1435646700000,1435646700036,1435651200111,SHORT,1.11702,1.11681,25.999999999992696,20.999999999982144,5.000000000010552
2015-06,1435652100000,1435652100703,1435655700202,SHORT,1.11709,1.11707,4.000000000004,1.999999999990898,2.0000000000131024
2015-06,1435656600000,1435656600064,1435660200963,SHORT,1.11613,1.1192,-304.00000000001535,-306.9999999999906,2.999999999975273
2015-06,1435661100000,1435661105782,1435664700929,LONG,1.1189,1.11808,-79.50000000001012,-82.00000000000429,2.4999999999941735
2015-06,1435665600000,1435665600452,1435669200130,SHORT,1.1165,1.12133,-480.50000000001705,-482.999999999989,2.4999999999719194
2015-06,1435670100000,1435670100530,1435673700706,LONG,1.12286,1.11901,-381.99999999997124,-384.9999999999909,3.000000000019668
2015-06,1435674600000,1435674600295,1435678200256,LONG,1.11841,1.11392,-446.9999999999974,-448.9999999999883,1.999999999990905
2015-06,1435679100000,1435679100068,1435682701463,LONG,1.11479,1.11436,-38.99999999998904,-42.999999999993044,4.000000000004
2015-06,1435683600000,1435683600060,1435690800130,LONG,1.11527,1.11449,-76.0000000000094,-78.00000000000028,1.9999999999908908
2015-06,1435691700000,1435691704306,1435695300283,SHORT,1.11484,1.1141,76.99999999999375,73.99999999999629,2.9999999999974563
2015-06,1435696200000,1435696201208,1435699800644,SHORT,1.11335,1.11405,-54.99999999998284,-69.9999999999923,15.000000000009457
2015-06,1435700700000,1435700700443,1435704302711,SHORT,1.11426,1.1139,48.000000000003595,36.0000000000138,11.999999999989797
2015-06,1435705200000,1435705202355,1435708800050,SHORT,1.11291,1.11328,-28.500000000009074,-36.999999999998145,8.499999999989072
2015-07,1435709700000,1435709700990,1435713300137,LONG,1.11348,1.11387,45.000000000006146,38.99999999998904,6.000000000017103
2015-07,1435714200000,1435714200740,1435717806190,LONG,1.11405,1.11326,-73.99999999999629,-79.00000000000685,5.000000000010559
2015-07,1435718700000,1435718700159,1435722302571,LONG,1.11342,1.114,63.000000000013046,58.000000000002494,5.000000000010552
2015-07,1435723200000,1435723208402,1435726814693,LONG,1.11403,1.1139,-9.499999999995623,-13.000000000018552,3.500000000022929
2015-07,1435727700000,1435727737143,1435731300084,SHORT,1.11379,1.11175,207.00000000002382,204.00000000000418,3.0000000000196394
2015-07,1435732200000,1435732201369,1435735800301,SHORT,1.11291,1.11151,143.00000000000423,140.0000000000068,2.999999999997442
2015-07,1435736700000,1435736700475,1435740300257,SHORT,1.11104,1.11067,40.500000000021075,36.999999999998145,3.500000000022929
2015-07,1435741200000,1435741200141,1435744800159,LONG,1.11487,1.11243,-242.00000000000887,-243.99999999999977,1.999999999990905
2015-07,1435745700000,1435745700448,1435749300126,LONG,1.11229,1.11064,-163.00000000000205,-164.99999999999292,1.9999999999908766
2015-07,1435750200000,1435750200171,1435753800080,LONG,1.11049,1.10836,-211.4999999999867,-212.99999999999653,1.500000000009834
2015-07,1435754700000,1435754700218,1435758300785,SHORT,1.10955,1.10763,195.00000000001182,192.00000000001438,2.999999999997442
2015-07,1435759200000,1435759200084,1435762800028,LONG,1.1069,1.11088,399.4999999999971,398.00000000000944,1.499999999987665
2015-07,1435763700000,1435763700200,1435770000420,SHORT,1.1091,1.10756,156.99999999998494,153.9999999999875,2.999999999997442
2015-07,1435770900000,1435770900389,1435774500062,LONG,1.10663,1.10556,-104.49999999999626,-106.99999999999044,2.4999999999941735
2015-07,1435775400000,1435775400140,1435779002188,SHORT,1.10444,1.10497,-49.49999999999122,-52.99999999999194,3.5000000000007248
2015-07,1435779900000,1435779900250,1435783501171,SHORT,1.10489,1.10531,-38.99999999998904,-42.0000000000087,3.0000000000196536
2015-07,1435784400000,1435784400185,1435788000319,SHORT,1.10525,1.10549,-12.000000000012001,-24.000000000001798,11.999999999989797
2015-07,1435788900000,1435788900178,1435792503643,SHORT,1.10529,1.10456,77.49999999999702,73.00000000001194,4.499999999985079
2015-07,1435793400000,1435793408186,1435797000594,LONG,1.10427,1.10388,-36.999999999998145,-39.00000000001125,2.0000000000131024
2015-07,1435797900000,1435797900342,1435802400706,LONG,1.10435,1.10494,62.000000000006494,59.000000000009045,2.999999999997449
2015-07,1435803300000,1435803301480,1435806904384,SHORT,1.10515,1.10739,-219.4999999999947,-224.000000000002,4.500000000007276
2015-07,1435807800000,1435807800455,1435811400894,SHORT,1.10724,1.10739,-10.500000000002174,-15.00000000000945,4.500000000007276
2015-07,1435812300000,1435812303151,1435815901805,LONG,1.1072,1.10688,-29.49999999999342,-31.999999999987594,2.4999999999941735
2015-07,1435816800000,1435816800485,1435820400257,LONG,1.10728,1.10756,30.49999999999997,28.000000000005798,2.4999999999941735
2015-07,1435821300000,1435821300033,1435824901649,LONG,1.10721,1.10565,-153.00000000000313,-156.00000000000057,2.999999999997442
2015-07,1435825800000,1435825800138,1435829400583,LONG,1.10689,1.10758,70.49999999999557,69.00000000000794,1.4999999999876223
2015-07,1435830300000,1435830301055,1435833900744,SHORT,1.10821,1.10759,63.99999999999739,61.99999999998429,2.0000000000131024
2015-07,1435834800000,1435834800176,1435838400427,LONG,1.10712,1.10747,36.49999999999487,34.99999999998504,1.5000000000098268
2015-07,1435839300000,1435839300131,1435842900609,SHORT,1.1065,1.10887,-235.00000000000742,-236.99999999999832,1.999999999990905
2015-07,1435843800000,1435843800076,1435847400019,LONG,1.1085,1.11024,176.50000000000165,173.99999999998528,2.500000000016371
2015-07,1435848300000,1435848301349,1435851900336,SHORT,1.11012,1.1097,44.50000000000287,42.0000000000087,2.4999999999941735
2015-07,1435852800000,1435852800157,1435856400987,SHORT,1.10898,1.10956,-54.50000000000177,-58.000000000002494,3.5000000000007248
2015-07,1435857300000,1435857306690,1435860900209,SHORT,1.10917,1.1085,69.50000000001123,66.99999999999484,2.500000000016385
2015-07,1435861800000,1435861800171,1435865409704,LONG,1.10866,1.10867,5.500000000013827,1.0000000000065512,4.500000000007276
2015-07,1435866300000,1435866301791,1435869914420,LONG,1.10892,1.1086,-30.0000000000189,-31.999999999987594,1.9999999999686935
2015-07,1435870800000,1435870800018,1435874400096,LONG,1.10856,1.10862,21.999999999988695,5.999999999994898,15.999999999993797
2015-07,1435875300000,1435875301518,1435878915885,SHORT,1.10842,1.10861,-10.500000000002174,-19.00000000001345,8.500000000011276
2015-07,1435880700000,1435880710169,1435884300798,SHORT,1.10849,1.10898,-46.49999999999377,-49.00000000001015,2.500000000016378
2015-07,1435885200000,1435885204853,1435888800374,LONG,1.10872,1.10886,18.49999999998797,14.000000000002899,4.4999999999850715
2015-07,1435889700000,1435889707304,1435893300590,LONG,1.10912,1.10916,6.499999999998174,3.999999999981796,2.500000000016378
2015-07,1435894200000,1435894200493,1435897800585,SHORT,1.10965,1.10946,22.500000000014175,19.00000000001345,3.5000000000007248
2015-07,1435898700000,1435898701565,1435902309379,LONG,1.10929,1.10921,-2.999999999997449,-8.000000000008,5.000000000010552
2015-07,1435903200000,1435903201429,1435906800078,SHORT,1.10935,1.10946,-7.999999999963592,-10.999999999983245,3.0000000000196536
2015-07,1435907700000,1435907700682,1435914000130,SHORT,1.10974,1.11079,-100.99999999999554,-104.99999999999955,4.0000000000040075
2015-07,1435914900000,1435914901316,1435918500937,LONG,1.11067,1.11104,38.50000000000797,36.999999999998145,1.5000000000098268
2015-07,1435919400000,1435919401049,1435923000221,SHORT,1.11158,1.10965,197.00000000000273,192.99999999999872,4.0000000000040075
2015-07,1435923900000,1435923900005,1435927500321,SHORT,1.10959,1.10835,126.99999999998823,124.00000000001299,2.9999999999752447
2015-07,1435928400000,1435928401382,1435932000358,SHORT,1.10916,1.10996,-77.00000000001594,-80.00000000001339,2.999999999997442
2015-07,1435932900000,1435932900128,1435936500288,LONG,1.11033,1.11064,34.50000000000397,31.000000000003247,3.5000000000007248
2015-07,1435937400000,1435937400154,1435941002872,SHORT,1.10999,1.11034,-30.0000000000189,-35.00000000000725,4.999999999988347
2015-07,1435941900000,1435941900046,1435945500153,LONG,1.10925,1.10938,18.49999999998797,12.999999999996348,5.499999999991623
2015-07,1435946400000,1435946400142,1435950000378,SHORT,1.10964,1.10964,7.499999999982521,0.0,7.499999999982521
2015-07,1435950900000,1435950900940,1435954500177,SHORT,1.10965,1.1103,-55.000000000005045,-65.00000000000395,9.999999999998906
2015-07,1435955400000,1435955400458,1436130037096,SHORT,1.11057,1.09972,1111.4999999999986,1085.0000000000027,26.499999999995907
2015-07,1436130900000,1436130900510,1436134500668,SHORT,1.09955,1.10173,-202.9999999999976,-218.00000000000708,15.000000000009464
2015-07,1436135400000,1436135400007,1436139003454,SHORT,1.10168,1.10265,-88.99999999998354,-96.99999999999153,8.000000000007987
2015-07,1436139900000,1436139901770,1436143503260,LONG,1.10159,1.10214,58.000000000002494,54.99999999998284,3.0000000000196536
2015-07,1436144400000,1436144403340,1436148000449,SHORT,1.102,1.10423,-219.4999999999947,-222.99999999999542,3.5000000000007105
2015-07,1436148900000,1436148901758,1436152501695,SHORT,1.10419,1.10351,72.99999999998974,68.00000000000139,4.999999999988347
2015-07,1436153400000,1436153402433,1436157009794,LONG,1.10355,1.1042,69.49999999998902,65.00000000000395,4.499999999985064
2015-07,1436157900000,1436157901484,1436161501101,SHORT,1.10309,1.10584,-270.99999999999903,-275.000000000003,4.000000000003979
2015-07,1436162400000,1436162400434,1436166000171,SHORT,1.10686,1.10562,127.99999999999478,123.99999999999079,4.000000000003993
2015-07,1436166900000,1436166900022,1436170500271,SHORT,1.10498,1.10809,-308.50000000000045,-310.9999999999946,2.499999999994145
2015-07,1436171400000,1436171400288,1436175000191,LONG,1.10785,1.10518,-262.50000000000995,-266.999999999995,4.49999999998505
2015-07,1436175900000,1436175900445,1436179500117,SHORT,1.10569,1.10299,274.00000000001864,270.00000000001467,4.000000000003979
2015-07,1436180400000,1436180400227,1436184000115,SHORT,1.10315,1.10126,192.49999999999545,189.00000000001694,3.499999999978513
2015-07,1436184900000,1436184900423,1436188500148,LONG,1.10088,1.10264,179.00000000001802,175.99999999999838,3.0000000000196394
2015-07,1436189400000,1436189400482,1436193000554,SHORT,1.10286,1.10475,-186.50000000000057,-188.9999999999947,2.499999999994145
2015-07,1436193900000,1436193900240,1436197500069,SHORT,1.10601,1.10777,-174.50000000001074,-175.99999999999838,1.4999999999876366
2015-07,1436198400000,1436198401502,1436202000176,LONG,1.10752,1.10744,-5.999999999994898,-8.000000000008,2.0000000000131024
2015-07,1436202900000,1436202900272,1436206500729,SHORT,1.10814,1.10582,235.00000000000742,231.99999999998778,3.0000000000196394
2015-07,1436207400000,1436207400204,1436211000032,SHORT,1.10582,1.10501,82.50000000000756,80.99999999999774,1.5000000000098197
2015-07,1436211900000,1436211900332,1436215500231,SHORT,1.10495,1.1056,-59.99999999999339,-64.99999999998174,4.999999999988347
2015-07,1436216400000,1436216400061,1436220000367,LONG,1.10573,1.10557,-2.4999999999941735,-16.000000000016,13.500000000021828
2015-07,1436220900000,1436220912831,1436224504561,LONG,1.10568,1.10525,-38.0000000000047,-42.999999999993044,4.999999999988347
2015-07,1436225400000,1436225400493,1436229003164,LONG,1.10547,1.10492,-50.0000000000167,-55.000000000005045,4.999999999988347
2015-07,1436229900000,1436229914005,1436233500587,SHORT,1.10483,1.10385,103.00000000000864,97.9999999999981,5.0000000000105445
2015-07,1436234400000,1436234400327,1436238004092,LONG,1.10389,1.10328,-57.00000000001815,-60.99999999999994,3.999999999981796
2015-07,1436238900000,1436238900191,1436242500116,SHORT,1.10272,1.10332,-56.000000000011596,-60.000000000015596,4.000000000004
2015-07,1436243400000,1436243402229,1436247000149,LONG,1.10346,1.10337,-6.000000000017103,-9.000000000014552,2.999999999997449
2015-07,1436247900000,1436247900494,1436251500210,LONG,1.1031,1.10257,-50.0000000000167,-52.99999999999194,2.9999999999752447
2015-07,1436252400000,1436252400298,1436256000363,LONG,1.10269,1.10067,-200.49999999998124,-201.99999999999108,1.500000000009834
2015-07,1436256900000,1436256900068,1436260500220,SHORT,1.0999,1.0974,253.00000000001432,250.00000000001688,2.999999999997442
2015-07,1436261400000,1436261400803,1436265000013,LONG,1.09698,1.09664,-32.999999999994145,-34.000000000000696,1.0000000000065512
2015-07,1436265900000,1436265900038,1436269500377,SHORT,1.09722,1.09564,161.00000000003334,158.0000000000137,3.0000000000196394
2015-07,1436270400000,1436270400183,1436274001071,SHORT,1.09543,1.0929,255.00000000000523,252.99999999999213,2.0000000000131024
2015-07,1436274900000,1436274900072,1436278500994,LONG,1.09291,1.0944,150.49999999998676,148.99999999999915,1.4999999999876081
2015-07,1436279400000,1436279400886,1436284800001,SHORT,1.09306,1.09519,-210.50000000000236,-213.00000000001873,2.500000000016371
2015-07,1436285700000,1436285700291,1436289300032,SHORT,1.09744,1.09451,295.99999999998516,292.9999999999877,2.999999999997442
2015-07,1436290200000,1436290200248,1436293800022,LONG,1.09534,1.09648,117.99999999999588,113.99999999999189,4.000000000003993
2015-07,1436294700000,1436294700114,1436299200231,SHORT,1.09685,1.10177,-489.49999999998715,-491.99999999998136,2.499999999994202
2015-07,1436300100000,1436300100487,1436303700199,LONG,1.10109,1.10039,-59.99999999999339,-69.9999999999923,9.999999999998906
2015-07,1436304600000,1436304600382,1436308201305,SHORT,1.09904,1.0993,-11.000000000027654,-25.999999999992696,14.999999999965041
2015-07,1436309100000,1436309100466,1436312700185,SHORT,1.09955,1.10139,-178.00000000001148,-184.00000000000637,5.999999999994884
2015-07,1436313600000,1436313601257,1436317200134,LONG,1.10079,1.0994,-134.49999999999295,-139.00000000000023,4.500000000007276
2015-07,1436318100000,1436318100643,1436321700166,SHORT,1.09886,1.09931,-40.500000000021075,-45.000000000006146,4.4999999999850715
2015-07,1436322600000,1436322601788,1436328003290,SHORT,1.09965,1.09912,56.49999999999267,52.99999999999194,3.5000000000007248
2015-07,1436328900000,1436328900226,1436332505985,LONG,1.0997,1.10095,129.00000000002353,125.00000000001954,4.000000000003993
2015-07,1436333400000,1436333400135,1436337000328,LONG,1.10106,1.1019,86.99999999999264,84.0000000000174,2.9999999999752447
2015-07,1436337900000,1436337900095,1436341500402,LONG,1.10273,1.1022,-50.49999999999777,-52.99999999999194,2.4999999999941735
2015-07,1436342400000,1436342400109,1436346000149,LONG,1.10473,1.10434,-37.50000000000142,-38.99999999998904,1.4999999999876223
2015-07,1436346900000,1436346901161,1436350502412,LONG,1.1046,1.10383,-75.49999999998391,-76.99999999999375,1.500000000009834
2015-07,1436351400000,1436351400122,1436355002807,LONG,1.10398,1.10136,-257.5000000000216,-262.00000000000665,4.49999999998505
2015-07,1436355900000,1436355900513,1436359500628,LONG,1.10168,1.10362,197.00000000000273,194.0000000000053,2.999999999997442
2015-07,1436360400000,1436360402056,1436364000216,SHORT,1.10357,1.10407,-47.500000000022524,-50.0000000000167,2.4999999999941735
2015-07,1436364900000,1436364900906,1436368500212,LONG,1.10499,1.10702,205.99999999999508,202.9999999999976,2.9999999999974705
2015-07,1436369400000,1436369400046,1436373001265,LONG,1.10852,1.10652,-197.00000000000273,-200.00000000000017,2.999999999997442
2015-07,1436373900000,1436373900024,1436378403006,SHORT,1.10527,1.10498,33.99999999997849,28.999999999990145,4.999999999988347
2015-07,1436379300000,1436379300096,1436382900059,SHORT,1.10678,1.10697,-16.499999999997073,-18.999999999991246,2.4999999999941735
2015-07,1436383800000,1436383800091,1436387400365,SHORT,1.1071,1.10763,-48.99999999998794,-52.99999999999194,4.000000000004
2015-07,1436388300000,1436388300335,1436391906894,LONG,1.10788,1.10723,-53.00000000001415,-65.00000000000395,11.999999999989804
2015-07,1436392800000,1436392800147,1436396400618,SHORT,1.10737,1.10754,-14.000000000002899,-17.000000000000348,2.999999999997449
2015-07,1436397300000,1436397300306,1436400901842,LONG,1.10732,1.10729,3.5000000000007248,-2.999999999997449,6.499999999998174
2015-07,1436401800000,1436401802777,1436405400221,SHORT,1.10718,1.10692,30.0000000000189,26.0000000000149,4.000000000004
2015-07,1436406300000,1436406300088,1436409900562,SHORT,1.10714,1.10696,22.500000000014175,18.0000000000069,4.500000000007276
2015-07,1436410800000,1436410805105,1436414400378,SHORT,1.1073,1.10773,-38.99999999998904,-43.00000000001525,4.000000000026205
2015-07,1436415300000,1436415302050,1436418900789,SHORT,1.10788,1.10824,-33.49999999999742,-35.999999999991594,2.4999999999941735
2015-07,1436419800000,1436419800176,1436423400407,SHORT,1.11004,1.11046,-38.0000000000269,-42.0000000000087,3.999999999981796
2015-07,1436424300000,1436424300371,1436427900298,SHORT,1.10932,1.10484,451.0000000000014,448.000000000004,2.999999999997442
2015-07,1436428800000,1436428800412,1436432400068,SHORT,1.10355,1.10448,-87.99999999999919,-92.99999999998754,4.999999999988347
2015-07,1436433300000,1436433300510,1436436900242,LONG,1.10425,1.10394,-28.500000000031278,-31.000000000003247,2.499999999971969
2015-07,1436437800000,1436437800242,1436441400699,SHORT,1.10444,1.10536,-87.99999999999919,-91.99999999998099,3.999999999981796
2015-07,1436442300000,1436442300798,1436445900367,LONG,1.10497,1.10323,-170.00000000000347,-174.00000000000747,4.0000000000040075
2015-07,1436446800000,1436446800075,1436450400355,LONG,1.10357,1.10585,230.49999999997794,228.00000000000597,2.499999999971976
2015-07,1436451300000,1436451303194,1436454900333,SHORT,1.10486,1.10428,61.499999999981014,58.000000000002494,3.4999999999785203
2015-07,1436455800000,1436455800864,1436459400450,SHORT,1.10345,1.10226,123.49999999998751,119.00000000000244,4.499999999985064
2015-07,1436460300000,1436460300016,1436463901266,SHORT,1.10106,1.09962,147.4999999999671,143.99999999998857,3.499999999978513
2015-07,1436464800000,1436464803011,1436468400127,SHORT,1.09994,1.10139,-140.99999999999113,-145.00000000001734,4.000000000026205
2015-07,1436469300000,1436469301140,1436472904475,SHORT,1.10216,1.10315,-96.50000000001046,-99.00000000000463,2.4999999999941735
2015-07,1436473800000,1436473801777,1436477400226,SHORT,1.10316,1.10374,-42.50000000001197,-58.000000000002494,15.499999999990521
2015-07,1436478300000,1436478300230,1436481912397,LONG,1.1037,1.10631,273.9999999999965,261.0000000000001,12.999999999996362
2015-07,1436482800000,1436482800052,1436486400050,SHORT,1.10702,1.10608,100.50000000001447,93.99999999999409,6.500000000020378
2015-07,1436487300000,1436487302388,1436490901292,LONG,1.10696,1.10769,76.50000000003487,73.00000000001194,3.5000000000229363
2015-07,1436491800000,1436491800146,1436495401589,SHORT,1.10853,1.10851,8.499999999989072,1.999999999990898,6.499999999998174
2015-07,1436496300000,1436496300611,1436499903003,SHORT,1.10897,1.10951,-50.50000000001997,-53.999999999998494,3.4999999999785203
2015-07,1436500800000,1436500800328,1436504409157,SHORT,1.10979,1.10972,10.500000000002174,7.0000000000014495,3.5000000000007248
2015-07,1436505300000,1436505301913,1436508900296,SHORT,1.11012,1.11224,-205.49999999999181,-211.99999999998997,6.499999999998153
2015-07,1436509800000,1436509800026,1436513400305,SHORT,1.11135,1.1122,-82.49999999998536,-85.00000000000173,2.500000000016371
2015-07,1436514300000,1436514300320,1436517900028,SHORT,1.11149,1.11199,-43.999999999999595,-49.99999999999449,5.999999999994898
2015-07,1436518800000,1436518801124,1436522400271,LONG,1.11139,1.11621,485.4999999999832,481.99999999998244,3.500000000000739
2015-07,1436523300000,1436523300517,1436526900614,LONG,1.11609,1.12014,407.4999999999829,404.9999999999887,2.499999999994202
2015-07,1436527800000,1436527800290,1436531400168,SHORT,1.11883,1.11893,-6.4999999999759694,-9.999999999998899,3.500000000022929
2015-07,1436532300000,1436532300224,1436535900571,SHORT,1.11836,1.11723,114.99999999999844,113.00000000000753,1.999999999990905
2015-07,1436536800000,1436536800006,1436540400032,SHORT,1.11812,1.11734,83.00000000001084,78.00000000000028,5.000000000010559
2015-07,1436541300000,1436541300247,1436544900379,LONG,1.11734,1.11646,-84.49999999999847,-87.99999999999919,3.5000000000007248
2015-07,1436545800000,1436545801518,1436549400564,SHORT,1.11678,1.11311,371.00000000001023,367.0000000000062,4.000000000004036
2015-07,1436550300000,1436550301514,1436553900572,SHORT,1.11354,1.11353,3.5000000000007248,1.0000000000065512,2.4999999999941735
2015-07,1436554800000,1436554800326,1436558400345,LONG,1.11284,1.11446,167.00000000000603,161.99999999999548,5.0000000000105445
2015-07,1436559300000,1436559300800,1436734801407,LONG,1.11452,1.10922,-501.49999999999915,-529.999999999986,28.49999999998687
2015-07,1436735700000,1436735707217,1436739301543,SHORT,1.1111,1.113,-171.99999999997218,-190.00000000000128,18.000000000029104
2015-07,1436740200000,1436740200993,1436743800084,SHORT,1.11295,1.11361,-60.99999999999994,-65.99999999998829,4.999999999988347
2015-07,1436744700000,1436744700517,1436748306636,LONG,1.11277,1.11338,64.50000000000067,60.99999999999994,3.5000000000007248
2015-07,1436749200000,1436749201159,1436752800136,SHORT,1.11342,1.11224,121.99999999999989,118.00000000001809,3.999999999981796
2015-07,1436753700000,1436753703492,1436757301713,SHORT,1.11251,1.11435,-179.4999999999769,-183.99999999998417,4.500000000007276
2015-07,1436758200000,1436758200173,1436761804003,SHORT,1.11314,1.11394,-73.99999999999629,-79.99999999999119,5.999999999994898
2015-07,1436762700000,1436762705567,1436766301545,LONG,1.11356,1.11379,30.0000000000189,22.999999999995246,7.000000000023654
2015-07,1436767200000,1436767200136,1436770800305,LONG,1.11429,1.11863,439.49999999999267,434.000000000001,5.499999999991644
2015-07,1436771700000,1436771700034,1436775300058,SHORT,1.11584,1.10759,832.4999999999916,824.9999999999868,7.500000000004775
2015-07,1436776200000,1436776201669,1436779800684,SHORT,1.10785,1.1069,99.4999999999857,95.00000000000064,4.499999999985064
2015-07,1436780700000,1436780702147,1436784300502,LONG,1.10738,1.10715,-19.999999999997797,-22.999999999995246,2.999999999997449
2015-07,1436785200000,1436785200511,1436788800349,LONG,1.10671,1.10654,-13.500000000021828,-17.000000000000348,3.4999999999785203
2015-07,1436789700000,1436789700002,1436793300050,LONG,1.10491,1.1044,-48.500000000029075,-51.000000000001044,2.499999999971969
2015-07,1436794200000,1436794200107,1436797800026,SHORT,1.10469,1.10369,102.49999999998316,99.99999999998899,2.4999999999941735
2015-07,1436798700000,1436798700078,1436802300246,SHORT,1.10313,1.10301,17.000000000022553,11.999999999989797,5.000000000032756
2015-07,1436811300000,1436811300014,1436814901367,LONG,1.10018,1.10056,42.0000000000087,38.0000000000047,4.000000000004
2015-07,1436815800000,1436815800388,1436821200203,SHORT,1.10105,1.10035,86.99999999999264,70.0000000000145,16.999999999978144
2015-07,1436822100000,1436822100694,1436825700403,LONG,1.10044,1.10031,0.0,-13.000000000018552,13.000000000018552
2015-07,1436826600000,1436826623447,1436830203396,LONG,1.10047,1.10036,-4.000000000004,-11.00000000000545,7.0000000000014495
2015-07,1436831100000,1436831101502,1436834700225,LONG,1.09949,1.09779,-164.49999999998965,-170.00000000000347,5.500000000013813
2015-07,1436835600000,1436835600478,1436839200754,SHORT,1.09866,1.1001,-140.50000000001006,-144.0000000000108,3.500000000000739
2015-07,1436840100000,1436840102537,1436846400456,LONG,1.1004,1.10104,67.49999999997591,63.99999999999739,3.4999999999785203
2015-07,1436847300000,1436847301860,1436850901165,SHORT,1.10056,1.09951,109.50000000002902,104.99999999999955,4.500000000029473
2015-07,1436851800000,1436851800004,1436855400127,SHORT,1.10033,1.09763,274.4999999999998,269.9999999999925,4.500000000007276
2015-07,1436856300000,1436856300089,1436859900430,LONG,1.09768,1.10015,252.99999999999213,246.99999999999721,5.9999999999949125
2015-07,1436860800000,1436860800099,1436864400071,SHORT,1.09929,1.10279,-342.4999999999789,-349.99999999998363,7.500000000004718
2015-07,1436865300000,1436865300095,1436868902381,LONG,1.10306,1.10315,13.000000000018552,9.000000000014552,4.000000000004
2015-07,1436869800000,1436869800562,1436873400124,LONG,1.10324,1.10257,-64.0000000000196,-66.99999999999484,2.9999999999752447
2015-07,1436874300000,1436874300544,1436877900362,SHORT,1.1026,1.10639,-374.999999999992,-378.999999999996,4.000000000004036
2015-07,1436878800000,1436878800517,1436882400045,LONG,1.10551,1.10371,-177.00000000000495,-180.0000000000024,2.999999999997442
2015-07,1436883300000,1436883301165,1436886900079,SHORT,1.10211,1.10059,154.49999999999076,151.9999999999966,2.4999999999941735
2015-07,1436887800000,1436887800273,1436891400143,SHORT,1.10175,1.10116,61.50000000002542,59.000000000009045,2.500000000016378
2015-07,1436892300000,1436892302983,1436895927507,LONG,1.10085,1.10124,42.49999999998977,38.99999999998904,3.5000000000007248
2015-07,1436896800000,1436896800076,1436900400999,LONG,1.10058,1.10095,40.49999999999887,37.00000000002035,3.4999999999785203
2015-07,1436901300000,1436901303545,1436904907708,SHORT,1.10064,1.10051,18.49999999998797,12.999999999996348,5.499999999991623
2015-07,1436905800000,1436905800280,1436909414649,SHORT,1.10065,1.10082,-11.500000000008725,-17.000000000000348,5.499999999991623
2015-07,1436910300000,1436910300395,1436913900791,LONG,1.10082,1.10133,60.99999999999994,51.000000000001044,9.999999999998899
2015-07,1436914800000,1436914802182,1436918400186,SHORT,1.10124,1.10067,63.49999999999412,56.99999999999594,6.499999999998174
2015-07,1436919300000,1436919300546,1436922906858,LONG,1.09976,1.09987,13.499999999999623,10.999999999983245,2.500000000016378
2015-07,1436923800000,1436923802817,1436927400510,LONG,1.09974,1.10035,66.00000000001049,60.99999999999994,5.0000000000105445
2015-07,1436928300000,1436928300261,1436931902428,SHORT,1.09967,1.10055,-84.0000000000174,-87.99999999999919,3.999999999981796
2015-07,1436932800000,1436932800322,1436936400544,LONG,1.10061,1.10013,-44.99999999998394,-48.000000000003595,3.0000000000196536
2015-07,1436937300000,1436937300211,1436940900623,SHORT,1.09971,1.10073,-97.49999999999481,-102.00000000000209,4.500000000007276
2015-07,1436941800000,1436941800424,1436945400493,LONG,1.10153,1.10092,-55.000000000005045,-60.99999999999994,5.999999999994898
2015-07,1436946300000,1436946300147,1436949900665,SHORT,1.10142,1.10284,-137.50000000001262,-141.99999999999767,4.49999999998505
2015-07,1436955300000,1436955300286,1436958900987,SHORT,1.10237,1.10206,34.50000000000397,31.000000000003247,3.5000000000007248
2015-07,1436959800000,1436959801236,1436963400009,LONG,1.1015,1.10049,-90.49999999999336,-100.99999999999554,10.500000000002174
2015-07,1436964300000,1436964300292,1436968800395,LONG,1.09759,1.0958,-176.99999999998272,-178.99999999999582,2.0000000000131024
2015-07,1436969700000,1436969700196,1436973300198,SHORT,1.09632,1.0961,25.00000000000835,21.999999999988695,3.0000000000196536
2015-07,1436974200000,1436974201377,1436977800211,SHORT,1.09566,1.09631,-61.50000000000322,-64.99999999998174,3.4999999999785203
2015-07,1436978700000,1436978700017,1436983200285,SHORT,1.09538,1.09486,54.500000000023974,52.000000000007596,2.500000000016378
2015-07,1436984100000,1436984102088,1436987701490,SHORT,1.09465,1.09516,-46.999999999997044,-51.000000000001044,4.000000000004
2015-07,1436988600000,1436988600448,1436992202929,LONG,1.09429,1.0946,35.00000000000725,31.000000000003247,4.000000000004
2015-07,1436993100000,1436993100017,1436996709212,LONG,1.0949,1.09475,-5.999999999994898,-15.00000000000945,9.000000000014552
2015-07,1436997600000,1436997600172,1437001200569,SHORT,1.09461,1.09595,-125.99999999998168,-133.99999999998968,8.000000000008
2015-07,1437002100000,1437002100188,1437005700181,LONG,1.09552,1.09337,-209.9999999999991,-215.00000000000963,5.0000000000105445
2015-07,1437006600000,1437006602307,1437012001055,SHORT,1.09365,1.09235,134.99999999999625,130.0000000000079,4.999999999988347
2015-07,1437012900000,1437012908543,1437019205130,LONG,1.09256,1.09339,86.99999999999264,83.00000000001084,3.999999999981796
2015-07,1437020100000,1437020102205,1437023703280,SHORT,1.09334,1.09323,14.000000000002899,11.00000000000545,2.999999999997449
2015-07,1437024600000,1437024600083,1437028200468,SHORT,1.09215,1.0932,-101.49999999997661,-104.99999999999955,3.5000000000229363
2015-07,1437029100000,1437029100153,1437033600066,SHORT,1.09418,1.08995,429.49999999999375,422.9999999999956,6.499999999998124
2015-07,1437034500000,1437034502720,1437038100322,SHORT,1.09087,1.09087,2.4999999999941735,0.0,2.4999999999941735
2015-07,1437039000000,1437039000325,1437042600141,LONG,1.09037,1.08931,-101.50000000002102,-106.00000000000608,4.499999999985064
2015-07,1437043500000,1437043501394,1437047102310,LONG,1.08884,1.0888,2.0000000000131024,-4.000000000004,6.000000000017103
2015-07,1437048000000,1437048000568,1437051600009,LONG,1.08775,1.08565,-206.00000000001728,-209.9999999999991,3.99999999998181
2015-07,1437052500000,1437052501818,1437056100518,LONG,1.08795,1.09085,294.49999999999756,290.00000000001245,4.499999999985107
2015-07,1437057000000,1437057000165,1437060600004,SHORT,1.09127,1.08991,139.50000000000352,136.00000000000279,3.500000000000739
2015-07,1437061500000,1437061500303,1437065106268,LONG,1.08994,1.08787,-201.50000000001,-207.00000000000162,5.499999999991616
2015-07,1437066000000,1437066000091,1437069600382,SHORT,1.08756,1.08833,-73.99999999999629,-76.99999999999375,2.9999999999974563
2015-07,1437070500000,1437070500297,1437074117520,SHORT,1.0879,1.08765,27.499999999980318,25.00000000000835,2.499999999971969
2015-07,1437075000000,1437075011760,1437078600794,SHORT,1.0876,1.08791,-28.49999999998687,-31.000000000003247,2.500000000016378
2015-07,1437079500000,1437079500588,1437083100328,SHORT,1.08787,1.08785,7.999999999985796,1.999999999990898,5.999999999994898
2015-07,1437084000000,1437084000377,1437087603368,SHORT,1.08755,1.08798,-37.50000000000142,-42.999999999993044,5.499999999991623
2015-07,1437088500000,1437088502569,1437092135827,LONG,1.08773,1.08827,58.50000000000577,53.999999999998494,4.500000000007276
2015-07,1437093000000,1437093001772,1437096601415,SHORT,1.08809,1.08845,-32.500000000013074,-35.999999999991594,3.4999999999785203
2015-07,1437097500000,1437097500133,1437101101341,SHORT,1.08866,1.08925,-55.499999999986116,-59.000000000009045,3.500000000022929
2015-07,1437102000000,1437102000170,1437105608546,SHORT,1.08946,1.09002,-52.99999999999194,-55.99999999998939,2.999999999997449
2015-07,1437106500000,1437106500445,1437110105330,SHORT,1.08965,1.08954,15.00000000000945,11.00000000000545,4.000000000004
2015-07,1437111000000,1437111006765,1437114600573,LONG,1.08946,1.08869,-72.99999999998974,-77.00000000001594,4.000000000026205
2015-07,1437115500000,1437115501049,1437119100296,SHORT,1.08814,1.08967,-148.99999999997692,-152.99999999998093,4.0000000000040075
2015-07,1437124500000,1437124500011,1437128100838,SHORT,1.08916,1.08838,82.49999999998536,78.00000000000028,4.499999999985079
2015-07,1437129000000,1437129000540,1437132600170,SHORT,1.08734,1.08897,-159.00000000002024,-163.00000000000205,3.99999999998181
2015-07,1437133500000,1437133500025,1437137100199,SHORT,1.08881,1.08635,249.50000000001359,246.00000000001288,3.5000000000007105
2015-07,1437138000000,1437138000164,1437141600086,SHORT,1.08654,1.08567,93.00000000003195,87.00000000001484,6.00000000001711
2015-07,1437142500000,1437142500353,1437146100485,LONG,1.08543,1.08521,-18.999999999991246,-21.999999999988695,2.999999999997449
2015-07,1437147000000,1437147000343,1437150600092,LONG,1.08537,1.08479,-53.00000000001415,-58.000000000002494,4.999999999988347
2015-07,1437151500000,1437151510215,1437155103293,SHORT,1.08453,1.08473,-14.999999999987246,-19.999999999997797,5.000000000010552
2015-07,1437156000000,1437156024590,1437159600142,SHORT,1.08474,1.08485,-8.499999999989072,-11.00000000000545,2.500000000016378
2015-07,1437161400000,1437161400483,1437165016046,LONG,1.085,1.08314,-182.99999999999983,-185.99999999999727,2.999999999997442
2015-07,1437165900000,1437165900098,1437339619105,SHORT,1.08295,1.08339,-18.999999999991246,-43.999999999999595,25.00000000000835
2015-07,1437340500000,1437340502256,1437344105402,SHORT,1.08351,1.08412,-51.99999999998539,-60.99999999999994,9.000000000014552
2015-07,1437345000000,1437345048168,1437348605566,LONG,1.08427,1.08322,-101.49999999997661,-104.99999999999955,3.5000000000229363
2015-07,1437349500000,1437349523179,1437353100287,LONG,1.08365,1.08297,-64.50000000000067,-68.00000000000139,3.5000000000007248
2015-07,1437354900000,1437354910508,1437358501089,LONG,1.08312,1.08273,-35.50000000003273,-39.00000000001125,3.4999999999785203
2015-07,1437359400000,1437359401437,1437363006904,SHORT,1.0826,1.08247,15.500000000012726,12.999999999996348,2.500000000016378
2015-07,1437363900000,1437363904863,1437367503062,LONG,1.08238,1.08264,28.49999999998687,26.0000000000149,2.499999999971969
2015-07,1437368400000,1437368401087,1437372000843,SHORT,1.08294,1.08298,1.0000000000065512,-4.000000000004,5.000000000010552
2015-07,1437372900000,1437372900280,1437376500010,SHORT,1.08307,1.08523,-213.4999999999998,-215.99999999999397,2.4999999999941735
2015-07,1437377400000,1437377400562,1437381000322,SHORT,1.08504,1.08508,0.0,-4.000000000004,4.000000000004
2015-07,1437381900000,1437381900101,1437385500175,SHORT,1.085,1.08318,185.499999999994,181.9999999999933,3.5000000000007105
2015-07,1437386400000,1437386401076,1437390000037,SHORT,1.08375,1.08387,-8.999999999970143,-11.999999999989797,3.0000000000196536
2015-07,1437390900000,1437390900349,1437394500248,SHORT,1.0838,1.08516,-131.99999999997658,-135.9999999999806,4.0000000000040075
2015-07,1437395400000,1437395400125,1437399000161,SHORT,1.08507,1.08394,117.50000000001481,113.00000000000753,4.500000000007276
2015-07,1437399900000,1437399900096,1437403500402,SHORT,1.08371,1.08618,-243.5000000000187,-246.99999999999721,3.499999999978513
2015-07,1437404400000,1437404400265,1437411600022,LONG,1.08647,1.08411,-234.00000000000088,-236.00000000001398,2.0000000000131024
2015-07,1437412500000,1437412505114,1437416100305,SHORT,1.08434,1.08318,118.49999999999916,116.00000000000499,2.4999999999941735
2015-07,1437417000000,1437417001879,1437420600203,LONG,1.08374,1.08312,-59.50000000001232,-61.99999999998429,2.499999999971969
2015-07,1437421500000,1437421500413,1437429600176,SHORT,1.08333,1.08221,114.99999999999844,112.000000000001,2.999999999997442
2015-07,1437430500000,1437430506049,1437434100014,SHORT,1.08249,1.08326,-70.99999999999883,-76.99999999999375,5.9999999999949125
2015-07,1437435000000,1437435000665,1437438601196,SHORT,1.08292,1.08327,-30.49999999999997,-34.99999999998504,4.4999999999850715
2015-07,1437439500000,1437439504362,1437443100160,LONG,1.08326,1.08224,-98.99999999998244,-101.99999999997988,2.999999999997442
2015-07,1437444000000,1437444000051,1437447600316,LONG,1.08224,1.08331,109.00000000000354,106.99999999999044,2.0000000000131024
2015-07,1437448500000,1437448500040,1437452100096,LONG,1.08278,1.08266,-8.000000000008,-12.000000000012001,4.000000000004
2015-07,1437453900000,1437453902076,1437457500007,SHORT,1.08194,1.08171,27.500000000002522,22.999999999995246,4.500000000007276
2015-07,1437458400000,1437458400284,1437462000365,SHORT,1.08224,1.08299,-72.0000000000054,-74.99999999998064,2.9999999999752447
2015-07,1437462900000,1437462901322,1437466500285,SHORT,1.08315,1.08488,-168.99999999999693,-173.00000000000094,4.0000000000040075
2015-07,1437467400000,1437467400459,1437471000945,SHORT,1.08524,1.08501,25.999999999992696,22.999999999995246,2.999999999997449
2015-07,1437471900000,1437471900398,1437475500170,LONG,1.08539,1.08582,45.99999999999049,42.999999999993044,2.999999999997449
2015-07,1437480900000,1437480900136,1437484500163,SHORT,1.08685,1.08824,-134.49999999999295,-139.00000000000023,4.500000000007276
2015-07,1437485400000,1437485400144,1437489000106,LONG,1.08781,1.09131,353.50000000002876,350.00000000000585,3.500000000022908
2015-07,1437489900000,1437489900627,1437493500306,LONG,1.09159,1.09207,52.49999999998867,48.000000000003595,4.4999999999850715
2015-07,1437494400000,1437494400027,1437498000290,SHORT,1.09267,1.09598,-327.9999999999728,-330.9999999999924,3.000000000019611
2015-07,1437498900000,1437498900232,1437502503334,SHORT,1.09575,1.09529,49.99999999997229,45.99999999999049,3.999999999981796
2015-07,1437503400000,1437503400783,1437507008611,LONG,1.09496,1.09362,-130.99999999997004,-133.99999999998968,3.0000000000196394
2015-07,1437507900000,1437507904027,1437511500223,SHORT,1.09372,1.09441,-66.0000000000327,-69.00000000000794,2.9999999999752447
2015-07,1437516900000,1437516904839,1437520500902,LONG,1.09365,1.09356,-1.4999999999876223,-8.999999999992347,7.500000000004725
2015-07,1437521400000,1437521400539,1437525000872,LONG,1.09362,1.09474,115.49999999997951,112.000000000001,3.499999999978513
2015-07,1437525900000,1437525900080,1437529503083,SHORT,1.09519,1.09516,6.000000000017103,3.0000000000196536,2.999999999997449
2015-07,1437530400000,1437530400241,1437534000619,LONG,1.09391,1.09261,-128.50000000002026,-129.99999999998568,1.4999999999654108
2015-07,1437534900000,1437534901077,1437538500237,SHORT,1.09305,1.09318,-10.49999999997997,-12.999999999996348,2.500000000016378
2015-07,1437539400000,1437539402012,1437544800217,LONG,1.09327,1.09343,19.500000000016726,15.999999999993797,3.500000000022929
2015-07,1437545700000,1437545700053,1437549300204,SHORT,1.09405,1.09442,-31.500000000006523,-36.999999999998145,5.499999999991623
2015-07,1437550200000,1437550200332,1437555600221,SHORT,1.09327,1.09384,-52.49999999998867,-56.99999999999594,4.500000000007276
2015-07,1437556500000,1437556500520,1437560100736,SHORT,1.09398,1.09317,83.49999999999191,80.99999999999774,2.4999999999941735
2015-07,1437561000000,1437561000921,1437564604773,LONG,1.09217,1.09344,131.00000000001444,126.99999999998823,4.000000000026205
2015-07,1437565500000,1437565501298,1437569100358,SHORT,1.09287,1.0897,321.4999999999968,317.0000000000117,4.499999999985107
2015-07,1437570000000,1437570000156,1437573600050,SHORT,1.09038,1.08986,58.99999999998684,51.99999999998539,7.0000000000014495
2015-07,1437574500000,1437574500272,1437580801032,SHORT,1.08932,1.08839,98.50000000000136,93.00000000000975,5.499999999991616
2015-07,1437581700000,1437581700331,1437585302253,SHORT,1.08762,1.09027,-263.4999999999943,-265.0000000000041,1.500000000009777
2015-07,1437586200000,1437586203354,1437589802581,LONG,1.09049,1.09051,4.500000000007276,2.0000000000131024,2.4999999999941735
2015-07,1437590700000,1437590700568,1437594301734,SHORT,1.09084,1.09146,-60.49999999999667,-62.000000000006494,1.5000000000098268
2015-07,1437595200000,1437595200282,1437598800315,SHORT,1.09165,1.09293,-123.49999999998751,-127.99999999999478,4.500000000007276
2015-07,1437599700000,1437599700102,1437603303158,SHORT,1.09279,1.09265,24.000000000024002,14.000000000002899,10.000000000021103
2015-07,1437604200000,1437604200450,1437607806202,LONG,1.09259,1.09261,6.499999999998174,2.0000000000131024,4.4999999999850715
2015-07,1437608700000,1437608753661,1437612307662,SHORT,1.09262,1.09293,-26.500000000018176,-31.000000000003247,4.4999999999850715
2015-07,1437613200000,1437613200313,1437616800916,LONG,1.09336,1.09439,105.99999999998388,102.99999999998644,2.999999999997442
2015-07,1437617700000,1437617700308,1437621301059,SHORT,1.09456,1.09542,-82.00000000000429,-86.0000000000083,4.0000000000040075
2015-07,1437622200000,1437622200337,1437625800848,SHORT,1.09514,1.0939,127.99999999999478,123.99999999999079,4.000000000003993
2015-07,1437626700000,1437626700046,1437630300516,LONG,1.09392,1.09333,-55.499999999986116,-59.000000000009045,3.500000000022929
2015-07,1437631200000,1437631200831,1437634800026,SHORT,1.09409,1.09293,117.99999999999588,116.00000000000499,1.9999999999908908
2015-07,1437635700000,1437635700592,1437639300548,SHORT,1.09471,1.09979,-505.0000000000221,-507.9999999999973,2.9999999999752163
2015-07,1437640200000,1437640200165,1437643802795,SHORT,1.09857,1.0977,91.49999999999991,87.00000000001484,4.499999999985079
2015-07,1437644700000,1437644700214,1437648300648,LONG,1.09801,1.09907,109.50000000002902,106.00000000000608,3.5000000000229363
2015-07,1437649200000,1437649200254,1437652800042,SHORT,1.09962,1.10012,-48.49999999998467,-49.99999999999449,1.5000000000098268
2015-07,1437653700000,1437653700382,1437657300492,SHORT,1.1,1.09606,396.49999999999966,394.00000000000546,2.499999999994202
2015-07,1437658200000,1437658200109,1437661800393,LONG,1.09614,1.09797,185.00000000001293,182.99999999999983,2.0000000000131024
2015-07,1437662700000,1437662700692,1437666300396,SHORT,1.09738,1.09688,51.99999999998539,49.99999999999449,1.999999999990898
2015-07,1437667200000,1437667200327,1437670800712,LONG,1.09747,1.09926,181.50000000001222,178.99999999999582,2.5000000000163993
2015-07,1437671700000,1437671701206,1437675300523,LONG,1.09935,1.1,67.00000000001705,65.00000000000395,2.0000000000131024
2015-07,1437676200000,1437676201117,1437679800001,LONG,1.10058,1.09991,-64.50000000000067,-66.99999999999484,2.4999999999941735
2015-07,1437680700000,1437680700464,1437684300260,SHORT,1.09961,1.09917,48.000000000003595,43.999999999999595,4.000000000004
2015-07,1437685200000,1437685200030,1437688800431,LONG,1.09857,1.09827,-9.999999999976694,-29.999999999996696,20.000000000020002
2015-07,1437689700000,1437689700950,1437693359510,SHORT,1.09848,1.09869,-12.499999999970868,-21.00000000000435,8.50000000003348
2015-07,1437695100000,1437695100487,1437698704292,LONG,1.09867,1.09844,-19.999999999997797,-22.999999999995246,2.999999999997449
2015-07,1437699600000,1437699600191,1437703200628,SHORT,1.0989,1.098,92.99999999998754,89.99999999999008,2.9999999999974563
2015-07,1437704100000,1437704100296,1437707700251,LONG,1.09794,1.09711,-79.00000000000685,-82.99999999998863,3.9999999999817817
2015-07,1437708600000,1437708600499,1437712208015,SHORT,1.09654,1.09674,-16.999999999978144,-19.999999999997797,3.0000000000196536
2015-07,1437713100000,1437713115061,1437716700192,LONG,1.09715,1.09751,38.49999999998577,35.999999999991594,2.4999999999941735
2015-07,1437722100000,1437722100172,1437725700716,SHORT,1.09713,1.09473,242.99999999999324,239.99999999999577,2.9999999999974705
2015-07,1437726600000,1437726600857,1437730200282,SHORT,1.09339,1.09465,-123.99999999996858,-125.99999999998168,2.0000000000131024
2015-07,1437731100000,1437731100129,1437734700599,SHORT,1.09522,1.09425,99.00000000002684,97.00000000001374,2.0000000000131024
2015-07,1437735600000,1437735600185,1437739200407,SHORT,1.09544,1.09337,208.99999999999253,207.00000000000162,1.999999999990905
2015-07,1437740100000,1437740100001,1437743700528,SHORT,1.09385,1.09422,-35.00000000000725,-36.999999999998145,1.999999999990898
2015-07,1437744600000,1437744600505,1437748200660,SHORT,1.09533,1.09576,-39.49999999999232,-43.00000000001525,3.500000000022929
2015-07,1437749100000,1437749100408,1437752700172,LONG,1.09607,1.09664,59.499999999990116,56.99999999999594,2.4999999999941735
2015-07,1437753600000,1437753600212,1437757200186,LONG,1.09763,1.09773,13.000000000018552,9.999999999998899,3.0000000000196536
2015-07,1437758100000,1437758102144,1437764400794,LONG,1.09775,1.0982,48.000000000003595,45.000000000006146,2.999999999997449
2015-07,1437765300000,1437765300512,1437768900000,SHORT,1.09771,1.09796,-20.500000000023277,-25.00000000000835,4.4999999999850715
2015-07,1437769800000,1437769800902,1437944404809,SHORT,1.09801,1.09856,-32.000000000032,-55.000000000005045,22.999999999973042
2015-07,1437945300000,1437945312681,1437951600516,LONG,1.098,1.09747,-42.999999999993044,-53.00000000001415,10.000000000021103
2015-07,1437952500000,1437952520285,1437956101991,SHORT,1.09732,1.09772,-34.49999999998177,-39.999999999995595,5.500000000013827
2015-07,1437957000000,1437957001069,1437960600974,LONG,1.09786,1.0989,107.99999999999699,103.99999999999298,4.0000000000040075
2015-07,1437961500000,1437961501267,1437965100276,LONG,1.09914,1.09999,88.50000000002467,85.00000000000173,3.5000000000229363
2015-07,1437966000000,1437966000128,1437973201523,SHORT,1.10093,1.10045,51.499999999982116,48.000000000003595,3.4999999999785203
2015-07,1437974100000,1437974112644,1437977700157,LONG,1.10076,1.10125,52.0000000000298,49.00000000001015,3.0000000000196536
2015-07,1437978600000,1437978600083,1437982200074,LONG,1.10383,1.10717,335.49999999999966,333.9999999999899,1.500000000009777
2015-07,1437983100000,1437983100783,1437986700396,SHORT,1.10765,1.10738,31.00000000002545,26.999999999999247,4.000000000026205
2015-07,1437987600000,1437987600023,1437991200882,LONG,1.10782,1.10725,-53.999999999998494,-56.99999999999594,2.999999999997449
2015-07,1437992100000,1437992116257,1437995700726,SHORT,1.10724,1.1071,17.000000000000348,14.000000000002899,2.999999999997449
2015-07,1437996600000,1437996600260,1438002000220,LONG,1.10754,1.10707,-44.50000000000287,-46.999999999997044,2.4999999999941735
2015-07,1438002900000,1438002901024,1438006500271,SHORT,1.10841,1.10975,-129.50000000002683,-134.00000000001188,4.49999999998505
2015-07,1438007400000,1438007400418,1438011000278,SHORT,1.10981,1.11015,-30.999999999981043,-34.000000000000696,3.0000000000196536
2015-07,1438011900000,1438011900351,1438015501855,LONG,1.11214,1.11195,-15.499999999990521,-18.999999999991246,3.5000000000007248
2015-07,1438016400000,1438016400177,1438020000421,LONG,1.11126,1.11001,-121.99999999999989,-124.99999999999733,2.999999999997442
2015-07,1438020900000,1438020900298,1438024500194,LONG,1.10966,1.10951,-12.000000000012001,-15.00000000000945,2.999999999997449
2015-07,1438025400000,1438025401589,1438029000388,SHORT,1.10957,1.10926,34.99999999998504,31.000000000003247,3.999999999981796
2015-07,1438029900000,1438029900513,1438033501682,LONG,1.10915,1.10907,1.4999999999876223,-8.000000000008,9.499999999995623
2015-07,1438034400000,1438034400087,1438038000138,SHORT,1.10913,1.10868,55.000000000005045,44.99999999998394,10.000000000021103
2015-07,1438038900000,1438038903444,1438042500169,LONG,1.1087,1.10895,29.500000000015625,25.00000000000835,4.500000000007276
2015-07,1438043400000,1438043400763,1438047001425,SHORT,1.10945,1.10889,59.50000000001232,56.000000000011596,3.5000000000007248
2015-07,1438047900000,1438047902631,1438051500092,LONG,1.10868,1.10846,-17.999999999984695,-22.0000000000109,4.000000000026205
2015-07,1438052400000,1438052407720,1438056001433,LONG,1.10831,1.10744,-83.49999999999191,-86.99999999999264,3.5000000000007248
2015-07,1438056900000,1438056900282,1438060500034,LONG,1.10734,1.10844,112.50000000000426,110.00000000001009,2.4999999999941735
2015-07,1438061400000,1438061400661,1438065000202,LONG,1.10831,1.1068,-149.5000000000246,-150.99999999999002,1.4999999999654108
2015-07,1438065900000,1438065900436,1438069500306,LONG,1.10636,1.1069,56.99999999997374,53.999999999998494,2.9999999999752447
2015-07,1438070400000,1438070400332,1438074000019,LONG,1.10606,1.10646,42.0000000000087,39.999999999995595,2.0000000000131024
2015-07,1438074900000,1438074900576,1438078500171,SHORT,1.10641,1.10302,342.50000000000114,339.0000000000004,3.500000000000739
2015-07,1438079400000,1438079400112,1438083000319,LONG,1.1036,1.10323,-34.500000000026176,-36.999999999998145,2.499999999971969
2015-07,1438083900000,1438083900094,1438088400001,LONG,1.1025,1.10341,95.00000000000064,90.99999999999665,4.000000000003993
2015-07,1438089300000,1438089300189,1438092900048,LONG,1.10304,1.10482,181.00000000000892,177.99999999998929,3.0000000000196394
2015-07,1438093800000,1438093800911,1438097400071,LONG,1.10537,1.10474,-60.99999999999994,-62.99999999999084,1.999999999990898
2015-07,1438098300000,1438098300007,1438101900008,LONG,1.10465,1.10496,34.000000000000696,31.000000000003247,2.999999999997449
2015-07,1438102800000,1438102800029,1438106400262,LONG,1.10478,1.10547,71.99999999998319,68.99999999998573,2.9999999999974563
2015-07,1438107300000,1438107302566,1438117200104,SHORT,1.10554,1.10607,-44.500000000025075,-53.00000000001415,8.499999999989072
2015-07,1438118100000,1438118112089,1438121701156,SHORT,1.10604,1.10609,3.5000000000007248,-5.000000000010552,8.500000000011276
2015-07,1438122600000,1438122603688,1438126204056,SHORT,1.10596,1.1067,-69.00000000000794,-73.99999999999629,4.999999999988347
2015-07,1438127100000,1438127101501,1438130703280,LONG,1.10632,1.10702,71.99999999998319,69.9999999999923,1.9999999999908908
2015-07,1438131600000,1438131600502,1438135206727,SHORT,1.10736,1.1081,-71.00000000002105,-74.0000000000185,2.9999999999974563
2015-07,1438136100000,1438136100839,1438139700586,LONG,1.10772,1.10797,29.49999999999342,24.999999999986144,4.500000000007276
2015-07,1438140600000,1438140603814,1438146000595,SHORT,1.10815,1.10562,256.49999999997067,252.99999999999213,3.4999999999785416
2015-07,1438146900000,1438146900541,1438150500199,LONG,1.10578,1.10448,-126.50000000000716,-130.0000000000079,3.500000000000739
2015-07,1438151400000,1438151400205,1438156800712,SHORT,1.10439,1.10434,7.999999999985796,4.999999999988347,2.999999999997449
2015-07,1438157700000,1438157700468,1438161301865,LONG,1.10479,1.10647,173.00000000002314,168.0000000000126,5.0000000000105445
2015-07,1438162200000,1438162200191,1438165800362,SHORT,1.10653,1.10648,8.000000000008,5.000000000010552,2.999999999997449
2015-07,1438166700000,1438166701927,1438170300575,LONG,1.10618,1.10402,-212.9999999999743,-215.99999999999397,3.000000000019668
2015-07,1438171200000,1438171200225,1438174800297,LONG,1.10342,1.10484,147.5000000000115,141.99999999999767,5.500000000013841
2015-07,1438175700000,1438175700188,1438179300095,SHORT,1.10481,1.10384,99.50000000000792,97.00000000001374,2.4999999999941735
2015-07,1438180200000,1438180200281,1438183800281,SHORT,1.10355,1.10216,140.0000000000068,139.00000000000023,1.0000000000065654
2015-07,1438184700000,1438184700363,1438188300105,SHORT,1.10267,1.10265,3.5000000000007248,2.0000000000131024,1.4999999999876223
2015-07,1438189200000,1438189200168,1438192800058,LONG,1.10352,1.10451,127.50000000001371,99.00000000000463,28.50000000000908
2015-07,1438193700000,1438193700783,1438197300587,LONG,1.1019,1.0982,-367.0000000000062,-370.00000000000364,2.999999999997442
2015-07,1438198200000,1438198200192,1438201804771,LONG,1.09835,1.09874,41.99999999998649,39.00000000001125,2.9999999999752447
2015-07,1438202700000,1438202700533,1438206300281,LONG,1.09895,1.09785,-92.50000000000647,-110.00000000001009,17.500000000003624
2015-07,1438207200000,1438207200012,1438210800316,SHORT,1.09778,1.09895,-109.49999999998461,-117.00000000001154,7.50000000002693
2015-07,1438211700000,1438211703149,1438215300945,LONG,1.0986,1.09666,-190.49999999998235,-194.0000000000053,3.5000000000229363
2015-07,1438216200000,1438216200363,1438219803099,SHORT,1.09647,1.09717,-65.99999999998829,-69.9999999999923,4.0000000000040075
2015-07,1438220700000,1438220700022,1438224300246,SHORT,1.09647,1.09758,-107.99999999999699,-110.99999999999443,2.999999999997442
2015-07,1438225200000,1438225205906,1438228800772,LONG,1.09755,1.09719,-34.000000000000696,-35.999999999991594,1.999999999990898
2015-07,1438229700000,1438229701790,1438233308489,SHORT,1.09699,1.09745,-42.49999999998977,-46.0000000000127,3.500000000022929
2015-07,1438234200000,1438234200070,1438237800293,SHORT,1.09759,1.09505,255.99999999998957,253.99999999999866,1.999999999990905
2015-07,1438238700000,1438238701394,1438242300233,SHORT,1.09535,1.0957,-34.000000000000696,-34.99999999998504,0.9999999999843467
2015-07,1438243200000,1438243200581,1438246800520,SHORT,1.09625,1.09686,-56.000000000011596,-60.99999999999994,4.999999999988347
2015-07,1438247700000,1438247700228,1438251300472,SHORT,1.09794,1.0975,47.99999999998139,43.999999999999595,3.999999999981796
2015-07,1438252200000,1438252200298,1438255802734,SHORT,1.09732,1.09609,126.99999999998823,123.00000000000644,3.999999999981796
2015-07,1438256700000,1438256702482,1438261201017,SHORT,1.09563,1.09527,37.50000000000142,36.0000000000138,1.4999999999876223
2015-07,1438262100000,1438262101060,1438268400137,SHORT,1.09394,1.09234,161.99999999999548,159.99999999998238,2.0000000000131024
2015-07,1438269300000,1438269300489,1438272900303,LONG,1.09235,1.09092,-139.50000000000352,-143.00000000000423,3.5000000000007105
2015-07,1438273800000,1438273801178,1438277400156,LONG,1.08988,1.09038,53.00000000001415,49.99999999999449,3.0000000000196536
2015-07,1438278300000,1438278300343,1438281900134,LONG,1.09049,1.09126,80.99999999999774,76.99999999999375,4.000000000003993
2015-07,1438282800000,1438282800126,1438286400487,LONG,1.09186,1.09334,150.00000000000568,147.99999999999258,2.0000000000131024
2015-07,1438287300000,1438287302315,1438293600081,SHORT,1.09316,1.09329,-7.50000000002693,-13.000000000018552,5.499999999991623
2015-07,1438294500000,1438294500119,1438298115256,LONG,1.09336,1.09352,22.0000000000109,15.999999999993797,6.000000000017103
2015-07,1438299000000,1438299000513,1438302601124,SHORT,1.09366,1.09409,-38.49999999998577,-42.999999999993044,4.500000000007276
2015-07,1438303500000,1438303504211,1438308000511,SHORT,1.09444,1.09399,50.0000000000167,45.000000000006146,5.000000000010552
2015-07,1438308900000,1438308902714,1438312513936,LONG,1.09377,1.09426,52.50000000001087,49.00000000001015,3.5000000000007248
2015-07,1438313400000,1438313402007,1438317003693,LONG,1.09482,1.09428,-51.000000000001044,-53.999999999998494,2.999999999997449
2015-07,1438317900000,1438317903370,1438321503362,LONG,1.09466,1.09374,-89.00000000000574,-92.00000000000318,2.999999999997442
2015-07,1438322400000,1438322400162,1438326000337,SHORT,1.09343,1.09537,-190.49999999998235,-194.0000000000053,3.5000000000229363
2015-07,1438326900000,1438326900564,1438330500030,SHORT,1.09397,1.09366,33.499999999975216,31.000000000003247,2.499999999971969
2015-07,1438331400000,1438331403120,1438335000002,SHORT,1.09375,1.09519,-141.4999999999944,-144.0000000000108,2.5000000000163993
2015-07,1438335900000,1438335900261,1438339503066,SHORT,1.09643,1.09781,-134.99999999999625,-137.9999999999937,2.999999999997442
2015-07,1438340400000,1438340400087,1438344000298,LONG,1.09795,1.09636,-156.50000000000387,-158.99999999999804,2.4999999999941735
2015-07,1438344900000,1438344900079,1438348500007,LONG,1.09664,1.1104,1379.5000000000002,1375.9999999999995,3.500000000000682
2015-07,1438349400000,1438349400309,1438353000162,SHORT,1.11,1.10748,254.50000000000193,252.0000000000078,2.499999999994145
2015-07,1438353900000,1438353900230,1438357500514,LONG,1.10815,1.10472,-338.49999999997493,-343.00000000000443,4.500000000029502
2015-07,1438358400000,1438358400289,1438362000033,LONG,1.10278,1.10028,-248.00000000000378,-250.00000000001688,2.0000000000131024
2015-07,1438362900000,1438362900676,1438366500830,SHORT,1.10053,1.10058,-3.5000000000007248,-4.999999999988347,1.4999999999876223
2015-07,1438367400000,1438367400058,1438371000194,SHORT,1.09909,1.09859,51.99999999998539,49.99999999999449,1.999999999990898
2015-07,1438371900000,1438371900061,1438375500281,LONG,1.09838,1.09838,5.499999999991623,0.0,5.499999999991623
2015-08,1438550100000,1438550171693,1438553702326,LONG,1.09758,1.09743,-2.500000000016378,-15.00000000000945,12.499999999993072
2015-08,1438554600000,1438554605639,1438558200143,SHORT,1.09752,1.09759,0.0,-7.0000000000014495,7.0000000000014495
2015-08,1438559100000,1438559109750,1438562702747,LONG,1.0972,1.09748,33.00000000001635,28.000000000005798,5.000000000010552
2015-08,1438563600000,1438563600039,1438567200361,SHORT,1.09775,1.09736,42.50000000003418,39.00000000001125,3.500000000022929
2015-08,1438568100000,1438568101249,1438571702360,SHORT,1.09738,1.0983,-89.49999999998681,-92.00000000000318,2.500000000016371
2015-08,1438572600000,1438572600132,1438576211457,SHORT,1.09847,1.09809,41.000000000002146,38.0000000000047,2.999999999997449
2015-08,1438578000000,1438578000145,1438581600125,LONG,1.098,1.09815,18.0000000000069,14.999999999987246,3.0000000000196536
2015-08,1438582500000,1438582500741,1438586100359,SHORT,1.09713,1.09836,-119.50000000000571,-123.00000000000644,3.5000000000007248
2015-08,1438587000000,1438587000046,1438590600340,LONG,1.09793,1.09651,-139.9999999999846,-141.99999999999767,2.000000000013074
2015-08,1438591500000,1438591500047,1438596000797,LONG,1.09701,1.09744,45.99999999999049,42.999999999993044,2.999999999997449
2015-08,1438596900000,1438596902006,1438600500470,LONG,1.09686,1.09625,-58.499999999983565,-60.99999999999994,2.500000000016378
2015-08,1438601400000,1438601400458,1438605000395,SHORT,1.09607,1.09574,41.000000000002146,33.00000000001635,7.999999999985796
2015-08,1438605900000,1438605900050,1438609500370,SHORT,1.09495,1.09771,-273.99999999997425,-275.9999999999874,2.000000000013131
2015-08,1438614900000,1438614900118,1438618500491,SHORT,1.09657,1.09571,89.49999999998681,86.0000000000083,3.499999999978513
2015-08,1438619400000,1438619400032,1438623000091,SHORT,1.09512,1.09519,-4.4999999999850715,-7.0000000000014495,2.500000000016378
2015-08,1438623900000,1438623900282,1438627500111,SHORT,1.09585,1.09506,81.49999999997881,79.00000000000685,2.499999999971962
2015-08,1438628400000,1438628400082,1438632000716,LONG,1.09483,1.09553,73.00000000001194,69.9999999999923,3.0000000000196394
2015-08,1438632900000,1438632901435,1438636505825,SHORT,1.09525,1.09522,7.499999999982521,2.999999999997449,4.4999999999850715
2015-08,1438638300000,1438638310554,1438641909046,SHORT,1.09514,1.0953,-4.4999999999850715,-15.999999999993797,11.500000000008725
2015-08,1438643700000,1438643701381,1438647300373,LONG,1.09535,1.09365,-164.50000000001185,-170.00000000000347,5.499999999991616
2015-08,1438648200000,1438648200573,1438651800645,SHORT,1.09369,1.09359,14.000000000002899,9.999999999998899,4.000000000004
2015-08,1438652700000,1438652702418,1438656301342,LONG,1.09367,1.09453,89.49999999998681,86.0000000000083,3.499999999978513
2015-08,1438657200000,1438657200344,1438660800355,LONG,1.09477,1.09409,-64.50000000000067,-68.00000000000139,3.5000000000007248
2015-08,1438661700000,1438661702936,1438665302527,LONG,1.09431,1.09419,-8.500000000011276,-11.999999999989797,3.4999999999785203
2015-08,1438666200000,1438666202412,1438669800090,SHORT,1.09445,1.09625,-177.5000000000304,-180.0000000000024,2.499999999971976
2015-08,1438670700000,1438670700182,1438674313424,SHORT,1.09597,1.09607,-8.000000000008,-9.999999999998899,1.999999999990898
2015-08,1438675200000,1438675200224,1438678800153,SHORT,1.09733,1.0971,26.999999999977042,22.999999999995246,3.999999999981796
2015-08,1438679700000,1438679703948,1438683300016,LONG,1.09611,1.09776,168.0000000000348,165.00000000001512,3.000000000019668
2015-08,1438684200000,1438684202573,1438687800483,SHORT,1.09774,1.09868,-92.00000000000318,-94.00000000001629,2.0000000000131024
2015-08,1438688700000,1438688700432,1438692300705,LONG,1.09847,1.09679,-165.9999999999995,-168.0000000000126,2.0000000000131024
2015-08,1438693200000,1438693200304,1438696800133,LONG,1.09697,1.09605,-86.99999999999264,-92.00000000000318,5.0000000000105445
2015-08,1438697700000,1438697700246,1438701300267,SHORT,1.09745,1.09662,87.49999999999591,83.00000000001084,4.499999999985064
2015-08,1438702200000,1438702200206,1438705800574,SHORT,1.09605,1.09529,79.00000000000685,75.99999999998718,3.000000000019668
2015-08,1438706700000,1438706700316,1438710300394,LONG,1.09508,1.09321,-184.49999999998744,-187.00000000000384,2.5000000000163993
2015-08,1438711200000,1438711200017,1438714800691,LONG,1.0917,1.08901,-265.99999999996624,-268.9999999999859,3.000000000019668
2015-08,1438715700000,1438715700464,1438719301198,SHORT,1.08858,1.08929,-66.99999999999484,-70.99999999999883,4.000000000003993
2015-08,1438720200000,1438720200251,1438723800742,LONG,1.08869,1.08866,1.999999999990898,-2.999999999997449,4.999999999988347
2015-08,1438724700000,1438724701780,1438728301093,LONG,1.08881,1.08907,33.49999999999742,25.999999999992696,7.500000000004725
2015-08,1438733700000,1438733701534,1438740000242,SHORT,1.08765,1.08622,146.50000000000495,143.00000000000423,3.5000000000007105
2015-08,1438740900000,1438740902250,1438744500268,LONG,1.08515,1.08579,68.99999999998573,63.99999999999739,4.99999999998834
2015-08,1438745400000,1438745400563,1438749005233,SHORT,1.08618,1.08648,-26.500000000018176,-29.999999999996696,3.4999999999785203
2015-08,1438749900000,1438749900404,1438758000017,LONG,1.08672,1.08727,57.49999999999922,55.000000000005045,2.4999999999941735
2015-08,1438758900000,1438758900382,1438762500250,SHORT,1.08644,1.08644,2.999999999997449,0.0,2.999999999997449
2015-08,1438763400000,1438763400199,1438767000086,LONG,1.08656,1.08618,-35.49999999998832,-38.0000000000047,2.500000000016378
2015-08,1438767900000,1438767906225,1438771500102,SHORT,1.086,1.08613,-9.499999999995623,-12.999999999996348,3.5000000000007248
2015-08,1438772400000,1438772400021,1438776000248,LONG,1.08673,1.08809,139.50000000000352,136.00000000000279,3.500000000000739
2015-08,1438776900000,1438776900008,1438780500455,LONG,1.08823,1.0895,131.00000000001444,126.99999999998823,4.000000000026205
2015-08,1438781400000,1438781400525,1438785000054,SHORT,1.08946,1.08649,300.00000000001137,297.0000000000139,2.999999999997442
2015-08,1438785900000,1438785900042,1438789501097,SHORT,1.08637,1.08704,-64.0000000000196,-66.99999999999484,2.9999999999752447
2015-08,1438790400000,1438790400098,1438794000430,LONG,1.0868,1.0873,52.000000000007596,49.99999999999449,2.0000000000131024
2015-08,1438794900000,1438794900197,1438798512052,SHORT,1.08791,1.09052,-258.0000000000027,-261.0000000000001,2.999999999997442
2015-08,1438799400000,1438799400419,1438803003183,LONG,1.09059,1.09032,-25.00000000000835,-26.999999999999247,1.999999999990898
2015-08,1438803900000,1438803900228,1438807501706,SHORT,1.0904,1.09053,-9.000000000014552,-12.999999999996348,3.999999999981796
2015-08,1438808400000,1438808401593,1438812000194,SHORT,1.09056,1.08997,64.99999999998174,58.99999999998684,5.999999999994898
2015-08,1438812900000,1438812956900,1438816500190,SHORT,1.0899,1.09035,-40.499999999976666,-44.99999999998394,4.500000000007276
2015-08,1438817400000,1438817400415,1438821000744,SHORT,1.09032,1.09226,-191.49999999998892,-194.0000000000053,2.500000000016371
2015-08,1438821900000,1438821900360,1438825502582,LONG,1.09164,1.09071,-89.49999999998681,-92.99999999998754,3.5000000000007248
2015-08,1438826400000,1438826400209,1438830033068,LONG,1.09081,1.09063,-15.999999999993797,-18.0000000000069,2.0000000000131024
2015-08,1438830900000,1438830907679,1438834502027,SHORT,1.0906,1.09069,-6.000000000017103,-8.999999999992347,2.9999999999752447
2015-08,1438835400000,1438835403738,1438839000077,SHORT,1.09094,1.09182,-85.00000000002395,-87.99999999999919,2.9999999999752447
2015-08,1438839900000,1438839901294,1438843500325,SHORT,1.09212,1.09122,92.49999999998425,89.99999999999008,2.4999999999941735
2015-08,1438844400000,1438844400482,1438848000198,LONG,1.09103,1.08903,-198.00000000000927,-200.00000000000017,1.999999999990905
2015-08,1438848900000,1438848900564,1438855202325,LONG,1.08965,1.08934,-26.999999999999247,-31.000000000003247,4.000000000004
2015-08,1438856100000,1438856100085,1438859700127,SHORT,1.08971,1.09055,-81.9999999999821,-83.9999999999952,2.0000000000131024
2015-08,1438860600000,1438860600517,1438864200300,SHORT,1.09016,1.08884,144.99999999999514,131.99999999999878,12.999999999996362
2015-08,1438865100000,1438865101455,1438868700313,SHORT,1.08901,1.09071,-165.99999999997726,-170.00000000000347,4.000000000026205
2015-08,1438869600000,1438869600031,1438873200076,LONG,1.09181,1.09127,-51.00000000002325,-53.999999999998494,2.9999999999752447
2015-08,1438874100000,1438874100427,1438877700410,SHORT,1.0918,1.09328,-143.99999999998857,-147.99999999999258,4.0000000000040075
2015-08,1438878600000,1438878600615,1438882200223,SHORT,1.09266,1.09175,93.99999999999409,90.99999999999665,2.999999999997442
2015-08,1438883100000,1438883100807,1438886706571,SHORT,1.09212,1.09214,0.49999999998107114,-2.0000000000131024,2.4999999999941735
2015-08,1438887600000,1438887600317,1438891200354,SHORT,1.09212,1.09305,-91.00000000001884,-93.00000000000975,1.999999999990905
2015-08,1438892100000,1438892118283,1438895700167,LONG,1.09292,1.09214,-72.49999999996426,-77.99999999997809,5.500000000013827
2015-08,1438896600000,1438896600193,1438900200572,SHORT,1.09231,1.09289,-48.49999999998467,-58.000000000002494,9.500000000017828
2015-08,1438901100000,1438901117027,1438904703457,LONG,1.09274,1.09235,-34.0000000000229,-39.00000000001125,4.999999999988347
2015-08,1438905600000,1438905600977,1438909200105,SHORT,1.09223,1.09279,-52.000000000007596,-55.99999999998939,3.999999999981796
2015-08,1438910100000,1438910104498,1438913702318,SHORT,1.09275,1.0924,38.99999999998904,35.00000000000725,3.999999999981796
2015-08,1438914600000,1438914618760,1438918202209,SHORT,1.09227,1.09126,104.00000000001519,101.00000000001774,2.9999999999974563
2015-08,1438919100000,1438919100288,1438922734495,LONG,1.09119,1.09162,45.49999999998722,42.999999999993044,2.4999999999941735
2015-08,1438923600000,1438923600230,1438927200003,LONG,1.09199,1.09169,-28.999999999990145,-29.999999999996696,1.0000000000065512
2015-08,1438928100000,1438928100179,1438931700537,SHORT,1.09135,1.09238,-99.50000000000792,-102.99999999998644,3.4999999999785274
2015-08,1438932600000,1438932600042,1438936200274,LONG,1.09386,1.093,-84.49999999999847,-86.0000000000083,1.500000000009834
2015-08,1438937100000,1438937102153,1438940700154,SHORT,1.09295,1.0921,85.99999999998609,85.00000000000173,0.9999999999843538
2015-08,1438941600000,1438941600236,1438945200071,SHORT,1.09204,1.09284,-76.99999999999375,-80.00000000001339,3.0000000000196394
2015-08,1438946100000,1438946100684,1438949700583,LONG,1.09305,1.09411,108.50000000000026,105.99999999998388,2.500000000016371
2015-08,1438950600000,1438950600359,1438954200124,LONG,1.0954,1.08786,-734.4999999999935,-753.9999999999881,19.499999999994543
2015-08,1438955100000,1438955100050,1438958700354,LONG,1.08786,1.09265,480.4999999999948,478.999999999985,1.500000000009834
2015-08,1438959600000,1438959600437,1438963200409,LONG,1.09385,1.09565,181.9999999999933,180.0000000000024,1.999999999990905
2015-08,1438964100000,1438964100953,1438967701027,LONG,1.09747,1.09631,-106.50000000000936,-116.00000000000499,9.499999999995623
2015-08,1438968600000,1438968600116,1438972202158,LONG,1.09628,1.09714,89.00000000000574,86.0000000000083,2.999999999997442
2015-08,1438973100000,1438973101225,1438976700399,LONG,1.0967,1.09683,15.500000000012726,12.999999999996348,2.500000000016378
2015-08,1438977600000,1438977600147,1439154000968,LONG,1.09587,1.09627,50.50000000001997,40.0000000000178,10.500000000002174
2015-08,1439155800000,1439155811007,1439159405805,SHORT,1.09644,1.09674,-24.999999999986144,-29.999999999996696,5.000000000010552
2015-08,1439160300000,1439160311365,1439163904712,LONG,1.09671,1.09611,-54.50000000000177,-60.000000000015596,5.500000000013827
2015-08,1439164800000,1439164800308,1439168400237,LONG,1.09587,1.0953,-54.50000000000177,-56.99999999999594,2.4999999999941735
2015-08,1439169300000,1439169300101,1439172900289,LONG,1.09548,1.09699,154.99999999999403,150.99999999999002,4.0000000000040075
2015-08,1439173800000,1439173805974,1439177400464,SHORT,1.09627,1.09645,-15.499999999990521,-17.999999999984695,2.4999999999941735
2015-08,1439178300000,1439178300417,1439181907358,LONG,1.09643,1.09682,41.000000000002146,38.99999999998904,2.0000000000131024
2015-08,1439183700000,1439183700731,1439187302382,LONG,1.09706,1.09673,-28.999999999990145,-32.999999999994145,4.000000000004
2015-08,1439188200000,1439188200850,1439191800174,SHORT,1.09626,1.09779,-149.49999999998022,-153.00000000000313,3.500000000022908
2015-08,1439192700000,1439192700299,1439196300161,LONG,1.09666,1.09691,28.000000000005798,25.00000000000835,2.999999999997449
2015-08,1439197200000,1439197200784,1439200800089,LONG,1.09645,1.09419,-223.50000000002092,-225.99999999999287,2.4999999999719478
2015-08,1439201700000,1439201700658,1439205300617,SHORT,1.09376,1.09297,79.99999999999119,79.00000000000685,0.9999999999843396
2015-08,1439206200000,1439206201203,1439209800347,LONG,1.09512,1.09547,36.999999999998145,34.99999999998504,2.0000000000131024
2015-08,1439210700000,1439210704172,1439214300001,SHORT,1.09476,1.09572,-93.49999999999082,-96.00000000000719,2.500000000016371
2015-08,1439215200000,1439215200291,1439218800010,SHORT,1.09704,1.09793,-85.50000000000502,-89.00000000000574,3.5000000000007248
2015-08,1439219700000,1439219705543,1439223300230,SHORT,1.09711,1.09984,-270.99999999999903,-272.99999999998994,1.999999999990905
2015-08,1439224200000,1439224200451,1439227800454,SHORT,1.09894,1.10345,-449.0000000000105,-451.0000000000014,1.999999999990905
2015-08,1439228700000,1439228700476,1439232300032,SHORT,1.10232,1.10146,88.50000000000247,85.99999999998609,2.500000000016385
2015-08,1439233200000,1439233200166,1439236800225,LONG,1.10198,1.1018,-15.00000000000945,-18.0000000000069,2.999999999997449
2015-08,1439237700000,1439237700356,1439241300284,SHORT,1.10161,1.10212,-43.49999999999632,-51.000000000001044,7.500000000004725
2015-08,1439242200000,1439242200186,1439245800348,LONG,1.10191,1.10165,-12.999999999996348,-25.999999999992696,12.999999999996348
2015-08,1439246700000,1439246718965,1439250300279,LONG,1.10188,1.10198,13.499999999999623,9.999999999998899,3.5000000000007248
2015-08,1439251200000,1439251201131,1439254800394,SHORT,1.10155,1.10311,-152.49999999999986,-156.00000000000057,3.5000000000007105
2015-08,1439255700000,1439255702465,1439259300152,LONG,1.10273,1.09824,-445.49999999998755,-448.9999999999883,3.500000000000739
2015-08,1439260200000,1439260200368,1439263804927,SHORT,1.09796,1.09815,-14.999999999965041,-18.999999999991246,4.000000000026205
2015-08,1439264700000,1439264703455,1439268313510,LONG,1.09756,1.09795,42.999999999993044,38.99999999998904,4.000000000004
2015-08,1439269200000,1439269200489,1439276400114,LONG,1.09773,1.09667,-103.00000000000864,-106.00000000000608,2.999999999997442
2015-08,1439277300000,1439277300248,1439280900454,LONG,1.10084,1.10423,342.00000000002007,339.0000000000004,3.000000000019668
2015-08,1439281800000,1439281800195,1439285400677,SHORT,1.10465,1.10315,153.50000000000642,149.9999999999835,3.5000000000229363
2015-08,1439286300000,1439286300502,1439289902364,LONG,1.10255,1.10303,50.49999999999777,48.000000000003595,2.4999999999941735
2015-08,1439290800000,1439290800090,1439294400213,SHORT,1.10344,1.10421,-75.50000000000611,-76.99999999999375,1.4999999999876366
2015-08,1439295300000,1439295300048,1439298900125,LONG,1.10553,1.10723,172.49999999999767,170.00000000000347,2.499999999994202
2015-08,1439299800000,1439299800594,1439305200111,LONG,1.10844,1.10453,-388.9999999999949,-391.000000000008,2.000000000013131
2015-08,1439306100000,1439306100292,1439312400280,SHORT,1.10578,1.10194,386.50000000002296,384.00000000000654,2.5000000000164277
2015-08,1439313300000,1439313301678,1439316900653,SHORT,1.10288,1.10329,-37.50000000000142,-41.000000000002146,3.5000000000007248
2015-08,1439317800000,1439317801136,1439321400684,SHORT,1.10236,1.1036,-120.00000000000898,-123.99999999999079,3.99999999998181
2015-08,1439322300000,1439322300614,1439326800228,SHORT,1.10388,1.10429,-34.50000000000397,-41.000000000002146,6.499999999998174
2015-08,1439327700000,1439327702043,1439331307066,SHORT,1.10414,1.10436,-12.000000000012001,-22.0000000000109,9.999999999998899
2015-08,1439332200000,1439332200909,1439335800423,LONG,1.10417,1.10425,12.499999999970868,7.999999999985796,4.4999999999850715
2015-08,1439336700000,1439336713098,1439340300401,LONG,1.1043,1.10467,40.499999999976666,36.999999999998145,3.4999999999785203
2015-08,1439341200000,1439341201079,1439344800621,LONG,1.10408,1.10587,181.49999999999,178.99999999999582,2.4999999999941735
2015-08,1439345700000,1439345700573,1439349332158,SHORT,1.1054,1.10605,-61.499999999981014,-65.00000000000395,3.5000000000229363
2015-08,1439350200000,1439350200577,1439353808232,LONG,1.10561,1.10612,54.0000000000207,51.000000000001044,3.0000000000196536
2015-08,1439354700000,1439354700539,1439358302034,LONG,1.10681,1.10777,99.99999999998899,95.999999999985,4.000000000003993
2015-08,1439359200000,1439359200231,1439362800265,SHORT,1.10828,1.10748,82.00000000000429,79.99999999999119,2.0000000000131024
2015-08,1439363700000,1439363700120,1439367300943,LONG,1.10938,1.11353,417.500000000004,414.9999999999876,2.500000000016371
2015-08,1439368200000,1439368200977,1439371800343,SHORT,1.11389,1.11325,66.50000000001377,63.99999999999739,2.500000000016378
2015-08,1439372700000,1439372701327,1439376300275,SHORT,1.11304,1.11477,-170.00000000000347,-173.00000000000094,2.9999999999974705
2015-08,1439377200000,1439377200155,1439380800624,LONG,1.11439,1.11471,35.50000000001052,32.0000000000098,3.5000000000007248
2015-08,1439381700000,1439381700343,1439385300477,LONG,1.1155,1.11468,-81.00000000001995,-82.00000000000429,0.9999999999843396
2015-08,1439386200000,1439386201756,1439389800331,SHORT,1.11646,1.1178,-132.00000000002098,-133.99999999998968,1.9999999999687077
2015-08,1439390700000,1439390701282,1439394302068,LONG,1.11815,1.12002,190.50000000000455,187.00000000000384,3.5000000000007105
2015-08,1439395200000,1439395200177,1439398800161,SHORT,1.11975,1.11755,224.49999999998306,219.99999999999798,4.499999999985079
2015-08,1439399700000,1439399700391,1439403300229,LONG,1.11766,1.11644,-118.00000000001809,-121.99999999999989,3.999999999981796
2015-08,1439404200000,1439404201051,1439407800944,SHORT,1.11692,1.11666,28.999999999990145,25.999999999992696,2.999999999997449
2015-08,1439408700000,1439408701152,1439412300397,SHORT,1.11712,1.11599,115.5000000000017,112.99999999998533,2.500000000016371
2015-08,1439413200000,1439413200199,1439416800029,LONG,1.11605,1.1157,-17.500000000003624,-35.00000000000725,17.500000000003624
2015-08,1439417700000,1439417710009,1439421301669,SHORT,1.11575,1.11542,37.99999999998249,32.999999999994145,4.999999999988347
2015-08,1439422200000,1439422200705,1439425801717,SHORT,1.11539,1.11527,15.500000000012726,12.000000000012001,3.5000000000007248
2015-08,1439426700000,1439426700040,1439430300298,LONG,1.11558,1.11639,85.50000000000502,80.99999999999774,4.500000000007276
2015-08,1439431200000,1439431200070,1439434800063,SHORT,1.11376,1.11348,31.999999999987594,28.000000000005798,3.999999999981796
2015-08,1439435700000,1439435702011,1439439300288,SHORT,1.11405,1.11399,8.999999999992347,5.999999999994898,2.999999999997449
2015-08,1439441100000,1439441104950,1439444701505,LONG,1.11401,1.11361,-36.49999999999487,-39.999999999995595,3.5000000000007248
2015-08,1439445600000,1439445600877,1439452800627,SHORT,1.11431,1.11131,303.0000000000088,299.99999999998914,3.000000000019668
2015-08,1439453700000,1439453700173,1439457300275,LONG,1.11171,1.11128,-39.999999999995595,-42.999999999993044,2.999999999997449
2015-08,1439458200000,1439458200847,1439461800231,SHORT,1.11118,1.11183,-62.99999999999084,-65.00000000000395,2.0000000000131095
2015-08,1439462700000,1439462710357,1439466300375,LONG,1.11144,1.11089,-52.50000000001087,-55.000000000005045,2.4999999999941735
2015-08,1439467200000,1439467200962,1439470800242,SHORT,1.1116,1.1099,174.00000000000747,169.99999999998127,4.000000000026205
2015-08,1439471700000,1439471700333,1439475301066,SHORT,1.11091,1.11171,-77.49999999997482,-79.99999999999119,2.500000000016371
2015-08,1439476200000,1439476200284,1439479800357,SHORT,1.11156,1.1143,-271.5000000000023,-273.9999999999965,2.499999999994202
2015-08,1439480700000,1439480700075,1439484300835,LONG,1.11462,1.11348,-110.49999999999116,-113.99999999999189,3.5000000000007248
2015-08,1439485200000,1439485200277,1439488804398,SHORT,1.1139,1.11373,18.49999999998797,16.999999999978144,1.5000000000098268
2015-08,1439489700000,1439489701506,1439496000128,LONG,1.11375,1.11527,153.9999999999875,151.9999999999966,1.999999999990905
2015-08,1439496900000,1439496900478,1439500503239,LONG,1.11651,1.1152,-126.99999999998823,-130.99999999999224,4.0000000000040075
2015-08,1439501400000,1439501400327,1439505005638,LONG,1.11525,1.11508,-12.999999999996348,-17.000000000000348,4.000000000004
2015-08,1439505900000,1439505909050,1439509510379,SHORT,1.11518,1.11533,-10.500000000002174,-14.999999999987246,4.4999999999850715
2015-08,1439510400000,1439510401394,1439514000442,SHORT,1.11581,1.11603,-17.999999999984695,-22.0000000000109,4.000000000026205
2015-08,1439514900000,1439514908258,1439518501093,SHORT,1.11569,1.11458,116.00000000000499,111.00000000001664,4.999999999988347
2015-08,1439519400000,1439519400066,1439523002205,LONG,1.11449,1.11473,27.500000000024727,24.000000000001798,3.500000000022929
2015-08,1439523900000,1439523900123,1439527508379,SHORT,1.11522,1.11523,3.5000000000007248,-0.9999999999843467,4.4999999999850715
2015-08,1439528400000,1439528400723,1439532000436,LONG,1.11567,1.11505,-58.50000000000577,-61.99999999998429,3.4999999999785203
2015-08,1439532900000,1439532900162,1439536500034,SHORT,1.11449,1.11609,-156.50000000000387,-160.00000000000458,3.5000000000007105
2015-08,1439537400000,1439537400269,1439541000322,SHORT,1.11472,1.11375,99.00000000000463,96.99999999999153,2.0000000000131024
2015-08,1439541900000,1439541900077,1439545500101,SHORT,1.11415,1.11515,-96.50000000003267,-100.0000000000112,3.4999999999785274
2015-08,1439546400000,1439546400061,1439550000132,SHORT,1.115,1.11746,-243.4999999999743,-245.99999999999068,2.500000000016371
2015-08,1439550900000,1439550900374,1439554501250,SHORT,1.1181,1.11718,95.00000000000064,92.00000000000318,2.9999999999974563
2015-08,1439555400000,1439555400363,1439559000363,LONG,1.11643,1.11323,-312.50000000000443,-320.00000000000915,7.500000000004718
2015-08,1439559900000,1439559900011,1439563500150,SHORT,1.11351,1.11355,-1.5000000000320313,-4.000000000004,2.499999999971969
2015-08,1439564400000,1439564400129,1439568000081,SHORT,1.11114,1.11096,20.49999999997887,18.0000000000069,2.499999999971969
2015-08,1439568900000,1439568900107,1439572500264,LONG,1.11135,1.11315,182.99999999999983,180.0000000000024,2.999999999997442
2015-08,1439573400000,1439573401064,1439577004067,LONG,1.11228,1.11205,-20.49999999997887,-22.999999999995246,2.500000000016378
2015-08,1439577900000,1439577900125,1439581509214,LONG,1.11181,1.11044,-134.99999999999625,-136.99999999998712,1.9999999999908766
2015-08,1439582400000,1439582400093,1439758817778,LONG,1.11088,1.11155,91.49999999999991,66.99999999999484,24.500000000005073
2015-08,1439763300000,1439763300393,1439766923011,SHORT,1.11106,1.10987,125.50000000000061,119.00000000000244,6.499999999998167
2015-08,1439767800000,1439767800147,1439771407375,LONG,1.10995,1.10936,-55.499999999986116,-59.000000000009045,3.500000000022929
2015-08,1439772300000,1439772311264,1439775900475,LONG,1.10958,1.10976,21.00000000000435,18.0000000000069,2.999999999997449
2015-08,1439776800000,1439776800411,1439780401453,LONG,1.10974,1.10954,-17.500000000003624,-19.999999999997797,2.4999999999941735
2015-08,1439781300000,1439781303807,1439784900207,LONG,1.10964,1.10871,-90.49999999999336,-92.99999999998754,2.4999999999941735
2015-08,1439785800000,1439785806081,1439789402645,SHORT,1.10866,1.10997,-127.99999999999478,-130.99999999999224,2.9999999999974563
2015-08,1439790300000,1439790301383,1439793900413,SHORT,1.10956,1.10987,-28.49999999998687,-30.999999999981043,2.4999999999941735
2015-08,1439794800000,1439794800349,1439798400128,SHORT,1.10983,1.10787,198.00000000000927,196.0000000000184,1.9999999999908766
2015-08,1439799300000,1439799300153,1439802900566,SHORT,1.10846,1.11135,-285.00000000000193,-289.0000000000059,4.000000000003979
2015-08,1439803800000,1439803800563,1439807400502,LONG,1.11059,1.10962,-94.49999999997516,-96.99999999999153,2.500000000016371
2015-08,1439808300000,1439808300981,1439811901058,LONG,1.10999,1.11012,15.500000000012726,12.999999999996348,2.500000000016378
2015-08,1439812800000,1439812800576,1439816400407,SHORT,1.10963,1.11093,-127.4999999999915,-130.0000000000079,2.5000000000163993
2015-08,1439817300000,1439817301082,1439823600122,SHORT,1.11142,1.10763,380.49999999998363,379.0000000000182,1.4999999999654392
2015-08,1439824500000,1439824500208,1439828100105,SHORT,1.1066,1.10767,-104.49999999999626,-106.99999999999044,2.4999999999941735
2015-08,1439829000000,1439829000174,1439832600848,SHORT,1.10814,1.10766,50.49999999999777,47.99999999998139,2.500000000016378
2015-08,1439833500000,1439833500394,1439837100714,LONG,1.10787,1.10795,9.499999999995623,8.000000000008,1.4999999999876223
2015-08,1439838000000,1439838000283,1439841600245,SHORT,1.10809,1.1082,-8.000000000008,-11.00000000000545,2.999999999997449
2015-08,1439842500000,1439842500402,1439846100117,LONG,1.10776,1.10764,-1.4999999999876223,-12.000000000012001,10.500000000024379
2015-08,1439847000000,1439847000161,1439850600500,LONG,1.10793,1.10781,-4.500000000007276,-12.000000000012001,7.500000000004725
2015-08,1439851500000,1439851527783,1439855101873,SHORT,1.10775,1.10749,31.500000000006523,25.999999999992696,5.500000000013827
2015-08,1439856000000,1439856000225,1439859600477,LONG,1.10758,1.10736,-19.49999999999452,-22.0000000000109,2.500000000016378
2015-08,1439860500000,1439860500820,1439864102059,SHORT,1.10754,1.10753,5.000000000032756,1.0000000000065512,4.000000000026205
2015-08,1439865000000,1439865001930,1439868606526,LONG,1.10769,1.10778,10.500000000002174,8.999999999992347,1.5000000000098268
2015-08,1439869500000,1439869504046,1439873100103,SHORT,1.10793,1.1056,236.00000000001398,233.00000000001654,2.999999999997442
2015-08,1439874000000,1439874000187,1439877600275,LONG,1.10555,1.10578,24.999999999986144,22.999999999995246,1.999999999990898
2015-08,1439878500000,1439878503586,1439882100349,LONG,1.10547,1.10775,231.0000000000034,228.00000000000597,2.999999999997442
2015-08,1439883000000,1439883000012,1439886600306,LONG,1.10665,1.10849,186.0000000000195,184.00000000000637,2.000000000013131
2015-08,1439887500000,1439887500308,1439891100669,LONG,1.10738,1.10657,-78.50000000000357,-80.99999999999774,2.4999999999941735
2015-08,1439892000000,1439892000457,1439895600670,SHORT,1.10711,1.1063,83.50000000001413,80.99999999999774,2.500000000016385
2015-08,1439896500000,1439896501316,1439900100126,SHORT,1.10637,1.10611,30.49999999999997,26.0000000000149,4.4999999999850715
2015-08,1439901000000,1439901000663,1439904601438,SHORT,1.10615,1.10317,310.50000000001353,297.9999999999983,12.500000000015234
2015-08,1439905500000,1439905500514,1439909100801,LONG,1.10373,1.10446,75.50000000000611,72.99999999998974,2.500000000016371
2015-08,1439910000000,1439910000285,1439913600150,LONG,1.10336,1.10264,-69.99999999997009,-71.99999999998319,2.0000000000131024
2015-08,1439914500000,1439914506326,1439918100844,LONG,1.1027,1.1034,71.50000000000212,69.9999999999923,1.5000000000098197
2015-08,1439919000000,1439919002858,1439922600468,LONG,1.10305,1.1024,-63.000000000013046,-65.00000000000395,1.999999999990905
2015-08,1439923500000,1439923500143,1439927100256,LONG,1.10249,1.10288,41.49999999998322,39.00000000001125,2.499999999971969
2015-08,1439928000000,1439928000197,1439931600070,SHORT,1.10319,1.10221,102.99999999998644,97.9999999999981,4.999999999988347
2015-08,1439932500000,1439932501504,1439936105922,LONG,1.10284,1.10258,-21.00000000000435,-26.0000000000149,5.000000000010552
2015-08,1439937000000,1439937002809,1439940600023,LONG,1.10281,1.10285,10.500000000002174,4.000000000004,6.499999999998174
2015-08,1439941500000,1439941501706,1439945100536,LONG,1.10261,1.10337,79.99999999999119,75.99999999998718,4.0000000000040075
2015-08,1439946000000,1439946000511,1439949609865,SHORT,1.10377,1.10382,-1.0000000000065512,-5.000000000010552,4.000000000004
2015-08,1439950500000,1439950501336,1439954100750,SHORT,1.10413,1.10465,-50.49999999999777,-51.99999999998539,1.4999999999876223
2015-08,1439955000000,1439955000252,1439958615012,LONG,1.10437,1.10469,34.000000000000696,31.999999999987594,2.0000000000131024
2015-08,1439959500000,1439959500217,1439963112206,SHORT,1.10512,1.10508,7.0000000000014495,4.000000000004,2.999999999997449
2015-08,1439964000000,1439964000470,1439967601347,LONG,1.10587,1.10658,73.49999999997081,70.99999999999883,2.499999999971976
2015-08,1439968500000,1439968500268,1439972100061,SHORT,1.10716,1.10638,81.50000000002322,78.00000000000028,3.5000000000229363
2015-08,1439973000000,1439973000625,1439976600566,LONG,1.10614,1.10347,-264.50000000000085,-266.999999999995,2.499999999994145
2015-08,1439977500000,1439977509224,1439981100539,SHORT,1.10375,1.10332,44.99999999998394,42.999999999993044,1.999999999990898
2015-08,1439982000000,1439982000117,1439985600117,LONG,1.10391,1.10394,4.4999999999850715,2.999999999997449,1.4999999999876223
2015-08,1439986500000,1439986500133,1439990101446,SHORT,1.1041,1.1038,31.500000000006523,30.0000000000189,1.4999999999876223
2015-08,1439991000000,1439991000393,1439994600432,SHORT,1.10274,1.1031,-33.500000000019625,-35.999999999991594,2.499999999971969
2015-08,1439995500000,1439995500089,1439999100736,SHORT,1.10549,1.10632,-80.50000000001667,-82.99999999998863,2.499999999971962
2015-08,1440000000000,1440000000615,1440003600030,LONG,1.10607,1.10576,-28.999999999990145,-31.000000000003247,2.0000000000131024
2015-08,1440004500000,1440004500326,1440010800086,LONG,1.1062,1.1125,633.9999999999791,629.9999999999973,3.99999999998181
2015-08,1440011700000,1440011700043,1440015300618,LONG,1.11197,1.11234,40.0000000000178,37.00000000002035,2.999999999997449
2015-08,1440016200000,1440016200294,1440019800304,LONG,1.11248,1.11225,-18.49999999998797,-22.999999999995246,4.500000000007276
2015-08,1440021600000,1440021600175,1440025200067,SHORT,1.1121,1.11162,52.49999999998867,48.000000000003595,4.4999999999850715
2015-08,1440026100000,1440026106943,1440029700762,LONG,1.11206,1.11395,192.99999999997652,188.9999999999947,3.99999999998181
2015-08,1440030600000,1440030600365,1440034200600,LONG,1.11478,1.11323,-151.50000000001552,-155.00000000001623,3.5000000000007105
2015-08,1440035100000,1440035103159,1440038705887,SHORT,1.1135,1.11354,-0.5000000000254801,-4.000000000004,3.4999999999785203
2015-08,1440039600000,1440039600305,1440043209494,SHORT,1.1132,1.11346,-22.49999999999197,-25.999999999992696,3.5000000000007248
2015-08,1440044100000,1440044100399,1440047701558,LONG,1.11368,1.11306,-60.99999999999994,-62.000000000006494,1.0000000000065512
2015-08,1440048600000,1440048600735,1440052200421,SHORT,1.11321,1.1128,43.99999999997739,41.000000000002146,2.9999999999752447
2015-08,1440053100000,1440053101394,1440056700396,LONG,1.11242,1.1119,-48.49999999998467,-51.99999999998539,3.5000000000007248
2015-08,1440057600000,1440057600298,1440061200046,LONG,1.11232,1.11434,205.00000000001074,202.00000000001327,2.9999999999974705
2015-08,1440062100000,1440062100448,1440065700246,SHORT,1.11471,1.11577,-102.50000000000537,-105.99999999998388,3.499999999978513
2015-08,1440066600000,1440066600190,1440072000146,SHORT,1.11596,1.1178,-180.99999999998673,-183.99999999998417,2.999999999997442
2015-08,1440072900000,1440072900235,1440076500239,LONG,1.11838,1.11691,-144.99999999997294,-146.99999999998602,2.000000000013074
2015-08,1440077400000,1440077400555,1440081000116,SHORT,1.11683,1.12034,-349.5000000000026,-350.9999999999902,1.4999999999876081
2015-08,1440081900000,1440081900037,1440085500277,SHORT,1.12012,1.11992,22.999999999973042,19.999999999997797,2.9999999999752447
2015-08,1440086400000,1440086400431,1440090000141,LONG,1.11994,1.11939,-53.499999999973014,-54.99999999998284,1.5000000000098268
2015-08,1440090900000,1440090900733,1440094500398,SHORT,1.11996,1.11985,14.000000000002899,11.00000000000545,2.999999999997449
2015-08,1440095400000,1440095400425,1440099001501,SHORT,1.11958,1.11998,-37.00000000002035,-39.999999999995595,2.9999999999752447
2015-08,1440099900000,1440099900022,1440103503307,SHORT,1.12032,1.12427,-390.5000000000047,-395.000000000012,4.500000000007276
2015-08,1440104400000,1440104400216,1440108000263,SHORT,1.12397,1.12343,75.00000000000284,53.999999999998494,21.00000000000435
2015-08,1440108900000,1440108900621,1440115200564,SHORT,1.12313,1.12353,-32.500000000013074,-39.999999999995595,7.499999999982521
2015-08,1440116100000,1440116100890,1440119701529,LONG,1.12382,1.1247,91.49999999999991,87.99999999999919,3.5000000000007248
2015-08,1440120600000,1440120600600,1440124200834,LONG,1.12458,1.12594,139.50000000000352,136.00000000000279,3.500000000000739
2015-08,1440125100000,1440125101173,1440128703190,LONG,1.12768,1.12812,47.500000000022524,43.999999999999595,3.500000000022929
2015-08,1440129600000,1440129600961,1440133201071,LONG,1.12746,1.12872,130.99999999999224,126.0000000000039,4.999999999988347
2015-08,1440134100000,1440134100153,1440137700235,SHORT,1.12935,1.12809,127.99999999999478,126.0000000000039,1.9999999999908908
2015-08,1440138600000,1440138601174,1440142200125,LONG,1.12864,1.12536,-327.00000000001063,-328.00000000001717,1.000000000006537
2015-08,1440143100000,1440143100611,1440146700743,LONG,1.12571,1.12541,-27.999999999983594,-29.999999999996696,2.0000000000131024
2015-08,1440152100000,1440152102286,1440155700741,SHORT,1.12767,1.1285,-80.99999999999774,-83.00000000001084,2.0000000000131024
2015-08,1440156600000,1440156600318,1440160200621,LONG,1.12853,1.12905,55.000000000005045,52.000000000007596,2.999999999997449
2015-08,1440161100000,1440161100134,1440164700266,LONG,1.12952,1.12877,-70.50000000001776,-75.00000000000284,4.499999999985079
2015-08,1440165600000,1440165600260,1440169200730,SHORT,1.1297,1.13118,-147.00000000000824,-148.00000000001478,1.000000000006537
2015-08,1440170100000,1440170100152,1440173700387,LONG,1.13508,1.13597,90.49999999999336,88.99999999998354,1.5000000000098197
2015-08,1440174600000,1440174600932,1440178200077,LONG,1.1365,1.13623,-24.500000000005073,-26.999999999999247,2.4999999999941735
2015-08,1440179100000,1440179100403,1440182700425,SHORT,1.136,1.1361,-7.000000000023654,-10.000000000021103,2.999999999997449
2015-08,1440183600000,1440183600140,1440187200622,SHORT,1.13564,1.13669,-101.50000000002102,-104.99999999999955,3.4999999999785274
2015-08,1440188100000,1440188100198,1440363625782,LONG,1.13663,1.13748,126.99999999998823,85.00000000000173,41.9999999999865
2015-08,1440364500000,1440364500759,1440368100878,LONG,1.13773,1.13778,17.000000000022553,5.000000000010552,12.000000000012001
2015-08,1440369000000,1440369000967,1440372600470,SHORT,1.13848,1.13868,-12.499999999993072,-19.999999999997797,7.500000000004725
2015-08,1440373500000,1440373500264,1440377100263,LONG,1.13743,1.13779,42.50000000001197,36.0000000000138,6.499999999998174
2015-08,1440378000000,1440378001139,1440381600011,SHORT,1.13855,1.14273,-414.9999999999876,-418.0000000000073,3.000000000019668
2015-08,1440382500000,1440382501589,1440386100159,LONG,1.14444,1.1483,390.0000000000015,386.00000000001967,3.99999999998181
2015-08,1440387000000,1440387000047,1440392403872,SHORT,1.1474,1.14556,188.49999999999145,184.00000000000637,4.499999999985079
2015-08,1440393300000,1440393300219,1440396900208,LONG,1.14691,1.14321,-366.50000000000296,-370.00000000000364,3.500000000000682
2015-08,1440397800000,1440397800586,1440401400275,LONG,1.14362,1.14662,303.0000000000088,299.99999999998914,3.000000000019668
2015-08,1440402300000,1440402300424,1440406800045,LONG,1.14878,1.14714,-161.99999999999548,-163.9999999999864,1.999999999990905
2015-08,1440407700000,1440407700055,1440411302435,LONG,1.14704,1.14831,129.4999999999824,126.99999999998823,2.4999999999941735
2015-08,1440412200000,1440412200198,1440415803775,LONG,1.14916,1.14848,-65.99999999998829,-68.00000000000139,2.0000000000131024
2015-08,1440416700000,1440416700186,1440420300154,SHORT,1.153,1.15433,-131.4999999999955,-133.00000000000534,1.500000000009834
2015-08,1440421200000,1440421200641,1440428400655,LONG,1.1549,1.15728,238.99999999998923,238.0000000000049,0.9999999999843396
2015-08,1440429300000,1440429300305,1440432900191,SHORT,1.1589,1.15869,25.000000000030553,21.00000000000435,4.000000000026205
2015-08,1440433800000,1440433800047,1440437400829,LONG,1.15681,1.1556,-117.49999999999261,-120.99999999999334,3.5000000000007248
2015-08,1440438300000,1440438300336,1440442800121,SHORT,1.15791,1.16,-207.00000000002382,-208.99999999999253,1.9999999999687077
2015-08,1440443700000,1440443701052,1440447300761,SHORT,1.15895,1.15825,73.50000000001522,69.9999999999923,3.500000000022922
2015-08,1440448200000,1440448200248,1440451800181,LONG,1.16037,1.15963,-56.49999999999267,-73.99999999999629,17.500000000003624
2015-08,1440452700000,1440452700256,1440456301095,LONG,1.15905,1.15979,79.50000000001012,74.0000000000185,5.499999999991616
2015-08,1440457200000,1440457200114,1440460800229,SHORT,1.15973,1.1581,170.49999999998454,163.00000000000205,7.499999999982492
2015-08,1440461700000,1440461701005,1440465300580,LONG,1.15651,1.1573,82.50000000000756,79.00000000000685,3.5000000000007105
2015-08,1440466200000,1440466200374,1440471600463,SHORT,1.15774,1.15328,448.5000000000072,445.99999999999085,2.500000000016371
2015-08,1440472500000,1440472500083,1440478800432,LONG,1.15485,1.15508,26.500000000018176,23.00000000001745,3.5000000000007248
2015-08,1440479700000,1440479702251,1440483300326,LONG,1.15468,1.15605,140.99999999999113,137.00000000000932,3.99999999998181
2015-08,1440484200000,1440484200053,1440487800401,LONG,1.15674,1.1536,-312.00000000000114,-314.00000000001427,2.000000000013131
2015-08,1440488700000,1440488700204,1440496800518,LONG,1.15522,1.15379,-140.0000000000068,-142.99999999998204,2.9999999999752447
2015-08,1440497700000,1440497700315,1440501300146,SHORT,1.1536,1.15073,288.5000000000026,286.99999999999284,1.500000000009777
2015-08,1440502200000,1440502201267,1440505800128,SHORT,1.14992,1.14939,56.49999999999267,53.00000000001415,3.4999999999785203
2015-08,1440506700000,1440506700739,1440510300477,LONG,1.14835,1.14728,-103.99999999997078,-106.99999999999044,3.0000000000196536
2015-08,1440511200000,1440511200339,1440514800008,LONG,1.14637,1.14121,-507.4999999999941,-515.9999999999832,8.499999999989086
2015-08,1440515700000,1440515700754,1440519300269,LONG,1.14112,1.14148,38.50000000000797,36.0000000000138,2.4999999999941735
2015-08,1440520200000,1440520200276,1440523800497,SHORT,1.14134,1.14431,-295.5000000000041,-296.9999999999917,1.4999999999876081
2015-08,1440524700000,1440524700526,1440528300403,SHORT,1.14452,1.14301,153.4999999999842,150.99999999999002,2.4999999999941735
2015-08,1440529200000,1440529200159,1440532800457,LONG,1.14254,1.14907,654.5000000000246,653.0000000000147,1.5000000000098908
2015-08,1440533700000,1440533700300,1440537300657,LONG,1.14994,1.15181,195.9999999999962,187.00000000000384,8.999999999992355
2015-08,1440538200000,1440538200178,1440541806848,LONG,1.15164,1.152,56.49999999999267,35.999999999991594,20.500000000001073
2015-08,1440542700000,1440542700588,1440546300993,LONG,1.15349,1.15304,-39.999999999995595,-44.99999999998394,4.999999999988347
2015-08,1440547200000,1440547200375,1440550800298,LONG,1.15539,1.15232,-301.499999999999,-306.9999999999906,5.499999999991644
2015-08,1440551700000,1440551700339,1440555300270,LONG,1.15265,1.15318,56.49999999999267,53.00000000001415,3.4999999999785203
2015-08,1440556200000,1440556202589,1440559800213,LONG,1.15326,1.15112,-207.99999999998596,-214.00000000000307,6.00000000001711
2015-08,1440560700000,1440560700493,1440564300102,LONG,1.15208,1.14992,-212.49999999999324,-215.99999999999397,3.500000000000739
2015-08,1440565200000,1440565200477,1440572400004,LONG,1.14936,1.14968,37.50000000000142,32.0000000000098,5.499999999991623
2015-08,1440573300000,1440573300104,1440576900783,SHORT,1.15138,1.14925,213.99999999998087,212.99999999999653,0.9999999999843396
2015-08,1440577800000,1440577800118,1440581400337,LONG,1.14844,1.14517,-324.0000000000132,-326.9999999999884,2.9999999999752163
2015-08,1440582300000,1440582301773,1440586800033,LONG,1.14599,1.14212,-383.5000000000033,-387.000000000004,3.500000000000682
2015-08,1440587700000,1440587700320,1440591300039,SHORT,1.14235,1.14017,220.50000000000125,218.00000000000708,2.4999999999941735
2015-08,1440592200000,1440592200822,1440595800047,LONG,1.13905,1.1374,-154.50000000001296,-164.99999999999292,10.499999999979963
2015-08,1440596700000,1440596700352,1440601200519,LONG,1.13835,1.14088,256.49999999999284,252.99999999999213,3.5000000000007105
2015-08,1440602100000,1440602100051,1440605700463,SHORT,1.14086,1.13837,252.49999999998886,248.99999999998812,3.500000000000739
2015-08,1440606600000,1440606600032,1440610200344,LONG,1.13926,1.13683,-239.5000000000147,-242.99999999999324,3.4999999999785416
2015-08,1440611100000,1440611100988,1440614700029,SHORT,1.13683,1.1357,115.49999999997951,113.00000000000753,2.499999999971976
2015-08,1440615600000,1440615600029,1440619200198,SHORT,1.13476,1.13359,120.00000000000898,116.99999999998934,3.0000000000196394
2015-08,1440620100000,1440620100463,1440623700273,SHORT,1.13357,1.13176,191.5000000000111,180.99999999998673,10.500000000024386
2015-08,1440624600000,1440624600256,1440630000790,SHORT,1.13121,1.1338,-249.99999999999466,-258.99999999998704,8.999999999992383
2015-08,1440630900000,1440630900262,1440634501299,LONG,1.13385,1.13337,-42.999999999993044,-48.000000000003595,5.000000000010552
2015-08,1440635400000,1440635400151,1440639002539,LONG,1.13353,1.13273,-76.49999999999046,-79.99999999999119,3.5000000000007248
2015-08,1440639900000,1440639902421,1440643500509,SHORT,1.13263,1.13315,-50.0000000000167,-52.000000000007596,1.999999999990898
2015-08,1440644400000,1440644401479,1440648000414,SHORT,1.13365,1.13464,-95.49999999998171,-99.00000000000463,3.500000000022922
2015-08,1440648900000,1440648901307,1440652501722,SHORT,1.1354,1.13474,69.49999999998902,65.99999999998829,3.5000000000007248
2015-08,1440653400000,1440653402212,1440657001545,SHORT,1.13408,1.13462,-51.50000000000432,-53.999999999998494,2.4999999999941735
2015-08,1440657900000,1440657900167,1440661502037,LONG,1.13425,1.13102,-318.4999999999993,-323.0000000000066,4.500000000007276
2015-08,1440670500000,1440670500034,1440674100904,SHORT,1.12843,1.1286,-15.500000000012726,-17.000000000000348,1.4999999999876223
2015-08,1440675000000,1440675001342,1440678600020,LONG,1.12944,1.12857,-72.49999999998647,-86.99999999999264,14.500000000006168
2015-08,1440679500000,1440679500382,1440683100149,LONG,1.12552,1.12425,-125.50000000000061,-127.00000000001043,1.5000000000098197
2015-08,1440684000000,1440684000043,1440687600145,SHORT,1.12512,1.12156,358.00000000001387,356.00000000000074,2.000000000013131
2015-08,1440688500000,1440688500457,1440692100297,LONG,1.12325,1.12189,-133.00000000002754,-136.00000000000279,2.9999999999752447
2015-08,1440693000000,1440693000352,1440696600273,SHORT,1.12105,1.12357,-249.4999999999692,-251.99999999998556,2.500000000016371
2015-08,1440697500000,1440697500018,1440701100164,LONG,1.12453,1.12532,80.50000000001667,79.00000000000685,1.5000000000098197
2015-08,1440702000000,1440702000165,1440705600145,LONG,1.12671,1.12431,-237.5000000000016,-240.00000000001796,2.500000000016371
2015-08,1440706500000,1440706500215,1440710110852,SHORT,1.12418,1.1245,-21.00000000000435,-32.0000000000098,11.00000000000545
2015-08,1440711000000,1440711000146,1440714602075,LONG,1.12475,1.12439,-10.49999999997997,-35.999999999991594,25.500000000011624
2015-08,1440715500000,1440715503176,1440719107528,SHORT,1.12409,1.12506,-90.00000000001229,-96.99999999999153,6.999999999979238
2015-08,1440724500000,1440724500142,1440728101964,SHORT,1.12389,1.12465,-73.49999999997081,-75.99999999998718,2.500000000016371
2015-08,1440729000000,1440729000087,1440732600233,LONG,1.12567,1.12611,46.49999999999377,43.999999999999595,2.4999999999941735
2015-08,1440733500000,1440733500508,1440737113815,SHORT,1.126,1.12577,27.500000000002522,22.999999999995246,4.500000000007276
2015-08,1440738000000,1440738000255,1440741600202,LONG,1.12546,1.12565,23.499999999998522,19.00000000001345,4.4999999999850715
2015-08,1440742500000,1440742500861,1440746102733,SHORT,1.12601,1.12697,-92.99999999998754,-96.00000000000719,3.0000000000196536
2015-08,1440747000000,1440747000297,1440750600071,LONG,1.12856,1.13018,166.00000000002169,161.99999999999548,4.000000000026205
2015-08,1440751500000,1440751500502,1440755100003,SHORT,1.12894,1.12803,93.50000000001302,90.99999999999665,2.500000000016371
2015-08,1440756000000,1440756000077,1440759600218,SHORT,1.12848,1.128,50.49999999999777,48.000000000003595,2.4999999999941735
2015-08,1440760500000,1440760500049,1440766800346,LONG,1.1271,1.12443,-263.5000000000165,-266.999999999995,3.499999999978513
2015-08,1440767700000,1440767704381,1440771300324,SHORT,1.12459,1.12341,119.49999999998352,117.99999999999588,1.4999999999876366
2015-08,1440772200000,1440772200047,1440775800150,SHORT,1.12274,1.12307,-30.999999999981043,-32.999999999994145,2.0000000000131024
2015-08,1440776700000,1440776700052,1440780300007,LONG,1.11871,1.11656,-212.49999999999324,-215.00000000000963,2.5000000000163993
2015-08,1440781200000,1440781200090,1440784800632,SHORT,1.11841,1.12055,-209.9999999999991,-214.00000000000307,4.000000000003979
2015-08,1440785700000,1440785700317,1440789300705,SHORT,1.11853,1.11866,-7.0000000000014495,-12.999999999996348,5.999999999994898
2015-08,1440790200000,1440790200333,1440793805116,SHORT,1.11836,1.11886,-42.999999999993044,-49.99999999999449,7.0000000000014495
2015-08,1440794700000,1440794700051,1440968400299,LONG,1.11876,1.11703,-133.49999999998641,-173.00000000000094,39.50000000001452
2015-08,1440969300000,1440969302089,1440972902639,LONG,1.11752,1.11793,60.49999999999667,41.000000000002146,19.49999999999452
2015-08,1440973800000,1440973800542,1440977400177,SHORT,1.11832,1.12058,-218.49999999998815,-225.99999999999287,7.500000000004718
2015-08,1440978300000,1440978300071,1440981900319,SHORT,1.12093,1.12267,-169.5000000000224,-174.00000000000747,4.499999999985079
2015-08,1440982800000,1440982800761,1440986400057,SHORT,1.12231,1.123,-65.00000000002615,-69.00000000000794,3.999999999981796
2015-08,1440987300000,1440987300520,1440990917321,SHORT,1.12429,1.12369,62.99999999999084,59.99999999999339,2.999999999997449
2015-08,1440991800000,1440991800036,1440995411796,SHORT,1.12348,1.12547,-194.49999999998636,-198.99999999999363,4.500000000007276
2015-08,1440996300000,1440996300400,1440999903696,LONG,1.12597,1.12494,-99.50000000000792,-102.99999999998644,3.4999999999785274
2015-08,1441000800000,1441000800330,1441004400115,SHORT,1.12508,1.1224,270.99999999999903,268.0000000000016,2.999999999997442
2015-08,1441005300000,1441005301778,1441011600031,SHORT,1.12234,1.12014,223.50000000002092,219.99999999999798,3.5000000000229363
2015-08,1441012500000,1441012500168,1441016101135,SHORT,1.12005,1.12027,-18.500000000010175,-22.0000000000109,3.5000000000007248
2015-08,1441017000000,1441017003877,1441020600183,LONG,1.12075,1.12097,23.499999999998522,22.0000000000109,1.4999999999876223
2015-08,1441021500000,1441021502058,1441025100873,LONG,1.12095,1.12313,221.5000000000078,218.00000000000708,3.5000000000007105
2015-08,1441026000000,1441026000243,1441029600210,LONG,1.12267,1.12324,59.000000000009045,56.99999999999594,2.0000000000131024
2015-08,1441030500000,1441030500165,1441034100144,LONG,1.12276,1.12039,-235.99999999999176,-236.99999999999832,1.0000000000065654
2015-08,1441035000000,1441035000114,1441038600393,SHORT,1.1201,1.12082,-69.00000000000794,-71.99999999998319,2.9999999999752447
2015-08,1441039500000,1441039503969,1441043112196,LONG,1.12145,1.12201,60.50000000001887,55.99999999998939,4.50000000002948
2015-08,1441044000000,1441044000186,1441047600062,LONG,1.1226,1.12371,114.50000000001737,110.99999999999443,3.5000000000229363
2015-08,1441048500000,1441048500049,1441052100143,LONG,1.1231,1.12114,-192.99999999997652,-195.9999999999962,3.000000000019668
2015-08,1441053000000,1441053000564,1441056604200,SHORT,1.1212,1.12113,16.499999999997073,7.0000000000014495,9.499999999995623
2015-08,1441057500000,1441057500277,1441061101034,LONG,1.12109,1.1216,59.50000000001232,51.000000000001044,8.500000000011276
2015-08,1441062000000,1441062000056,1441065600016,SHORT,1.12179,1.12245,-60.49999999999667,-65.99999999998829,5.499999999991623
2015-09,1441066500000,1441066502932,1441070100700,SHORT,1.1232,1.12416,-90.00000000001229,-96.00000000000719,5.999999999994898
2015-09,1441071000000,1441071000545,1441074600417,SHORT,1.12518,1.12695,-172.49999999999767,-176.99999999998272,4.49999999998505
2015-09,1441075500000,1441075501450,1441080000040,LONG,1.12669,1.12695,28.49999999998687,25.999999999992696,2.4999999999941735
2015-09,1441080900000,1441080902850,1441084502562,LONG,1.12665,1.12715,53.49999999999522,50.0000000000167,3.4999999999785203
2015-09,1441085400000,1441085400324,1441089000291,LONG,1.12714,1.12833,122.50000000002537,119.00000000000244,3.500000000022922
2015-09,1441089900000,1441089900339,1441093500312,SHORT,1.12805,1.13185,-378.00000000001165,-380.00000000000256,1.999999999990905
2015-09,1441094400000,1441094400505,1441098000010,LONG,1.13201,1.12754,-443.4999999999967,-446.9999999999974,3.500000000000682
2015-09,1441098900000,1441098900264,1441102501022,SHORT,1.12744,1.1264,106.00000000000608,103.99999999999298,2.0000000000131024
2015-09,1441103400000,1441103400737,1441107000453,SHORT,1.12653,1.12601,53.999999999998494,52.000000000007596,1.999999999990898
2015-09,1441107900000,1441107900079,1441111500427,SHORT,1.12693,1.12496,198.49999999999034,197.00000000000273,1.4999999999876081
2015-09,1441112400000,1441112400280,1441116000049,SHORT,1.12606,1.12568,44.50000000000287,38.0000000000047,6.499999999998174
2015-09,1441116900000,1441116900284,1441120500472,LONG,1.12543,1.12529,-12.500000000015277,-14.000000000002899,1.4999999999876223
2015-09,1441121400000,1441121400096,1441125000197,LONG,1.12587,1.12754,168.99999999999693,167.00000000000603,1.999999999990905
2015-09,1441125900000,1441125900767,1441129500191,SHORT,1.12737,1.12954,-214.50000000000637,-217.0000000000005,2.499999999994145
2015-09,1441130400000,1441130400413,1441134000185,LONG,1.1301,1.12925,-80.49999999997226,-85.00000000000173,4.500000000029473
2015-09,1441134900000,1441134900435,1441138501661,LONG,1.12919,1.13102,189.5000000000202,182.99999999999983,6.500000000020378
2015-09,1441139400000,1441139400084,1441143000093,SHORT,1.13006,1.13172,-154.49999999999076,-165.9999999999995,11.500000000008725
2015-09,1441143900000,1441143905382,1441147500602,SHORT,1.13118,1.1298,146.50000000000495,138.0000000000159,8.499999999989058
2015-09,1441148400000,1441148400468,1441152000105,LONG,1.12985,1.12952,-28.500000000009074,-32.999999999994145,4.4999999999850715
2015-09,1441152900000,1441152900062,1441156500518,LONG,1.12709,1.12665,-41.000000000002146,-43.999999999999595,2.999999999997449
2015-09,1441157400000,1441157401368,1441161002853,LONG,1.12734,1.12685,-46.0000000000349,-49.00000000001015,2.9999999999752447
2015-09,1441161900000,1441161900688,1441165502728,SHORT,1.12751,1.12803,-50.49999999999777,-52.000000000007596,1.5000000000098268
2015-09,1441166400000,1441166400677,1441170001284,LONG,1.12757,1.12788,34.000000000000696,31.000000000003247,2.999999999997449
2015-09,1441170900000,1441170900293,1441174500011,SHORT,1.12794,1.12754,42.50000000001197,39.999999999995595,2.500000000016378
2015-09,1441175400000,1441175400485,1441179000841,LONG,1.12792,1.12565,-224.000000000002,-226.99999999999943,2.999999999997442
2015-09,1441179900000,1441179901433,1441183500592,SHORT,1.12484,1.12856,-369.5000000000004,-371.99999999999454,2.499999999994145
2015-09,1441184400000,1441184400255,1441188000004,SHORT,1.12803,1.12643,163.9999999999864,160.00000000000458,3.99999999998181
2015-09,1441188900000,1441188900362,1441195200210,SHORT,1.12705,1.12655,52.50000000001087,50.0000000000167,2.4999999999941735
2015-09,1441196100000,1441196100751,1441199700015,LONG,1.12585,1.12415,-162.50000000002098,-170.00000000000347,7.499999999982492
2015-09,1441200600000,1441200600362,1441204200610,SHORT,1.12266,1.12359,-90.49999999999336,-93.00000000000975,2.500000000016385
2015-09,1441205100000,1441205101453,1441208700569,LONG,1.12309,1.12366,58.50000000000577,57.00000000001815,1.4999999999876223
2015-09,1441209600000,1441209600533,1441213200182,LONG,1.12401,1.12352,-46.50000000001597,-48.99999999998794,2.499999999971969
2015-09,1441214100000,1441214100546,1441217701113,LONG,1.12399,1.12424,29.00000000001235,24.999999999986144,4.000000000026205
2015-09,1441218600000,1441218600041,1441222200083,LONG,1.12385,1.12288,-95.49999999998171,-96.99999999999153,1.5000000000098197
2015-09,1441223100000,1441223100345,1441227600193,SHORT,1.12213,1.12284,-54.50000000000177,-70.99999999999883,16.499999999997065
2015-09,1441228500000,1441228502198,1441232100754,LONG,1.12271,1.12205,-53.999999999998494,-66.00000000001049,12.000000000011994
2015-09,1441233000000,1441233006610,1441238400277,SHORT,1.12153,1.12126,31.49999999998432,26.999999999999247,4.4999999999850715
2015-09,1441239300000,1441239301787,1441242902761,LONG,1.12096,1.1219,97.9999999999981,93.99999999999409,4.0000000000040075
2015-09,1441243800000,1441243800207,1441247400713,SHORT,1.122,1.12194,10.000000000021103,6.000000000017103,4.000000000004
2015-09,1441248300000,1441248301203,1441251914782,SHORT,1.12155,1.12215,-57.49999999999922,-59.99999999999339,2.4999999999941735
2015-09,1441252800000,1441252800518,1441256400945,LONG,1.12229,1.12185,-41.000000000002146,-43.999999999999595,2.999999999997449
2015-09,1441257300000,1441257305342,1441260909098,LONG,1.12254,1.12311,60.50000000001887,56.99999999999594,3.500000000022929
2015-09,1441261800000,1441261800127,1441265400353,SHORT,1.1222,1.12273,-48.000000000003595,-52.99999999999194,4.999999999988347
2015-09,1441266300000,1441266300309,1441269901635,LONG,1.12332,1.1234,9.999999999998899,7.999999999985796,2.0000000000131024
2015-09,1441270800000,1441270800564,1441274400128,SHORT,1.12402,1.12309,97.49999999999481,93.00000000000975,4.499999999985064
2015-09,1441275300000,1441275301512,1441278900006,SHORT,1.12221,1.12209,14.999999999965041,11.999999999989797,2.9999999999752447
2015-09,1441279800000,1441279800888,1441283400308,SHORT,1.12278,1.123,-8.500000000011276,-22.0000000000109,13.499999999999623
2015-09,1441284300000,1441284300462,1441287900261,LONG,1.11418,1.1145,34.000000000000696,32.0000000000098,1.999999999990898
2015-09,1441288800000,1441288800018,1441292400191,SHORT,1.1131,1.10954,361.5000000000146,356.00000000000074,5.50000000001387
2015-09,1441293300000,1441293300227,1441296902501,LONG,1.10948,1.11064,119.00000000000244,116.00000000000499,2.9999999999974563
2015-09,1441297800000,1441297800102,1441301400119,SHORT,1.1109,1.11318,-225.99999999999287,-228.00000000000597,2.0000000000131024
2015-09,1441302300000,1441302302072,1441305900123,SHORT,1.11396,1.11203,195.50000000001512,192.99999999999872,2.5000000000163993
2015-09,1441306800000,1441306800009,1441310400257,SHORT,1.11157,1.11248,-87.99999999999919,-90.99999999999665,2.9999999999974563
2015-09,1441311300000,1441311301436,1441314901884,SHORT,1.11286,1.11233,58.50000000000577,52.99999999999194,5.500000000013827
2015-09,1441315800000,1441315800271,1441319400386,LONG,1.1124,1.11184,-49.49999999999122,-56.000000000011596,6.500000000020378
2015-09,1441320300000,1441320300196,1441323901670,LONG,1.11217,1.11231,18.999999999991246,13.999999999980695,5.000000000010552
2015-09,1441324800000,1441324800224,1441328400184,LONG,1.1124,1.1128,42.50000000001197,39.999999999995595,2.500000000016378
2015-09,1441329300000,1441329300607,1441332902640,SHORT,1.1131,1.11287,26.999999999999247,22.999999999995246,4.000000000004
2015-09,1441333800000,1441333801462,1441337406671,LONG,1.11293,1.11245,-44.50000000000287,-48.000000000003595,3.5000000000007248
2015-09,1441338300000,1441338301480,1441341901886,SHORT,1.11289,1.11356,-63.50000000001632,-67.00000000001705,3.500000000000732
2015-09,1441342800000,1441342800595,1441346400403,LONG,1.11312,1.1136,52.49999999996646,47.99999999998139,4.4999999999850715
2015-09,1441347300000,1441347300168,1441350900246,SHORT,1.1133,1.11407,-73.49999999999301,-76.99999999999375,3.500000000000739
2015-09,1441351800000,1441351800424,1441355400327,SHORT,1.11397,1.11485,-85.00000000000173,-87.99999999999919,2.9999999999974563
2015-09,1441356300000,1441356300146,1441359902802,SHORT,1.11522,1.1141,115.5000000000017,112.000000000001,3.5000000000007105
2015-09,1441360800000,1441360800104,1441364400704,SHORT,1.11411,1.11359,53.999999999998494,51.99999999998539,2.0000000000131024
2015-09,1441365300000,1441365300183,1441368900666,LONG,1.11395,1.11367,-25.000000000030553,-28.000000000005798,2.9999999999752447
2015-09,1441369800000,1441369800544,1441373400586,LONG,1.11579,1.11175,-346.0000000000019,-404.0000000000044,58.0000000000025
2015-09,1441374300000,1441374300997,1441377900122,SHORT,1.11112,1.11076,37.99999999998249,36.0000000000138,1.9999999999686935
2015-09,1441378800000,1441378800183,1441382400445,LONG,1.11158,1.11166,10.500000000002174,8.000000000008,2.4999999999941735
2015-09,1441383300000,1441383300426,1441386900394,SHORT,1.11302,1.11724,-418.49999999998835,-422.00000000001125,3.500000000022908
2015-09,1441387800000,1441387800482,1441393200068,LONG,1.11635,1.11483,-147.5000000000115,-151.9999999999966,4.499999999985079
2015-09,1441394100000,1441394102681,1441397702250,SHORT,1.11469,1.1147,4.000000000004,-1.0000000000065512,5.000000000010552
2015-09,1441398600000,1441398606884,1441576800207,LONG,1.11518,1.11568,62.499999999987566,49.99999999999449,12.499999999993072
2015-09,1441577700000,1441577706299,1441581309132,LONG,1.11484,1.11482,5.000000000010552,-2.0000000000131024,7.000000000023654
2015-09,1441582200000,1441582206650,1441585800018,SHORT,1.11513,1.11666,-147.4999999999893,-153.00000000000313,5.500000000013813
2015-09,1441586700000,1441586702855,1441590300907,LONG,1.11689,1.11464,-220.50000000000125,-224.99999999998633,4.499999999985079
2015-09,1441591200000,1441591200270,1441594800251,LONG,1.11545,1.11526,-14.000000000002899,-19.00000000001345,5.000000000010552
2015-09,1441595700000,1441595703966,1441599300546,SHORT,1.11505,1.1146,49.00000000001015,45.000000000006146,4.000000000004
2015-09,1441600200000,1441600200012,1441603800104,SHORT,1.11484,1.11485,2.500000000016378,-0.9999999999843467,3.5000000000007248
2015-09,1441604700000,1441604713940,1441608301337,LONG,1.11442,1.11457,17.500000000003624,15.00000000000945,2.4999999999941735
2015-09,1441609200000,1441609200118,1441612800485,LONG,1.11385,1.11565,181.9999999999933,180.0000000000024,1.999999999990905
2015-09,1441613700000,1441613700267,1441617300049,SHORT,1.11595,1.11737,-139.00000000002245,-141.99999999999767,2.9999999999752163
2015-09,1441618200000,1441618202031,1441621800500,SHORT,1.11642,1.11577,67.49999999999812,65.00000000000395,2.4999999999941735
2015-09,1441622700000,1441622700175,1441626301195,LONG,1.1154,1.11478,-56.99999999999594,-61.99999999998429,4.999999999988347
2015-09,1441627200000,1441627200568,1441630800378,SHORT,1.11452,1.11479,-23.499999999998522,-26.999999999999247,3.5000000000007248
2015-09,1441631700000,1441631700974,1441635301458,SHORT,1.11541,1.11586,-42.0000000000087,-45.000000000006146,2.999999999997449
2015-09,1441636200000,1441636200481,1441639800166,SHORT,1.11562,1.11632,-66.00000000001049,-69.9999999999923,3.99999999998181
2015-09,1441640700000,1441640701004,1441644300159,LONG,1.11665,1.11648,-12.000000000012001,-17.000000000000348,4.999999999988347
2015-09,1441645200000,1441645200143,1441648814490,LONG,1.11691,1.11703,15.999999999993797,11.999999999989797,4.000000000004
2015-09,1441649700000,1441649762016,1441653304007,LONG,1.11705,1.11702,-0.5000000000254801,-3.0000000000196536,2.4999999999941735
2015-09,1441654200000,1441654200367,1441657806732,SHORT,1.11681,1.11685,2.500000000016378,-3.999999999981796,6.499999999998174
2015-09,1441658700000,1441658700534,1441662302441,SHORT,1.11697,1.11695,8.000000000008,1.999999999990898,6.000000000017103
2015-09,1441663200000,1441663200067,1441666800317,LONG,1.11687,1.11708,28.49999999998687,21.00000000000435,7.499999999982521
2015-09,1441667700000,1441667707667,1441671300222,SHORT,1.11684,1.11598,90.99999999999665,86.0000000000083,4.999999999988347
2015-09,1441672200000,1441672200090,1441675800507,SHORT,1.11615,1.11677,-59.499999999990116,-62.000000000006494,2.500000000016378
2015-09,1441676700000,1441676705264,1441680300580,SHORT,1.11662,1.11641,23.00000000001745,21.00000000000435,2.0000000000131024
2015-09,1441681200000,1441681200399,1441684800357,SHORT,1.11652,1.12046,-390.00000000002365,-394.00000000000546,3.99999999998181
2015-09,1441685700000,1441685700529,1441689313333,SHORT,1.12141,1.12139,5.500000000013827,1.999999999990898,3.500000000022929
2015-09,1441690200000,1441690200191,1441693800102,SHORT,1.12179,1.12173,8.000000000008,6.000000000017103,1.999999999990898
2015-09,1441694700000,1441694700285,1441698300837,SHORT,1.12124,1.11736,391.50000000001125,388.0000000000106,3.500000000000682
2015-09,1441699200000,1441699200208,1441702800241,SHORT,1.11787,1.11835,-44.0000000000218,-48.000000000003595,3.999999999981796
2015-09,1441703700000,1441703700406,1441707300490,SHORT,1.11779,1.11587,194.00000000002748,192.00000000001438,2.0000000000131024
2015-09,1441708200000,1441708200341,1441711800909,LONG,1.11575,1.11668,95.49999999998171,92.99999999998754,2.4999999999941735
2015-09,1441712700000,1441712701495,1441716300210,LONG,1.11615,1.11632,18.49999999998797,17.000000000000348,1.4999999999876223
2015-09,1441717200000,1441717200252,1441720800183,SHORT,1.11735,1.11769,-30.999999999981043,-34.000000000000696,3.0000000000196536
2015-09,1441721700000,1441721701247,1441725300333,LONG,1.11949,1.11832,-113.99999999999189,-117.00000000001154,3.0000000000196536
2015-09,1441726200000,1441726200283,1441729800049,LONG,1.11872,1.11763,-106.0000000000283,-109.00000000000354,2.9999999999752447
2015-09,1441730700000,1441730700453,1441734300595,LONG,1.11795,1.11835,41.50000000000542,39.999999999995595,1.5000000000098268
2015-09,1441735200000,1441735200297,1441738800174,LONG,1.11763,1.11854,92.99999999998754,91.00000000001884,1.9999999999686935
2015-09,1441739700000,1441739700009,1441743300923,LONG,1.12046,1.12094,49.49999999999122,48.000000000003595,1.4999999999876223
2015-09,1441744200000,1441744200225,1441747800215,SHORT,1.12094,1.12037,59.49999999996791,56.99999999999594,2.499999999971969
2015-09,1441748700000,1441748700183,1441752301342,LONG,1.12036,1.12079,51.499999999982116,42.999999999993044,8.499999999989072
2015-09,1441753200000,1441753200483,1441756800384,SHORT,1.12073,1.12071,7.999999999985796,1.999999999990898,5.999999999994898
2015-09,1441757700000,1441757700249,1441761301806,SHORT,1.11945,1.11934,15.499999999990521,11.00000000000545,4.4999999999850715
2015-09,1441762200000,1441762201243,1441765800326,SHORT,1.11945,1.11818,127.99999999999478,127.00000000001043,0.9999999999843538
2015-09,1441766700000,1441766703645,1441770303626,LONG,1.11808,1.11786,-19.999999999975593,-21.999999999988695,2.0000000000131024
2015-09,1441771200000,1441771212327,1441774800834,SHORT,1.11745,1.1169,57.99999999998029,55.000000000005045,2.9999999999752447
2015-09,1441775700000,1441775702267,1441779300257,SHORT,1.11674,1.11635,42.0000000000087,39.00000000001125,2.999999999997449
2015-09,1441780200000,1441780200371,1441783800510,SHORT,1.11593,1.1177,-174.50000000001074,-176.99999999998272,2.499999999971976
2015-09,1441784700000,1441784700406,1441788300432,LONG,1.11798,1.11911,116.50000000003047,113.00000000000753,3.5000000000229363
2015-09,1441789200000,1441789206759,1441792806178,SHORT,1.11937,1.11775,165.00000000001512,161.99999999999548,3.0000000000196394
2015-09,1441793700000,1441793700141,1441797300305,SHORT,1.11678,1.1155,130.0000000000079,128.000000000017,1.999999999990905
2015-09,1441798200000,1441798200016,1441801800985,LONG,1.11468,1.11443,-21.49999999998542,-24.999999999986144,3.5000000000007248
2015-09,1441802700000,1441802701488,1441806302479,LONG,1.11382,1.1147,90.49999999999336,87.99999999999919,2.4999999999941735
2015-09,1441807200000,1441807200351,1441810800027,SHORT,1.1146,1.11636,-173.99999999998528,-175.99999999999838,2.0000000000131024
2015-09,1441811700000,1441811700386,1441815300294,SHORT,1.11566,1.11585,-16.499999999997073,-18.999999999991246,2.4999999999941735
2015-09,1441816200000,1441816200821,1441819800165,SHORT,1.11551,1.11626,-72.99999999998974,-75.00000000000284,2.0000000000131024
2015-09,1441820700000,1441820700267,1441825200143,SHORT,1.11731,1.1197,-236.99999999999832,-238.99999999998923,1.999999999990905
2015-09,1441826100000,1441826100304,1441829700041,SHORT,1.11917,1.12075,-155.4999999999751,-157.99999999999147,2.500000000016371
2015-09,1441830600000,1441830600434,1441834200159,LONG,1.1204,1.1207,33.49999999999742,29.999999999996696,3.5000000000007248
2015-09,1441835100000,1441835101630,1441838703523,SHORT,1.12116,1.12175,-49.50000000001342,-59.000000000009045,9.499999999995623
2015-09,1441839600000,1441839600046,1441843200224,SHORT,1.12184,1.12185,5.499999999991623,-1.0000000000065512,6.499999999998174
2015-09,1441844100000,1441844101159,1441847700020,SHORT,1.12356,1.1217,188.49999999999145,185.99999999999727,2.4999999999941735
2015-09,1441848600000,1441848600290,1441852201073,SHORT,1.12341,1.12114,232.99999999999432,226.99999999999943,5.999999999994884
2015-09,1441853100000,1441853100924,1441856700813,LONG,1.12068,1.12074,9.000000000014552,6.000000000017103,2.999999999997449
2015-09,1441857600000,1441857600029,1441864800176,SHORT,1.12081,1.1201,73.49999999999301,70.99999999999883,2.4999999999941735
2015-09,1441865700000,1441865702951,1441869301083,LONG,1.12248,1.12057,-187.99999999998818,-190.99999999998562,2.999999999997442
2015-09,1441870200000,1441870200082,1441873800394,LONG,1.11946,1.11932,-11.00000000000545,-13.999999999980695,2.9999999999752447
2015-09,1441874700000,1441874701791,1441878301300,SHORT,1.11932,1.11872,62.000000000006494,60.000000000015596,1.999999999990898
2015-09,1441879200000,1441879200581,1441882800201,SHORT,1.11831,1.11911,-75.50000000002832,-80.00000000001339,4.499999999985064
2015-09,1441883700000,1441883700113,1441887300018,SHORT,1.11907,1.11851,58.50000000000577,56.000000000011596,2.4999999999941735
2015-09,1441888200000,1441888200170,1441891800179,SHORT,1.1191,1.12035,-115.99999999998278,-124.99999999999733,9.000000000014552
2015-09,1441892700000,1441892700267,1441896300062,LONG,1.12049,1.12181,134.50000000001518,131.99999999999878,2.5000000000163993
2015-09,1441897200000,1441897200245,1441900800010,SHORT,1.12148,1.1263,-479.50000000001046,-482.00000000000466,2.499999999994202
2015-09,1441901700000,1441901701252,1441905300168,LONG,1.12709,1.12781,74.49999999997736,72.0000000000054,2.499999999971962
2015-09,1441906200000,1441906200431,1441909800266,LONG,1.12793,1.12833,44.50000000000287,39.999999999995595,4.500000000007276
2015-09,1441910700000,1441910701542,1441914301412,LONG,1.12821,1.12877,58.99999999998684,56.000000000011596,2.9999999999752447
2015-09,1441915200000,1441915200326,1441918800008,SHORT,1.12798,1.12811,-1.999999999990898,-12.999999999996348,11.00000000000545
2015-09,1441919700000,1441919702474,1441923300430,LONG,1.12776,1.1279,23.00000000001745,13.999999999980695,9.000000000036756
2015-09,1441924200000,1441924200536,1441929600489,SHORT,1.1284,1.12831,17.000000000022553,9.000000000014552,8.000000000008
2015-09,1441930500000,1441930500288,1441934100395,LONG,1.1275,1.12777,31.500000000006523,26.999999999999247,4.500000000007276
2015-09,1441935000000,1441935008932,1441940402224,LONG,1.12809,1.1282,13.499999999999623,11.00000000000545,2.4999999999941735
2015-09,1441941300000,1441941300209,1441944900320,LONG,1.12841,1.12837,-1.0000000000065512,-3.999999999981796,2.9999999999752447
2015-09,1441945800000,1441945804456,1441949400312,SHORT,1.12846,1.12912,-62.499999999987566,-65.99999999998829,3.5000000000007248
2015-09,1441950300000,1441950302063,1441953902952,SHORT,1.12931,1.12888,43.999999999999595,42.999999999993044,1.0000000000065512
2015-09,1441954800000,1441954800014,1441958400301,LONG,1.12845,1.12853,10.500000000002174,8.000000000008,2.4999999999941735
2015-09,1441959300000,1441959300491,1441962902326,SHORT,1.12985,1.12802,185.499999999994,182.99999999999983,2.4999999999941735
2015-09,1441963800000,1441963800399,1441967400102,SHORT,1.12753,1.12687,68.50000000000466,65.99999999998829,2.500000000016371
2015-09,1441968300000,1441968300158,1441971900887,SHORT,1.12638,1.12605,34.50000000000397,32.999999999994145,1.5000000000098268
2015-09,1441972800000,1441972800696,1441976400638,LONG,1.12646,1.12786,143.99999999998857,140.0000000000068,3.9999999999817817
2015-09,1441977300000,1441977300282,1441980900129,SHORT,1.12787,1.12881,-92.00000000000318,-94.00000000001629,2.0000000000131024
2015-09,1441981800000,1441981800536,1441985400455,SHORT,1.12809,1.13155,-344.00000000001097,-346.0000000000019,1.999999999990905
2015-09,1441986300000,1441986300116,1441989900383,LONG,1.13335,1.13425,92.99999999998754,89.99999999999008,2.9999999999974563
2015-09,1441990800000,1441990800569,1441994400276,SHORT,1.13447,1.13474,-24.500000000005073,-26.999999999999247,2.4999999999941735
2015-09,1441995300000,1441995300024,1441998903549,LONG,1.13431,1.13346,-83.9999999999952,-85.00000000000173,1.000000000006537
2015-09,1441999800000,1441999801803,1442003400823,SHORT,1.13368,1.13367,4.500000000007276,1.0000000000065512,3.5000000000007248
2015-09,1442004300000,1442004300708,1442178005514,LONG,1.13334,1.13311,-7.500000000004725,-22.999999999995246,15.499999999990521
2015-09,1442180700000,1442180700716,1442184302522,LONG,1.13385,1.13497,122.50000000000315,112.000000000001,10.50000000000216
2015-09,1442185200000,1442185200086,1442188800580,SHORT,1.13439,1.13423,20.999999999982144,15.999999999993797,4.999999999988347
2015-09,1442189700000,1442189701008,1442193303413,SHORT,1.13435,1.13438,1.5000000000098268,-2.999999999997449,4.500000000007276
2015-09,1442194200000,1442194203224,1442197802012,SHORT,1.13411,1.13435,-21.49999999998542,-24.000000000001798,2.500000000016378
2015-09,1442198700000,1442198700437,1442202301765,SHORT,1.13423,1.13527,-100.99999999999554,-103.99999999999298,2.999999999997442
2015-09,1442203200000,1442203202887,1442206801888,LONG,1.13524,1.13433,-87.49999999999591,-90.99999999999665,3.500000000000739
2015-09,1442207700000,1442207706482,1442211302451,LONG,1.13422,1.13495,76.0000000000094,72.99999999998974,3.0000000000196536
2015-09,1442212200000,1442212200158,1442215800568,SHORT,1.13601,1.13457,146.00000000000168,143.99999999998857,2.0000000000131024
2015-09,1442216700000,1442216703612,1442220300496,SHORT,1.13438,1.13444,-2.9999999999752447,-5.999999999994898,3.0000000000196536
2015-09,1442221200000,1442221200650,1442224800327,SHORT,1.13374,1.13345,32.999999999994145,28.999999999990145,4.000000000004
2015-09,1442225700000,1442225700358,1442229300181,SHORT,1.13194,1.13146,49.99999999999449,48.000000000003595,1.999999999990898
2015-09,1442230200000,1442230200103,1442233800459,LONG,1.13202,1.13064,-134.99999999999625,-137.9999999999937,2.999999999997442
2015-09,1442234700000,1442234700056,1442238300284,LONG,1.13003,1.13092,90.49999999999336,88.99999999998354,1.5000000000098197
2015-09,1442243700000,1442243700225,1442247300171,SHORT,1.13007,1.13126,-116.49999999998606,-119.00000000000244,2.500000000016385
2015-09,1442248200000,1442248201680,1442251800296,SHORT,1.13132,1.13166,-30.49999999999997,-34.000000000000696,3.5000000000007248
2015-09,1442252700000,1442252700424,1442256303202,SHORT,1.13117,1.13124,-5.000000000010552,-7.0000000000014495,1.999999999990898
2015-09,1442257200000,1442257200275,1442260800213,SHORT,1.1314,1.13239,-96.00000000000719,-99.00000000000463,2.999999999997442
2015-09,1442261700000,1442261700073,1442265300051,SHORT,1.13221,1.13175,55.000000000005045,45.99999999999049,9.000000000014552
2015-09,1442266200000,1442266200118,1442269801840,SHORT,1.13165,1.13143,30.49999999999997,22.0000000000109,8.499999999989072
2015-09,1442271600000,1442271600174,1442275200040,SHORT,1.13101,1.13083,23.499999999998522,18.0000000000069,5.499999999991623
2015-09,1442276100000,1442276100484,1442279702383,SHORT,1.13064,1.13085,-18.49999999998797,-20.999999999982144,2.4999999999941735
2015-09,1442280600000,1442280601004,1442284200349,LONG,1.13083,1.13115,36.0000000000138,32.0000000000098,4.000000000004
2015-09,1442285100000,1442285100161,1442288712373,SHORT,1.13182,1.13258,-72.49999999998647,-75.99999999998718,3.5000000000007105
2015-09,1442294100000,1442294101068,1442300400483,LONG,1.1313,1.12885,-242.99999999999324,-245.0000000000063,2.000000000013074
2015-09,1442301300000,1442301300065,1442304900490,LONG,1.12909,1.13099,193.00000000002092,190.00000000000128,3.0000000000196394
2015-09,1442305800000,1442305801711,1442309401879,SHORT,1.13122,1.13137,-11.000000000027654,-15.00000000000945,3.999999999981796
2015-09,1442310300000,1442310300530,1442313900365,LONG,1.13142,1.13042,-98.50000000000136,-100.0000000000112,1.500000000009834
2015-09,1442314800000,1442314800318,1442318400376,SHORT,1.1304,1.13196,-152.49999999999986,-156.00000000000057,3.5000000000007105
2015-09,1442319300000,1442319300062,1442322900344,SHORT,1.13203,1.13028,180.00000000002458,175.00000000001404,5.0000000000105445
2015-09,1442323800000,1442323800112,1442327400082,LONG,1.13077,1.13081,6.500000000020378,4.000000000004,2.500000000016378
2015-09,1442328300000,1442328300204,1442331900708,LONG,1.12914,1.12712,-200.50000000000347,-202.00000000001327,1.5000000000098055
2015-09,1442332800000,1442332800084,1442336400275,SHORT,1.12598,1.1283,-229.5000000000158,-232.00000000000998,2.4999999999941735
2015-09,1442337300000,1442337300122,1442340900127,LONG,1.12725,1.1274,17.000000000000348,14.999999999987246,2.0000000000131024
2015-09,1442341800000,1442341805200,1442345400799,LONG,1.12756,1.12676,-77.49999999999702,-79.99999999999119,2.4999999999941735
2015-09,1442346300000,1442346300629,1442349904838,LONG,1.12722,1.12719,0.49999999998107114,-3.0000000000196536,3.5000000000007248
2015-09,1442350800000,1442350800037,1442354400178,SHORT,1.12681,1.12664,39.999999999995595,17.000000000000348,22.999999999995246
2015-09,1442355300000,1442355322658,1442358900428,SHORT,1.12661,1.1275,-82.49999999998536,-89.00000000000574,6.500000000020378
2015-09,1442360700000,1442360722850,1442364300300,SHORT,1.12713,1.12769,-50.99999999997884,-56.000000000011596,5.000000000032756
2015-09,1442365200000,1442365200476,1442368800088,SHORT,1.12786,1.12851,-62.50000000000977,-64.99999999998174,2.499999999971969
2015-09,1442369700000,1442369700324,1442373300574,SHORT,1.12832,1.12979,-143.4999999999853,-147.00000000000824,3.5000000000229363
2015-09,1442374200000,1442374200228,1442377818524,SHORT,1.12974,1.12917,60.50000000001887,56.99999999999594,3.500000000022929
2015-09,1442378700000,1442378703333,1442382300623,LONG,1.12949,1.12854,-92.50000000000647,-95.00000000000064,2.4999999999941735
2015-09,1442383200000,1442383200349,1442386800242,LONG,1.1281,1.12768,-39.50000000001452,-42.0000000000087,2.4999999999941735
2015-09,1442387700000,1442387700026,1442391300021,SHORT,1.12517,1.126,-79.99999999999119,-82.99999999998863,2.999999999997442
2015-09,1442392200000,1442392200664,1442395803144,LONG,1.12682,1.12346,-334.50000000001535,-336.00000000000296,1.4999999999876081
2015-09,1442396700000,1442396700003,1442400300191,LONG,1.12378,1.12341,-35.00000000000725,-36.999999999998145,1.999999999990898
2015-09,1442401200000,1442401200151,1442404800410,LONG,1.12234,1.12247,15.499999999990521,13.000000000018552,2.499999999971969
2015-09,1442405700000,1442405700094,1442409300612,SHORT,1.12281,1.12758,-475.0000000000032,-476.9999999999941,1.999999999990905
2015-09,1442410200000,1442410200032,1442413800131,SHORT,1.12732,1.13051,-317.500000000015,-318.9999999999804,1.4999999999653824
2015-09,1442414700000,1442414700334,1442418300248,SHORT,1.13055,1.13016,40.99999999997994,38.99999999998904,1.999999999990898
2015-09,1442419200000,1442419200360,1442422800209,LONG,1.13033,1.1309,60.50000000001887,56.99999999999594,3.500000000022929
2015-09,1442423700000,1442423701758,1442427300015,SHORT,1.13073,1.12951,124.49999999999406,121.99999999999989,2.4999999999941735
2015-09,1442428200000,1442428200269,1442431801586,SHORT,1.12964,1.12773,194.50000000000855,191.00000000000784,3.5000000000007105
2015-09,1442432700000,1442432700470,1442436301233,LONG,1.12814,1.12846,34.000000000000696,32.0000000000098,1.999999999990898
2015-09,1442437200000,1442437200010,1442440800044,SHORT,1.12894,1.12891,28.000000000005798,2.999999999997449,25.00000000000835
2015-09,1442441700000,1442441703004,1442445300983,SHORT,1.12907,1.1292,-5.999999999994898,-12.999999999996348,7.0000000000014495
2015-09,1442446200000,1442446200340,1442449800514,SHORT,1.12895,1.12995,-97.50000000001702,-100.0000000000112,2.4999999999941735
2015-09,1442450700000,1442450717815,1442454301085,LONG,1.1296,1.13054,97.50000000001702,94.00000000001629,3.500000000000739
2015-09,1442455200000,1442455202298,1442462407121,SHORT,1.13071,1.13,74.0000000000185,71.00000000002105,2.9999999999974563
2015-09,1442463300000,1442463306912,1442469601213,LONG,1.13002,1.1291,-87.49999999997371,-92.00000000000318,4.500000000029473
2015-09,1442470500000,1442470505524,1442474101300,SHORT,1.12918,1.13015,-95.00000000000064,-96.99999999999153,1.9999999999908908
2015-09,1442475000000,1442475001541,1442478600194,SHORT,1.13028,1.13315,-284.00000000001756,-287.000000000015,2.999999999997442
2015-09,1442479500000,1442479500152,1442483100021,SHORT,1.13292,1.13203,89.99999999999008,88.99999999998354,1.000000000006537
2015-09,1442484000000,1442484000283,1442491200300,LONG,1.13134,1.1317,39.999999999995595,35.999999999991594,4.000000000004
2015-09,1442492100000,1442492100009,1442495700128,SHORT,1.13105,1.13224,-116.49999999998606,-118.99999999998023,2.4999999999941735
2015-09,1442496600000,1442496600088,1442500200467,LONG,1.13156,1.13235,82.49999999998536,79.00000000000685,3.499999999978513
2015-09,1442501100000,1442501100329,1442504700243,LONG,1.13123,1.13072,-49.49999999999122,-51.000000000001044,1.5000000000098268
2015-09,1442510100000,1442510100178,1442513700161,LONG,1.13123,1.14109,990.4999999999831,985.999999999998,4.499999999985107
2015-09,1442514600000,1442514600448,1442520000088,LONG,1.13752,1.14389,639.0000000000118,636.9999999999986,2.0000000000131877
2015-09,1442520900000,1442520900259,1442524501350,LONG,1.14227,1.14311,94.50000000001957,84.0000000000174,10.500000000002174
2015-09,1442525400000,1442525400297,1442529000348,LONG,1.14268,1.14182,-69.50000000001123,-85.99999999998609,16.49999999997486
2015-09,1442529900000,1442529902956,1442533500519,SHORT,1.14219,1.14007,218.99999999999142,212.00000000001216,6.999999999979252
2015-09,1442534400000,1442534400066,1442538000206,SHORT,1.14022,1.1404,-12.999999999996348,-18.0000000000069,5.000000000010552
2015-09,1442538900000,1442538901052,1442542507000,SHORT,1.14077,1.14045,34.500000000026176,32.0000000000098,2.500000000016378
2015-09,1442543400000,1442543400773,1442547000243,LONG,1.14048,1.13937,-106.49999999998715,-110.99999999999443,4.500000000007276
2015-09,1442547900000,1442547900573,1442551500605,LONG,1.13928,1.14079,153.4999999999842,150.99999999999002,2.4999999999941735
2015-09,1442552400000,1442552403745,1442556000336,SHORT,1.14043,1.14124,-76.99999999999375,-80.99999999999774,4.000000000003993
2015-09,1442556900000,1442556900352,1442560500209,SHORT,1.14062,1.14139,-73.50000000001522,-76.99999999999375,3.4999999999785274
2015-09,1442561400000,1442561400196,1442565000979,SHORT,1.14163,1.14374,-208.99999999999253,-211.00000000000563,2.0000000000131024
2015-09,1442565900000,1442565901342,1442569500340,SHORT,1.14449,1.14484,-33.00000000001635,-35.00000000000725,1.999999999990898
2015-09,1442570400000,1442570400193,1442574000087,LONG,1.14494,1.14241,-251.5000000000045,-253.00000000001432,1.500000000009834
2015-09,1442574900000,1442574900406,1442578500032,LONG,1.1428,1.142,-78.00000000000028,-80.00000000001339,2.0000000000131024
2015-09,1442579400000,1442579400017,1442588400048,SHORT,1.14152,1.13709,444.50000000000324,443.0000000000156,1.499999999987665
2015-09,1442589300000,1442589300417,1442592900300,SHORT,1.13633,1.13726,-89.49999999998681,-92.99999999998754,3.5000000000007248
2015-09,1442593800000,1442593802358,1442597400812,SHORT,1.13737,1.13609,130.50000000001117,127.99999999999478,2.500000000016385
2015-09,1442598300000,1442598301624,1442601900363,SHORT,1.13594,1.13552,44.99999999998394,41.99999999998649,2.999999999997449
2015-09,1442602800000,1442602800050,1442606400126,LONG,1.13525,1.12818,-702.5000000000059,-707.0000000000132,4.500000000007276
2015-09,1442607300000,1442607300242,1442782801183,LONG,1.12994,1.12807,-157.5000000000104,-187.00000000000384,29.499999999993435
2015-09,1442783700000,1442783700298,1442787303100,LONG,1.1286,1.1284,-6.4999999999759694,-19.999999999997797,13.500000000021828
2015-09,1442788200000,1442788200611,1442791812572,LONG,1.12838,1.12893,58.0000000000247,55.000000000005045,3.0000000000196536
2015-09,1442792700000,1442792702420,1442796300023,SHORT,1.12846,1.1304,-190.00000000000128,-194.0000000000053,4.0000000000040075
2015-09,1442797200000,1442797200420,1442800800555,SHORT,1.13055,1.13046,12.500000000015277,8.999999999992347,3.500000000022929
2015-09,1442801700000,1442801701825,1442805300444,SHORT,1.13074,1.13059,17.999999999984695,15.00000000000945,2.9999999999752447
2015-09,1442806200000,1442806201855,1442809806661,LONG,1.13042,1.13212,174.50000000001074,170.00000000000347,4.500000000007276
2015-09,1442810700000,1442810701282,1442814300465,LONG,1.1318,1.13073,-102.50000000000537,-106.99999999999044,4.499999999985064
2015-09,1442815200000,1442815200051,1442818800251,SHORT,1.13061,1.13031,34.000000000000696,29.999999999996696,4.000000000004
2015-09,1442819700000,1442819700139,1442823300182,SHORT,1.13022,1.13228,-202.9999999999976,-205.99999999999508,2.9999999999974705
2015-09,1442824200000,1442824200298,1442827800310,LONG,1.13215,1.1289,-323.5000000000099,-324.9999999999975,1.4999999999876081
2015-09,1442828700000,1442828700478,1442832300270,LONG,1.12882,1.12853,-26.999999999977042,-28.999999999990145,2.0000000000131024
2015-09,1442833200000,1442833200332,1442836800185,SHORT,1.12816,1.12523,295.5000000000041,293.0000000000099,2.499999999994202
2015-09,1442837700000,1442837700200,1442841301189,SHORT,1.12486,1.12525,-37.50000000000142,-39.00000000001125,1.5000000000098268
2015-09,1442842200000,1442842200067,1442845800170,SHORT,1.1245,1.12231,221.5000000000078,219.00000000001364,2.499999999994145
2015-09,1442846700000,1442846700332,1442850300994,SHORT,1.12086,1.11905,183.4999999999809,180.99999999998673,2.4999999999941735
2015-09,1442851200000,1442851200430,1442854800134,LONG,1.12042,1.12124,84.0000000000174,82.00000000000429,2.0000000000131024
2015-09,1442855700000,1442855701089,1442865600150,SHORT,1.12031,1.11944,88.99999999998354,86.99999999999264,1.999999999990905
2015-09,1442866500000,1442866500404,1442870101190,LONG,1.11897,1.11889,-4.500000000007276,-8.000000000008,3.5000000000007248
2015-09,1442871000000,1442871000901,1442874600579,SHORT,1.11903,1.11862,45.000000000006146,41.000000000002146,4.000000000004
2015-09,1442875500000,1442875501350,1442879100607,SHORT,1.11864,1.11885,-15.499999999990521,-20.999999999982144,5.499999999991623
2015-09,1442880000000,1442880000511,1442883600378,SHORT,1.11881,1.11945,-62.50000000000977,-63.99999999999739,1.4999999999876223
2015-09,1442884500000,1442884501063,1442888100668,LONG,1.1198,1.12038,60.99999999999994,58.000000000002494,2.999999999997449
2015-09,1442889000000,1442889000947,1442892600362,LONG,1.12029,1.11986,-39.50000000001452,-42.999999999993044,3.4999999999785203
2015-09,1442893500000,1442893502083,1442897100314,SHORT,1.11986,1.11992,-1.5000000000098268,-5.999999999994898,4.4999999999850715
2015-09,1442898000000,1442898000040,1442901600275,LONG,1.12013,1.11855,-155.5000000000195,-158.0000000000137,2.499999999994202
2015-09,1442902500000,1442902500061,1442906100375,SHORT,1.11639,1.11685,-44.499999999980666,-45.99999999999049,1.5000000000098268
2015-09,1442907000000,1442907000122,1442910600451,LONG,1.1184,1.11819,-17.999999999984695,-21.00000000000435,3.0000000000196536
2015-09,1442911500000,1442911500421,1442916000104,LONG,1.11905,1.11891,-12.000000000012001,-14.000000000002899,1.999999999990898
2015-09,1442916900000,1442916900668,1442920500389,LONG,1.11743,1.11697,-44.50000000000287,-45.99999999999049,1.4999999999876223
2015-09,1442921400000,1442921400558,1442925001016,SHORT,1.11617,1.11562,56.99999999999594,55.000000000005045,1.999999999990898
2015-09,1442925900000,1442925904613,1442929500488,SHORT,1.11611,1.11404,209.4999999999736,207.00000000000162,2.499999999971976
2015-09,1442930400000,1442930400679,1442934000133,LONG,1.11518,1.11333,-182.99999999999983,-185.00000000001293,2.0000000000131024
2015-09,1442934900000,1442934900855,1442938500444,SHORT,1.11353,1.11235,120.49999999999005,117.99999999999588,2.4999999999941735
2015-09,1442939400000,1442939400735,1442943003530,LONG,1.11191,1.11241,53.50000000001742,49.99999999999449,3.500000000022929
2015-09,1442943900000,1442943901912,1442947500044,LONG,1.11231,1.11311,83.50000000001413,80.00000000001339,3.500000000000739
2015-09,1442948400000,1442948400112,1442952000207,LONG,1.11318,1.11332,16.500000000019277,14.000000000002899,2.500000000016378
2015-09,1442952900000,1442952908853,1442956501039,SHORT,1.11266,1.11272,-1.999999999990898,-5.999999999994898,4.000000000004
2015-09,1442957400000,1442957400091,1442961002750,SHORT,1.11276,1.11287,-2.500000000016378,-11.00000000000545,8.499999999989072
2015-09,1442961900000,1442961900185,1442965507766,SHORT,1.11289,1.11286,9.499999999995623,2.999999999997449,6.499999999998174
2015-09,1442966400000,1442966400546,1442970001065,LONG,1.11206,1.11075,-128.50000000002026,-131.00000000001444,2.4999999999941735
2015-09,1442970900000,1442970900322,1442977202033,LONG,1.11111,1.11318,209.4999999999736,207.00000000000162,2.499999999971976
2015-09,1442978100000,1442978109322,1442981704597,SHORT,1.11325,1.11348,-18.49999999998797,-22.999999999995246,4.500000000007276
2015-09,1442982600000,1442982600339,1442986231375,SHORT,1.1137,1.11305,69.00000000000794,64.99999999998174,4.000000000026205
2015-09,1442987100000,1442987100574,1442990700049,SHORT,1.11252,1.11171,83.50000000001413,80.99999999999774,2.500000000016385
2015-09,1442991600000,1442991600173,1442995200013,LONG,1.11377,1.11189,-184.00000000000637,-187.99999999998818,3.99999999998181
2015-09,1442996100000,1442996100133,1443002400020,LONG,1.11205,1.11302,99.99999999998899,96.99999999999153,2.9999999999974563
2015-09,1443003300000,1443003300318,1443006902420,SHORT,1.11371,1.11547,-173.00000000000094,-175.99999999999838,2.999999999997442
2015-09,1443007800000,1443007802121,1443011400305,SHORT,1.11604,1.11388,220.50000000000125,215.99999999999397,4.500000000007276
2015-09,1443012300000,1443012300243,1443015900174,LONG,1.11317,1.11627,312.9999999999855,310.0000000000103,2.9999999999752163
2015-09,1443016800000,1443016800030,1443020400450,SHORT,1.11769,1.11441,329.5000000000048,328.00000000001717,1.4999999999876081
2015-09,1443021300000,1443021300476,1443024900185,SHORT,1.11488,1.11618,-128.49999999997584,-129.99999999998568,1.500000000009834
2015-09,1443025800000,1443025800460,1443029400000,SHORT,1.11674,1.11857,-178.99999999997362,-182.99999999999983,4.000000000026205
2015-09,1443030300000,1443030300124,1443033901170,SHORT,1.11993,1.1202,-23.500000000020727,-26.999999999999247,3.4999999999785203
2015-09,1443034800000,1443034800507,1443038400599,SHORT,1.12042,1.11827,217.99999999998488,214.99999999998744,2.999999999997442
2015-09,1443039300000,1443039300708,1443042900348,LONG,1.11816,1.11835,27.499999999980318,18.999999999991246,8.499999999989072
2015-09,1443043800000,1443043801295,1443047400686,SHORT,1.11859,1.11866,0.49999999998107114,-7.0000000000014495,7.499999999982521
2015-09,1443048300000,1443048309235,1443052800015,SHORT,1.11864,1.1188,-11.00000000000545,-15.999999999993797,4.999999999988347
2015-09,1443053700000,1443053703403,1443057303243,LONG,1.11825,1.11707,-114.0000000000141,-117.99999999999588,3.9999999999817817
2015-09,1443058200000,1443058200286,1443061800536,SHORT,1.11674,1.11839,-161.99999999999548,-164.99999999999292,2.999999999997442
2015-09,1443062700000,1443062704453,1443066300239,LONG,1.11829,1.11881,54.500000000023974,52.000000000007596,2.500000000016378
2015-09,1443067200000,1443067200190,1443070800128,SHORT,1.11891,1.1192,-26.500000000018176,-28.999999999990145,2.499999999971969
2015-09,1443071700000,1443071700162,1443075300382,SHORT,1.11941,1.11917,25.49999999998942,24.000000000001798,1.4999999999876223
2015-09,1443076200000,1443076200155,1443079800145,SHORT,1.11911,1.1208,-165.4999999999962,-168.99999999999693,3.500000000000739
2015-09,1443080700000,1443080700039,1443084300432,LONG,1.12111,1.11966,-141.99999999999767,-144.99999999999514,2.9999999999974705
2015-09,1443085200000,1443085200502,1443096000032,SHORT,1.11987,1.12514,-524.9999999999977,-527.0000000000108,2.000000000013074
2015-09,1443096900000,1443096900372,1443100500568,SHORT,1.12405,1.12627,-221.00000000000452,-222.00000000001108,1.0000000000065654
2015-09,1443101400000,1443101400190,1443105000318,LONG,1.12573,1.12684,112.50000000000426,111.00000000001664,1.4999999999876223
2015-09,1443105900000,1443105900391,1443109500077,SHORT,1.12851,1.12621,232.99999999999432,229.99999999999687,2.999999999997442
2015-09,1443110400000,1443110400339,1443114000273,LONG,1.12528,1.12547,21.500000000007624,18.999999999991246,2.500000000016378
2015-09,1443114900000,1443114902029,1443118503704,LONG,1.12521,1.12295,-223.50000000002092,-226.00000000001506,2.499999999994145
2015-09,1443119400000,1443119400145,1443123000374,SHORT,1.12233,1.12255,-21.00000000000435,-21.999999999988695,0.9999999999843467
2015-09,1443123900000,1443123903603,1443127500479,SHORT,1.12258,1.12293,-30.500000000022176,-35.00000000000725,4.4999999999850715
2015-09,1443128400000,1443128406637,1443132000069,SHORT,1.12285,1.11756,550.9999999999903,528.9999999999795,22.0000000000108
2015-09,1443132900000,1443132900044,1443136512662,LONG,1.11825,1.11794,-23.999999999979593,-31.000000000003247,7.000000000023654
2015-09,1443137400000,1443137402715,1443141001369,SHORT,1.1179,1.11722,72.99999999998974,67.9999999999792,5.0000000000105445
2015-09,1443141900000,1443141900117,1443145515251,LONG,1.11719,1.11759,43.00000000001525,40.0000000000178,2.999999999997449
2015-09,1443146400000,1443146401222,1443150000005,LONG,1.118,1.11744,-52.99999999999194,-56.000000000011596,3.0000000000196536
2015-09,1443150900000,1443150900314,1443154500415,SHORT,1.11728,1.11724,7.0000000000014495,4.000000000004,2.999999999997449
2015-09,1443155400000,1443155400871,1443159000189,SHORT,1.11723,1.11672,56.000000000011596,51.000000000001044,5.000000000010552
2015-09,1443159900000,1443159900346,1443163500769,SHORT,1.11665,1.1163,36.999999999998145,34.99999999998504,2.0000000000131024
2015-09,1443164400000,1443164400204,1443168000026,LONG,1.11624,1.11267,-351.99999999999676,-356.9999999999851,4.999999999988347
2015-09,1443168900000,1443168900088,1443172501055,LONG,1.11234,1.11571,340.9999999999913,336.9999999999873,4.000000000003979
2015-09,1443173400000,1443173402616,1443177000208,LONG,1.11485,1.11665,182.50000000001876,180.0000000000024,2.500000000016371
2015-09,1443177900000,1443177900019,1443181503371,SHORT,1.11715,1.11648,69.50000000003342,67.00000000001705,2.500000000016371
2015-09,1443182400000,1443182400879,1443186000478,SHORT,1.11633,1.11569,67.49999999997591,63.99999999999739,3.4999999999785203
2015-09,1443186900000,1443186900142,1443190500483,SHORT,1.11556,1.11825,-267.4999999999983,-268.9999999999859,1.4999999999876081
2015-09,1443191400000,1443191400270,1443195000061,SHORT,1.11903,1.12047,-141.99999999999767,-144.0000000000108,2.000000000013131
2015-09,1443195900000,1443195900860,1443199500158,SHORT,1.11991,1.11877,116.49999999998606,113.99999999999189,2.4999999999941735
2015-09,1443200400000,1443200400027,1443204000686,SHORT,1.11861,1.1183,33.500000000019625,31.000000000003247,2.500000000016378
2015-09,1443204900000,1443204900843,1443208501064,LONG,1.11848,1.12094,248.49999999998485,246.00000000001288,2.499999999971976
2015-09,1443209400000,1443209401510,1443213002481,SHORT,1.12029,1.12091,-57.00000000001815,-62.000000000006494,4.999999999988347
2015-09,1443213900000,1443213900631,1443387614830,SHORT,1.12058,1.11906,194.0000000000053,151.9999999999966,42.0000000000087
2015-09,1443388500000,1443388504284,1443394821710,LONG,1.1195,1.11915,-22.49999999999197,-34.99999999998504,12.499999999993072
2015-09,1443395700000,1443395701097,1443399300600,LONG,1.11932,1.12066,137.50000000001262,133.99999999998968,3.5000000000229363
2015-09,1443400200000,1443400202780,1443403811937,SHORT,1.12075,1.11941,138.0000000000159,133.99999999998968,4.000000000026205
2015-09,1443404700000,1443404700536,1443408334552,LONG,1.11871,1.11957,90.00000000001229,85.99999999998609,4.000000000026205
2015-09,1443409200000,1443409200300,1443412804254,SHORT,1.11997,1.11902,98.50000000000136,95.00000000000064,3.5000000000007248
2015-09,1443413700000,1443413700281,1443417306243,SHORT,1.11858,1.11764,98.0000000000203,93.99999999999409,4.000000000026205
2015-09,1443418200000,1443418201172,1443427200365,SHORT,1.11765,1.11907,-138.49999999999696,-141.99999999999767,3.5000000000007105
2015-09,1443428100000,1443428101427,1443431700051,LONG,1.11834,1.11833,0.49999999998107114,-0.9999999999843467,1.4999999999654179
2015-09,1443432600000,1443432600339,1443436200937,SHORT,1.1193,1.11787,146.00000000002387,143.00000000000423,3.0000000000196394
2015-09,1443437100000,1443437100598,1443440700476,SHORT,1.11811,1.11692,121.49999999999662,119.00000000000244,2.4999999999941735
2015-09,1443441600000,1443441600272,1443445200138,LONG,1.11753,1.11569,-181.00000000000892,-183.99999999998417,2.9999999999752447
2015-09,1443446100000,1443446100688,1443449700022,LONG,1.11641,1.11847,207.99999999998596,206.00000000001728,1.9999999999686793
2015-09,1443450600000,1443450600435,1443454200333,LONG,1.11889,1.1226,373.49999999998215,371.00000000001023,2.4999999999719194
2015-09,1443455100000,1443455100370,1443458700824,LONG,1.12355,1.12403,51.000000000001044,48.000000000003595,2.999999999997449
2015-09,1443459600000,1443459600251,1443463201170,LONG,1.12383,1.12358,-21.999999999988695,-25.00000000000835,3.0000000000196536
2015-09,1443464100000,1443464100253,1443467700157,SHORT,1.12338,1.12333,8.000000000008,5.000000000010552,2.999999999997449
2015-09,1443468600000,1443468602506,1443472200657,SHORT,1.1238,1.12391,-7.500000000004725,-11.00000000000545,3.5000000000007248
2015-09,1443473100000,1443473100119,1443476700451,LONG,1.12387,1.12416,37.500000000023626,29.00000000001235,8.500000000011276
2015-09,1443477600000,1443477600083,1443481200528,SHORT,1.12406,1.1235,65.50000000000722,56.000000000011596,9.499999999995623
2015-09,1443482100000,1443482100593,1443485700328,LONG,1.12367,1.12511,147.99999999999258,144.0000000000108,3.9999999999817817
2015-09,1443486600000,1443486603726,1443490200395,SHORT,1.1247,1.12535,-60.99999999999994,-65.00000000000395,4.0000000000040075
2015-09,1443491100000,1443491103279,1443494705196,SHORT,1.12591,1.12523,71.50000000000212,68.00000000000139,3.5000000000007248
2015-09,1443495600000,1443495600552,1443499200437,LONG,1.12556,1.12553,1.0000000000065512,-2.999999999997449,4.000000000004
2015-09,1443500100000,1443500100788,1443506400445,SHORT,1.12565,1.12647,-79.00000000002905,-82.00000000000429,2.9999999999752447
2015-09,1443507300000,1443507300030,1443510900301,LONG,1.12709,1.1263,-75.50000000000611,-78.99999999998464,3.4999999999785274
2015-09,1443511800000,1443511800050,1443515400633,SHORT,1.12473,1.12409,67.49999999997591,63.99999999999739,3.4999999999785203
2015-09,1443516300000,1443516300053,1443519900287,LONG,1.12245,1.12374,131.5000000000177,129.00000000000134,2.500000000016371
2015-09,1443520800000,1443520800177,1443524400438,SHORT,1.12366,1.12357,10.999999999983245,9.000000000014552,1.9999999999686935
2015-09,1443525300000,1443525300034,1443528900027,SHORT,1.12321,1.12037,285.499999999983,283.99999999999534,1.499999999987665
2015-09,1443529800000,1443529800421,1443533400121,SHORT,1.11973,1.12066,-89.49999999998681,-93.00000000000975,3.5000000000229363
2015-09,1443534300000,1443534300242,1443537900232,SHORT,1.12358,1.12328,31.000000000003247,29.999999999996696,1.0000000000065512
2015-09,1443538800000,1443538800121,1443542400394,SHORT,1.12179,1.12449,-268.50000000000483,-269.9999999999925,1.499999999987665
2015-09,1443543300000,1443543300653,1443546900161,LONG,1.12458,1.12551,96.00000000000719,93.00000000000975,2.999999999997442
2015-09,1443547800000,1443547800654,1443551400658,SHORT,1.12514,1.12316,200.50000000000347,198.00000000000927,2.499999999994202
2015-09,1443552300000,1443552300093,1443555900199,SHORT,1.12441,1.12536,-90.50000000001558,-95.00000000000064,4.499999999985064
2015-09,1443556800000,1443556800203,1443560400179,LONG,1.12515,1.12474,-22.999999999995246,-41.000000000002146,18.0000000000069
2015-09,1443562200000,1443562200073,1443565800421,SHORT,1.12501,1.1254,-32.500000000013074,-38.99999999998904,6.4999999999759694
2015-09,1443566700000,1443566701061,1443570300210,LONG,1.12559,1.12563,8.499999999989072,3.999999999981796,4.500000000007276
2015-09,1443571200000,1443571200212,1443574803625,SHORT,1.12531,1.12478,56.50000000001487,53.00000000001415,3.5000000000007248
2015-09,1443575700000,1443575700461,1443579301553,LONG,1.12464,1.12544,82.49999999998536,79.99999999999119,2.4999999999941735
2015-09,1443580200000,1443580200414,1443583800252,LONG,1.1252,1.12537,19.999999999997797,17.000000000000348,2.999999999997449
2015-09,1443584700000,1443584701740,1443588305365,SHORT,1.12534,1.12596,-59.50000000001232,-62.000000000006494,2.4999999999941735
2015-09,1443589200000,1443589201240,1443592800085,LONG,1.12555,1.12402,-148.99999999999915,-153.00000000000313,4.000000000003979
2015-09,1443593700000,1443593700175,1443597301704,LONG,1.12307,1.12181,-123.00000000000644,-126.0000000000039,2.9999999999974563
2015-09,1443598200000,1443598200300,1443601800284,SHORT,1.12156,1.12284,-126.50000000000716,-128.000000000017,1.500000000009834
2015-09,1443602700000,1443602700105,1443606300676,SHORT,1.12211,1.12216,-2.500000000016378,-5.000000000010552,2.4999999999941735
2015-09,1443607200000,1443607200636,1443610800256,SHORT,1.12172,1.12156,19.49999999999452,16.000000000016,3.4999999999785203
2015-09,1443611700000,1443611701052,1443615300058,LONG,1.12202,1.12004,-182.49999999999656,-198.00000000000927,15.500000000012705
2015-09,1443616200000,1443616200661,1443619800218,LONG,1.11963,1.11897,-64.49999999997846,-65.99999999998829,1.500000000009834
2015-09,1443620700000,1443620700088,1443624300228,SHORT,1.11918,1.11665,257.5000000000216,253.00000000001432,4.500000000007276
2015-09,1443625200000,1443625200023,1443628800152,LONG,1.11654,1.11616,-35.00000000000725,-38.0000000000047,2.999999999997449
2015-09,1443629700000,1443629700414,1443633300432,SHORT,1.1171,1.1177,-56.49999999999267,-59.99999999999339,3.5000000000007248
2015-09,1443634200000,1443634200159,1443637800664,SHORT,1.11813,1.11754,60.99999999999994,59.000000000009045,1.999999999990898
2015-09,1443638700000,1443638700022,1443642302282,SHORT,1.11699,1.11677,24.49999999998287,21.999999999988695,2.4999999999941735
2015-09,1443643200000,1443643200251,1443646800239,LONG,1.11755,1.11758,9.499999999995623,2.999999999997449,6.499999999998174
2015-09,1443647700000,1443647700201,1443651301095,LONG,1.11769,1.11707,-49.50000000001342,-62.000000000006494,12.499999999993072
2015-09,1443652200000,1443652200041,1443655800499,LONG,1.1171,1.11714,10.999999999983245,4.000000000004,6.999999999979245
2015-09,1443656700000,1443656709270,1443660300154,LONG,1.11708,1.11716,10.49999999997997,7.999999999985796,2.4999999999941735
2015-10,1443661200000,1443661201099,1443664800904,SHORT,1.11725,1.11591,138.50000000001916,134.00000000001188,4.500000000007276
2015-10,1443665700000,1443665705459,1443669302179,SHORT,1.11662,1.11616,48.000000000003595,45.99999999999049,2.0000000000131024
2015-10,1443670200000,1443670200268,1443673800624,SHORT,1.11555,1.11478,80.00000000001339,76.99999999999375,3.0000000000196394
2015-10,1443674700000,1443674713427,1443678301168,SHORT,1.11476,1.11412,65.99999999998829,63.99999999999739,1.999999999990898
2015-10,1443679200000,1443679200016,1443682800290,LONG,1.11445,1.11413,-27.999999999983594,-31.999999999987594,4.000000000004
2015-10,1443683700000,1443683700475,1443687301088,LONG,1.11455,1.11462,10.999999999983245,7.0000000000014495,3.999999999981796
2015-10,1443688200000,1443688200131,1443691800876,SHORT,1.11583,1.11569,16.000000000016,14.000000000002899,2.0000000000131024
2015-10,1443692700000,1443692700296,1443696300785,LONG,1.1146,1.11576,118.00000000001809,116.00000000000499,2.0000000000131024
2015-10,1443697200000,1443697200368,1443700800171,LONG,1.11471,1.11545,75.49999999998391,73.99999999999629,1.4999999999876223
2015-10,1443701700000,1443701700366,1443705300352,SHORT,1.11544,1.11647,-100.99999999999554,-103.00000000000864,2.0000000000131024
2015-10,1443706200000,1443706200202,1443709801133,SHORT,1.11651,1.11866,-212.49999999999324,-215.00000000000963,2.5000000000163993
2015-10,1443710700000,1443710700384,1443714300299,SHORT,1.11957,1.11958,0.9999999999843467,-1.0000000000065512,1.999999999990898
2015-10,1443715200000,1443715200118,1443718800185,LONG,1.11999,1.11962,-34.000000000000696,-36.999999999998145,2.999999999997449
2015-10,1443719700000,1443719700470,1443723302101,SHORT,1.12001,1.1195,52.50000000001087,51.000000000001044,1.5000000000098268
2015-10,1443724200000,1443724200147,1443727802326,SHORT,1.11912,1.11852,64.49999999997846,59.99999999999339,4.499999999985064
2015-10,1443728700000,1443728700648,1443732300451,SHORT,1.11916,1.11871,50.0000000000167,44.99999999998394,5.000000000032756
2015-10,1443733200000,1443733200104,1443736800084,SHORT,1.11937,1.11864,86.99999999999264,72.99999999998974,14.000000000002899
2015-10,1443737700000,1443737706041,1443741304918,SHORT,1.119,1.11913,-4.500000000007276,-12.999999999996348,8.499999999989072
2015-10,1443742200000,1443742200391,1443747602753,SHORT,1.1189,1.11901,-7.999999999985796,-11.00000000000545,3.0000000000196536
2015-10,1443748500000,1443748501347,1443752107606,LONG,1.11906,1.11996,92.99999999998754,90.00000000001229,2.9999999999752447
2015-10,1443753000000,1443753001745,1443756600527,SHORT,1.11917,1.11829,90.49999999999336,87.99999999999919,2.4999999999941735
2015-10,1443757500000,1443757508586,1443761100241,SHORT,1.11796,1.11782,17.500000000003624,14.000000000002899,3.5000000000007248
2015-10,1443762000000,1443762000497,1443765600393,SHORT,1.11754,1.118,-42.0000000000087,-46.0000000000127,4.000000000004
2015-10,1443766500000,1443766505338,1443770100296,LONG,1.11724,1.11705,-16.499999999997073,-18.999999999991246,2.4999999999941735
2015-10,1443771000000,1443771000222,1443774600209,LONG,1.11647,1.11674,30.0000000000189,26.999999999999247,3.0000000000196536
2015-10,1443775500000,1443775500616,1443779100882,SHORT,1.11665,1.11671,-4.000000000004,-6.000000000017103,2.0000000000131024
2015-10,1443780000000,1443780000431,1443783600271,LONG,1.11622,1.1162,0.9999999999843467,-1.999999999990898,2.9999999999752447
2015-10,1443784500000,1443784505625,1443788100538,SHORT,1.11623,1.11591,34.500000000026176,32.0000000000098,2.500000000016378
2015-10,1443789000000,1443789000423,1443792600472,LONG,1.11591,1.13029,1472.0000000000066,1438.000000000006,34.00000000000068
2015-10,1443793500000,1443793500163,1443797100377,SHORT,1.12954,1.12846,110.50000000001336,107.99999999999699,2.500000000016371
2015-10,1443798000000,1443798000114,1443805200538,LONG,1.12745,1.12418,-325.0000000000197,-327.00000000001063,1.999999999990905
2015-10,1443806100000,1443806100471,1443809700045,SHORT,1.12265,1.12217,49.00000000001015,48.000000000003595,1.0000000000065512
2015-10,1443810600000,1443810600391,1443814200024,LONG,1.12238,1.12095,-140.49999999998786,-143.00000000000423,2.500000000016371
2015-10,1443815100000,1443815101159,1443818700365,LONG,1.12016,1.12166,153.50000000000642,150.00000000000568,3.500000000000739
2015-10,1443993300000,1443993300733,1443999600694,SHORT,1.12206,1.12163,57.50000000002142,43.00000000001525,14.500000000006175
2015-10,1444000500000,1444000535160,1444004100281,SHORT,1.12133,1.122,-60.99999999999994,-67.00000000001705,6.00000000001711
2015-10,1444005000000,1444005002551,1444008601047,SHORT,1.12194,1.12271,-72.99999999998974,-77.00000000001594,4.000000000026205
2015-10,1444009500000,1444009500181,1444013101150,SHORT,1.12306,1.12397,-87.49999999999591,-90.99999999999665,3.500000000000739
2015-10,1444014000000,1444014000610,1444017601599,SHORT,1.1239,1.12259,134.99999999999625,130.99999999999224,4.0000000000040075
2015-10,1444018500000,1444018500380,1444022100194,LONG,1.12241,1.12348,107.99999999999699,107.00000000001265,0.9999999999843396
2015-10,1444023000000,1444023000642,1444026600187,LONG,1.12346,1.12366,24.000000000001798,20.000000000020002,3.999999999981796
2015-10,1444027500000,1444027500019,1444031100511,SHORT,1.12329,1.12548,-216.00000000001617,-219.00000000001364,2.9999999999974705
2015-10,1444032000000,1444032000138,1444035601624,SHORT,1.12486,1.12588,-100.0000000000112,-102.00000000000209,1.9999999999908908
2015-10,1444036500000,1444036500149,1444040101250,SHORT,1.12736,1.12735,3.5000000000007248,0.9999999999843467,2.500000000016378
2015-10,1444041000000,1444041000626,1444044601840,LONG,1.12718,1.12276,-439.0000000000338,-442.00000000000904,2.9999999999752163
2015-10,1444045500000,1444045500513,1444049100591,LONG,1.12277,1.12216,-57.99999999998029,-60.99999999999994,3.0000000000196536
2015-10,1444050000000,1444050000495,1444053600078,SHORT,1.12116,1.12156,-23.00000000001745,-39.999999999995595,16.999999999978144
2015-10,1444054500000,1444054500269,1444058100228,LONG,1.12109,1.12107,0.0,-1.999999999990898,1.999999999990898
2015-10,1444059000000,1444059000278,1444062600139,LONG,1.12153,1.11849,-302.49999999998334,-303.9999999999932,1.500000000009834
2015-10,1444063500000,1444063500246,1444067101535,SHORT,1.11786,1.11894,-104.49999999999626,-107.99999999999699,3.5000000000007248
2015-10,1444068000000,1444068001525,1444071600239,LONG,1.11821,1.11808,-10.500000000002174,-12.999999999996348,2.4999999999941735
2015-10,1444072500000,1444072501710,1444076105748,LONG,1.11828,1.1185,24.500000000005073,22.0000000000109,2.4999999999941735
2015-10,1444077000000,1444077001272,1444080601299,LONG,1.11844,1.11888,49.99999999997229,43.999999999999595,5.999999999972694
2015-10,1444081500000,1444081500170,1444085103416,LONG,1.11863,1.11895,37.99999999998249,31.999999999987594,5.999999999994898
2015-10,1444086900000,1444086900007,1444093200122,SHORT,1.11907,1.1191,-0.49999999998107114,-2.999999999997449,2.500000000016378
2015-10,1444094100000,1444094100832,1444097701519,SHORT,1.11769,1.11906,-134.50000000001518,-136.99999999998712,2.4999999999719478
2015-10,1444098600000,1444098600797,1444102200243,SHORT,1.11901,1.11825,79.50000000001012,76.0000000000094,3.5000000000007248
2015-10,1444103100000,1444103103131,1444106702358,LONG,1.11859,1.1178,-75.50000000000611,-79.00000000000685,3.500000000000739
2015-10,1444107600000,1444107600238,1444114800470,LONG,1.11809,1.11869,62.99999999999084,59.99999999999339,2.999999999997449
2015-10,1444115700000,1444115700602,1444119301075,LONG,1.12025,1.12091,69.00000000000794,66.00000000001049,2.9999999999974563
2015-10,1444120200000,1444120200530,1444123800467,SHORT,1.12111,1.12057,57.49999999999922,53.999999999998494,3.5000000000007248
2015-10,1444124700000,1444124700298,1444128300173,LONG,1.12107,1.12007,-97.9999999999981,-100.0000000000112,2.0000000000131024
2015-10,1444129200000,1444129201072,1444132800251,SHORT,1.12156,1.12277,-118.49999999999916,-121.00000000001555,2.500000000016385
2015-10,1444133700000,1444133700373,1444137300200,SHORT,1.12238,1.12203,38.99999999998904,34.99999999998504,4.000000000004
2015-10,1444138200000,1444138200252,1444141801185,SHORT,1.12186,1.12389,-200.00000000000017,-202.9999999999976,2.999999999997442
2015-10,1444142700000,1444142700503,1444146302768,LONG,1.12432,1.12634,203.99999999998198,201.99999999999108,1.999999999990905
2015-10,1444147200000,1444147200480,1444150800017,LONG,1.1265,1.12634,-14.000000000025103,-16.000000000016,1.999999999990898
2015-10,1444151700000,1444151700708,1444155301564,SHORT,1.12581,1.12607,-23.999999999979593,-25.999999999992696,2.0000000000131024
2015-10,1444156200000,1444156200625,1444159801893,SHORT,1.12689,1.12688,3.5000000000007248,0.9999999999843467,2.500000000016378
2015-10,1444160700000,1444160700147,1444164300453,SHORT,1.12758,1.12716,45.50000000000942,42.0000000000087,3.5000000000007248
2015-10,1444165200000,1444165200243,1444168800162,LONG,1.1274,1.12686,-37.49999999997922,-53.999999999998494,16.500000000019277
2015-10,1444169700000,1444169700397,1444173309367,SHORT,1.12672,1.12703,-24.999999999986144,-31.000000000003247,6.000000000017103
2015-10,1444174200000,1444174200570,1444177803971,LONG,1.12661,1.12685,26.999999999999247,24.000000000001798,2.999999999997449
2015-10,1444178700000,1444178705147,1444182300459,LONG,1.1272,1.12684,-31.000000000003247,-35.999999999991594,4.999999999988347
2015-10,1444183200000,1444183203985,1444186801920,SHORT,1.12696,1.1271,-11.999999999989797,-14.000000000002899,2.0000000000131024
2015-10,1444187700000,1444187701293,1444191300225,SHORT,1.12786,1.12741,49.00000000001015,45.000000000006146,4.000000000004
2015-10,1444192200000,1444192201205,1444195801867,SHORT,1.12711,1.12651,64.0000000000196,60.000000000015596,4.000000000004
2015-10,1444196700000,1444196700959,1444200300031,LONG,1.12604,1.12625,23.999999999979593,21.00000000000435,2.9999999999752447
2015-10,1444201200000,1444201200018,1444204800049,LONG,1.1253,1.12339,-187.99999999998818,-190.99999999998562,2.999999999997442
2015-10,1444205700000,1444205700522,1444212000308,SHORT,1.12357,1.1237,-9.499999999995623,-12.999999999996348,3.5000000000007248
2015-10,1444212900000,1444212900035,1444216501269,LONG,1.12394,1.12561,168.99999999999693,167.00000000000603,1.999999999990905
2015-10,1444217400000,1444217402614,1444221000090,LONG,1.12592,1.12458,-131.99999999999878,-134.00000000001188,2.0000000000131024
2015-10,1444221900000,1444221901020,1444225500152,LONG,1.12551,1.12413,-134.99999999999625,-137.9999999999937,2.999999999997442
2015-10,1444226400000,1444226400160,1444230000115,LONG,1.12333,1.12348,16.999999999978144,15.00000000000945,1.9999999999686935
2015-10,1444230900000,1444230900089,1444234503015,LONG,1.12501,1.12502,2.4999999999941735,0.9999999999843467,1.5000000000098268
2015-10,1444235400000,1444235402560,1444239000403,SHORT,1.12521,1.12486,38.0000000000047,35.00000000000725,2.999999999997449
2015-10,1444239900000,1444239900035,1444243500154,LONG,1.12463,1.12472,10.999999999983245,8.999999999992347,1.999999999990898
2015-10,1444244400000,1444244400132,1444251600298,LONG,1.12522,1.12368,-146.50000000000495,-154.0000000000097,7.500000000004746
2015-10,1444252500000,1444252502039,1444256102560,SHORT,1.12361,1.12397,-26.0000000000149,-35.999999999991594,9.999999999976694
2015-10,1444257000000,1444257001712,1444260600219,SHORT,1.12381,1.12367,19.00000000001345,14.000000000002899,5.000000000010552
2015-10,1444261500000,1444261505684,1444265100087,LONG,1.12358,1.12415,59.50000000001232,56.99999999999594,2.500000000016378
2015-10,1444270500000,1444270500902,1444274155643,SHORT,1.12528,1.12522,8.999999999992347,5.999999999994898,2.999999999997449
2015-10,1444275000000,1444275000235,1444278601254,SHORT,1.12527,1.12555,-24.999999999986144,-28.000000000005798,3.0000000000196536
2015-10,1444279500000,1444279501790,1444283101859,SHORT,1.12585,1.12601,-11.999999999989797,-15.999999999993797,4.000000000004
2015-10,1444284000000,1444284000089,1444287600183,SHORT,1.12606,1.1262,-10.999999999983245,-14.000000000002899,3.0000000000196536
2015-10,1444288500000,1444288500313,1444292100254,SHORT,1.12696,1.12902,-203.5000000000231,-205.99999999999508,2.499999999971976
2015-10,1444293000000,1444293000038,1444302000343,SHORT,1.12923,1.12938,-11.500000000008725,-15.00000000000945,3.5000000000007248
2015-10,1444302900000,1444302901819,1444306500095,SHORT,1.12896,1.12552,345.4999999999986,343.99999999998875,1.500000000009834
2015-10,1444307400000,1444307401235,1444311000303,LONG,1.12521,1.12477,-35.999999999991594,-43.999999999999595,8.000000000008
2015-10,1444311900000,1444311900797,1444315500044,LONG,1.12467,1.12709,244.99999999996191,241.99999999998667,2.9999999999752447
2015-10,1444316400000,1444316400011,1444320000086,SHORT,1.12761,1.12829,-65.50000000000722,-68.00000000000139,2.4999999999941735
2015-10,1444320900000,1444320900010,1444324500332,LONG,1.12764,1.12971,211.00000000000563,207.00000000000162,4.0000000000040075
2015-10,1444325400000,1444325400421,1444329000489,SHORT,1.12947,1.12952,-0.5000000000254801,-5.000000000010552,4.4999999999850715
2015-10,1444329900000,1444329900443,1444333510442,SHORT,1.1275,1.12766,-12.999999999996348,-16.000000000016,3.0000000000196536
2015-10,1444334400000,1444334400210,1444338000019,LONG,1.12747,1.12758,14.49999999998397,11.00000000000545,3.4999999999785203
2015-10,1444338900000,1444338913135,1444342500444,LONG,1.12773,1.12822,57.00000000001815,49.00000000001015,8.000000000008
2015-10,1444343400000,1444343402477,1444347000546,LONG,1.12878,1.12921,48.49999999998467,43.00000000001525,5.499999999969418
2015-10,1444347900000,1444347900810,1444351501928,SHORT,1.1287,1.12821,52.99999999999194,49.00000000001015,3.999999999981796
2015-10,1444352400000,1444352400403,1444356000109,SHORT,1.12828,1.12755,75.50000000000611,72.99999999998974,2.500000000016371
2015-10,1444356900000,1444356903214,1444360500623,LONG,1.12765,1.12788,26.0000000000149,22.999999999995246,3.0000000000196536
2015-10,1444361400000,1444361400877,1444366800228,SHORT,1.12827,1.12843,-10.999999999983245,-15.999999999993797,5.000000000010552
2015-10,1444367700000,1444367701858,1444371300181,LONG,1.12866,1.12843,-19.500000000016726,-22.999999999995246,3.4999999999785203
2015-10,1444372200000,1444372200043,1444377600267,LONG,1.12815,1.13369,557.4999999999885,554.00000000001,3.499999999978513
2015-10,1444378500000,1444378500339,1444382100101,LONG,1.13239,1.13322,84.49999999999847,82.99999999998863,1.500000000009834
2015-10,1444383000000,1444383000012,1444386600496,SHORT,1.13308,1.13435,-125.00000000001954,-126.99999999998823,1.9999999999686935
2015-10,1444387500000,1444387506055,1444391103706,LONG,1.13529,1.13618,90.99999999999665,89.00000000000574,1.999999999990905
2015-10,1444392000000,1444392000160,1444395600059,LONG,1.13608,1.13689,83.00000000001084,80.99999999999774,2.0000000000131024
2015-10,1444396500000,1444396500365,1444400100032,SHORT,1.1356,1.13466,95.50000000000392,93.99999999999409,1.500000000009834
2015-10,1444401000000,1444401000317,1444404600700,LONG,1.13424,1.13681,258.0000000000027,257.0000000000183,0.9999999999843681
2015-10,1444405500000,1444405501288,1444409100314,SHORT,1.13611,1.13781,-167.00000000002825,-170.00000000000347,2.9999999999752163
2015-10,1444410000000,1444410000064,1444413600241,LONG,1.13801,1.13673,-125.4999999999784,-127.99999999999478,2.500000000016385
2015-10,1444414500000,1444414505845,1444420800165,SHORT,1.13642,1.13553,92.50000000000647,89.00000000000574,3.5000000000007248
2015-10,1444421700000,1444421710153,1444597203392,SHORT,1.13611,1.13653,-15.00000000000945,-42.0000000000087,26.999999999999247
2015-10,1444598100000,1444598102763,1444601728796,SHORT,1.13605,1.1365,-30.49999999999997,-45.000000000006146,14.500000000006175
2015-10,1444602600000,1444602600380,1444608000047,SHORT,1.13655,1.1368,-16.499999999997073,-25.00000000000835,8.500000000011276
2015-10,1444608900000,1444608900955,1444612500299,LONG,1.13713,1.13684,-25.999999999992696,-28.999999999990145,2.999999999997449
2015-10,1444613400000,1444613400570,1444617008718,LONG,1.13655,1.13715,63.000000000013046,60.000000000015596,2.999999999997449
2015-10,1444617900000,1444617901557,1444621502587,LONG,1.13746,1.13726,-16.499999999997073,-19.999999999997797,3.5000000000007248
2015-10,1444622400000,1444622422221,1444626001126,SHORT,1.13749,1.13722,32.0000000000098,26.999999999999247,5.000000000010552
2015-10,1444626900000,1444626902669,1444630501867,LONG,1.1374,1.13688,-49.49999999999122,-52.000000000007596,2.500000000016378
2015-10,1444631400000,1444631400075,1444635000685,LONG,1.13682,1.13709,29.49999999999342,26.999999999999247,2.4999999999941735
2015-10,1444635900000,1444635900627,1444639500520,LONG,1.1378,1.13807,30.49999999999997,26.999999999999247,3.5000000000007248
2015-10,1444640400000,1444640400212,1444644000590,LONG,1.13806,1.13838,34.50000000000397,31.999999999987594,2.500000000016378
2015-10,1444644900000,1444644900677,1444648500703,SHORT,1.13838,1.13718,121.99999999999989,119.99999999998678,2.0000000000131024
2015-10,1444649400000,1444649400935,1444653000538,LONG,1.13718,1.13705,-11.00000000000545,-13.000000000018552,2.0000000000131024
2015-10,1444653900000,1444653900455,1444657500376,SHORT,1.13737,1.13705,34.49999999998177,32.0000000000098,2.499999999971969
2015-10,1444658400000,1444658400109,1444662000061,SHORT,1.13697,1.13738,-39.49999999999232,-41.000000000002146,1.5000000000098268
2015-10,1444662900000,1444662904870,1444666500168,SHORT,1.13581,1.13689,-105.00000000002174,-107.99999999999699,2.9999999999752447
2015-10,1444667400000,1444667403112,1444671003213,SHORT,1.13703,1.1374,-33.499999999975216,-36.999999999998145,3.500000000022929
2015-10,1444671900000,1444671900933,1444676400337,SHORT,1.13761,1.13634,129.00000000002353,127.00000000001043,2.0000000000131024
2015-10,1444677300000,1444677302855,1444680900097,SHORT,1.13713,1.13604,114.99999999999844,109.00000000000354,5.999999999994898
2015-10,1444681800000,1444681800179,1444685400090,SHORT,1.13626,1.13584,52.99999999999194,42.0000000000087,10.999999999983245
2015-10,1444686300000,1444686303689,1444689948364,LONG,1.13576,1.1356,-7.000000000023654,-16.000000000016,8.999999999992347
2015-10,1444690800000,1444690800237,1444694402272,SHORT,1.1356,1.13523,43.00000000001525,36.999999999998145,6.000000000017103
2015-10,1444695300000,1444695300679,1444698900289,SHORT,1.1355,1.13535,19.500000000016726,14.999999999987246,4.50000000002948
2015-10,1444699800000,1444699814664,1444703401149,SHORT,1.135,1.13556,-52.49999999998867,-55.99999999998939,3.5000000000007248
2015-10,1444704300000,1444704307099,1444707903549,LONG,1.13564,1.13604,42.49999999998977,39.999999999995595,2.4999999999941735
2015-10,1444708800000,1444708801227,1444712410343,LONG,1.13584,1.13671,91.00000000001884,87.00000000001484,4.0000000000040075
2015-10,1444713300000,1444713303018,1444716900208,SHORT,1.1365,1.13725,-71.00000000002105,-75.00000000000284,3.999999999981796
2015-10,1444717800000,1444717801970,1444721400186,SHORT,1.13682,1.13957,-272.99999999998994,-275.000000000003,2.000000000013074
2015-10,1444722300000,1444722300056,1444725901918,SHORT,1.13993,1.13847,147.99999999999258,146.00000000000168,1.999999999990905
2015-10,1444726800000,1444726800382,1444730400589,LONG,1.13819,1.13862,46.999999999997044,42.999999999993044,4.000000000004
2015-10,1444731300000,1444731300247,1444734902621,SHORT,1.13852,1.13767,87.50000000001812,85.00000000000173,2.500000000016385
2015-10,1444735800000,1444735800387,1444739400306,LONG,1.13811,1.13867,58.0000000000247,56.000000000011596,2.0000000000131024
2015-10,1444740300000,1444740300346,1444743900139,LONG,1.13959,1.13781,-176.00000000002058,-178.00000000001148,1.999999999990905
2015-10,1444744800000,1444744800039,1444752000098,SHORT,1.13718,1.13811,-91.49999999999991,-92.99999999998754,1.4999999999876223
2015-10,1444752900000,1444752900229,1444756507682,LONG,1.13821,1.13865,44.99999999998394,43.999999999999595,0.9999999999843467
2015-10,1444757400000,1444757401765,1444761001711,SHORT,1.1387,1.13851,22.0000000000109,19.00000000001345,2.999999999997449
2015-10,1444761900000,1444761900043,1444766400030,SHORT,1.13809,1.13849,-38.49999999998577,-39.999999999995595,1.5000000000098268
2015-10,1444767300000,1444767301079,1444770901266,SHORT,1.13827,1.13829,2.999999999997449,-2.0000000000131024,5.000000000010552
2015-10,1444771800000,1444771800252,1444775400426,LONG,1.13805,1.13836,35.00000000000725,31.000000000003247,4.000000000004
2015-10,1444776300000,1444776300086,1444779901789,LONG,1.13877,1.13827,-45.000000000006146,-50.0000000000167,5.000000000010552
2015-10,1444780800000,1444780800473,1444784401288,SHORT,1.13836,1.13967,-128.49999999997584,-130.99999999999224,2.5000000000163993
2015-10,1444785300000,1444785300022,1444788902410,SHORT,1.14,1.13874,129.99999999996348,125.99999999998168,3.999999999981796
2015-10,1444789800000,1444789800375,1444793401744,SHORT,1.13951,1.13891,62.499999999987566,59.99999999999339,2.4999999999941735
2015-10,1444794300000,1444794307325,1444798802224,SHORT,1.13861,1.1389,-25.500000000011624,-29.00000000001235,3.5000000000007248
2015-10,1444799700000,1444799703989,1444803300082,LONG,1.13918,1.14005,89.50000000000901,86.99999999999264,2.500000000016371
2015-10,1444804200000,1444804200058,1444807800172,SHORT,1.13968,1.14214,-243.4999999999743,-245.99999999999068,2.500000000016371
2015-10,1444808700000,1444808700489,1444812300237,SHORT,1.14152,1.14092,62.499999999987566,60.000000000015596,2.499999999971969
2015-10,1444813200000,1444813200270,1444820400144,SHORT,1.14057,1.14063,-2.4999999999941735,-5.999999999994898,3.5000000000007248
2015-10,1444821300000,1444821301000,1444824900281,SHORT,1.14087,1.14094,-4.500000000007276,-7.0000000000014495,2.4999999999941735
2015-10,1444825800000,1444825800426,1444829400926,LONG,1.14092,1.14343,259.9999999999936,251.00000000000122,8.999999999992355
2015-10,1444830300000,1444830300148,1444833900209,SHORT,1.14258,1.14327,-67.49999999999812,-69.00000000000794,1.5000000000098197
2015-10,1444834800000,1444834800310,1444838400078,SHORT,1.14358,1.14363,-2.9999999999752447,-4.999999999988347,2.0000000000131024
2015-10,1444839300000,1444839300087,1444842900573,SHORT,1.14396,1.14436,-37.49999999997922,-39.999999999995595,2.500000000016378
2015-10,1444843800000,1444843800906,1444847400298,LONG,1.14446,1.14674,231.49999999998448,228.00000000000597,3.499999999978513
2015-10,1444848300000,1444848300589,1444851903026,LONG,1.14721,1.14758,40.49999999999887,36.999999999998145,3.5000000000007248
2015-10,1444852800000,1444852800260,1444856400265,SHORT,1.14852,1.14741,112.50000000000426,110.99999999999443,1.500000000009834
2015-10,1444857300000,1444857300986,1444860901625,LONG,1.1477,1.14804,43.999999999999595,34.000000000000696,9.999999999998899
2015-10,1444861800000,1444861803618,1444865400595,SHORT,1.14747,1.1475,2.0000000000131024,-2.999999999997449,5.000000000010552
2015-10,1444866300000,1444866311348,1444869900974,SHORT,1.14697,1.1468,20.500000000023277,17.000000000000348,3.500000000022929
2015-10,1444870800000,1444870800747,1444874400122,LONG,1.14673,1.14717,48.500000000029075,43.999999999999595,4.50000000002948
2015-10,1444875300000,1444875302145,1444878900894,SHORT,1.14726,1.14892,-163.50000000000531,-165.9999999999995,2.4999999999941735
2015-10,1444879800000,1444879800188,1444883403088,SHORT,1.14857,1.14853,7.0000000000014495,4.000000000004,2.999999999997449
2015-10,1444884300000,1444884301561,1444887902009,SHORT,1.14806,1.14848,-41.000000000002146,-41.99999999998649,0.9999999999843467
2015-10,1444888800000,1444888800106,1444892400219,SHORT,1.14831,1.14805,28.49999999998687,25.999999999992696,2.4999999999941735
2015-10,1444893300000,1444893300106,1444896900383,SHORT,1.14681,1.14401,282.9999999999888,280.0000000000136,2.9999999999752163
2015-10,1444897800000,1444897801569,1444901400271,LONG,1.14388,1.14427,40.49999999999887,38.99999999998904,1.5000000000098268
2015-10,1444902300000,1444902303920,1444905900071,LONG,1.14465,1.14346,-116.49999999998606,-119.00000000000244,2.500000000016385
2015-10,1444906800000,1444906800198,1444910400145,LONG,1.14348,1.14332,-13.499999999999623,-16.000000000016,2.500000000016378
2015-10,1444911300000,1444911300187,1444914900178,SHORT,1.1439,1.13808,583.9999999999845,581.9999999999936,1.999999999990905
2015-10,1444915800000,1444915800244,1444919401488,LONG,1.13827,1.13845,21.00000000000435,18.0000000000069,2.999999999997449
2015-10,1444920300000,1444920300377,1444923900269,SHORT,1.13772,1.14004,-229.5000000000158,-231.99999999998778,2.499999999971976
2015-10,1444924800000,1444924800359,1444928400102,LONG,1.14164,1.14005,-156.00000000000057,-158.99999999999804,2.9999999999974705
2015-10,1444929300000,1444929300118,1444932900365,LONG,1.13928,1.13781,-143.99999999998857,-147.00000000000824,3.000000000019668
2015-10,1444933800000,1444933800897,1444937400526,LONG,1.13845,1.13759,-82.00000000000429,-85.99999999998609,3.999999999981796
2015-10,1444938300000,1444938300015,1444941900165,LONG,1.13747,1.13739,-4.4999999999850715,-8.000000000008,3.500000000022929
2015-10,1444942800000,1444942800137,1444950001573,LONG,1.13861,1.1376,-82.50000000000756,-100.99999999999554,18.499999999987978
2015-10,1444950900000,1444950902140,1444954500314,LONG,1.13746,1.13625,-116.50000000000827,-120.99999999999334,4.499999999985064
2015-10,1444955400000,1444955407275,1444959000295,SHORT,1.13653,1.13679,-22.49999999999197,-25.999999999992696,3.5000000000007248
2015-10,1444959900000,1444959901200,1444963503498,SHORT,1.13667,1.13765,-95.50000000000392,-97.9999999999981,2.4999999999941735
2015-10,1444964400000,1444964401534,1444971600209,SHORT,1.13764,1.13826,-58.499999999983565,-62.000000000006494,3.500000000022929
2015-10,1444972500000,1444972502448,1444976101643,LONG,1.13867,1.13872,8.499999999989072,4.999999999988347,3.5000000000007248
2015-10,1444977000000,1444977000701,1444980600166,SHORT,1.13845,1.13728,119.49999999998352,116.99999999998934,2.4999999999941735
2015-10,1444981500000,1444981500502,1444985100353,LONG,1.13726,1.13576,-146.99999999998602,-149.9999999999835,2.9999999999974705
2015-10,1444986000000,1444986000049,1444989601018,LONG,1.13612,1.13477,-132.50000000000205,-134.99999999999625,2.499999999994202
2015-10,1444990500000,1444990500106,1444994101771,LONG,1.13451,1.13553,104.49999999999626,102.00000000000209,2.4999999999941735
2015-10,1444995000000,1444995000076,1445000401343,LONG,1.13549,1.1359,43.999999999999595,40.99999999997994,3.0000000000196536
2015-10,1445001300000,1445001300544,1445004900717,LONG,1.13628,1.13686,64.0000000000196,58.000000000002494,6.000000000017103
2015-10,1445005800000,1445005800209,1445009400286,LONG,1.13693,1.13632,-58.50000000000577,-60.99999999999994,2.4999999999941735
2015-10,1445010300000,1445010300284,1445013902634,SHORT,1.13571,1.13832,-258.49999999998374,-261.0000000000001,2.500000000016371
2015-10,1445014800000,1445014800094,1445018401311,LONG,1.13814,1.13876,64.50000000000067,62.000000000006494,2.4999999999941735
2015-10,1445019300000,1445019304672,1445022901839,LONG,1.13873,1.13679,-190.00000000000128,-194.0000000000053,4.0000000000040075
2015-10,1445023800000,1445023800980,1445027402917,LONG,1.1362,1.13538,-75.99999999998718,-82.00000000000429,6.00000000001711
2015-10,1445028300000,1445028300166,1445205600269,LONG,1.13527,1.1357,49.49999999999122,42.999999999993044,6.499999999998174
2015-10,1445206500000,1445206504627,1445210113236,SHORT,1.13566,1.13555,21.999999999988695,10.999999999983245,11.00000000000545
2015-10,1445211900000,1445211900634,1445216400977,SHORT,1.13599,1.13706,-103.49999999998971,-106.99999999999044,3.5000000000007248
2015-10,1445217300000,1445217311997,1445220901122,LONG,1.13755,1.13659,-93.00000000003195,-96.00000000000719,2.9999999999752447
2015-10,1445221800000,1445221802597,1445225401185,SHORT,1.13637,1.13574,65.99999999998829,63.000000000013046,2.9999999999752447
2015-10,1445226300000,1445226301070,1445229900819,SHORT,1.13582,1.13641,-56.99999999997374,-58.99999999998684,2.0000000000131024
2015-10,1445231700000,1445231701768,1445235300390,SHORT,1.137,1.13768,-64.99999999998174,-68.00000000000139,3.0000000000196536
2015-10,1445236200000,1445236200132,1445239800133,SHORT,1.1372,1.13532,188.9999999999947,187.99999999998818,1.000000000006537
2015-10,1445240700000,1445240703603,1445245200442,SHORT,1.13457,1.13601,-143.00000000000423,-143.99999999998857,0.9999999999843396
2015-10,1445246100000,1445246100231,1445249701092,LONG,1.13493,1.13203,-287.4999999999961,-289.9999999999903,2.499999999994202
2015-10,1445250600000,1445250600510,1445254200504,LONG,1.1313,1.13272,144.49999999999187,141.99999999999767,2.499999999994202
2015-10,1445255100000,1445255100126,1445258700463,SHORT,1.13259,1.13343,-81.9999999999821,-83.9999999999952,2.0000000000131024
2015-10,1445259600000,1445259600204,1445263200328,SHORT,1.13341,1.13219,124.49999999999406,121.99999999999989,2.4999999999941735
2015-10,1445264100000,1445264100822,1445267700256,SHORT,1.13155,1.132,-42.0000000000087,-44.99999999998394,2.9999999999752447
2015-10,1445268600000,1445268600228,1445274000244,LONG,1.1324,1.13213,-23.500000000020727,-26.999999999999247,3.4999999999785203
2015-10,1445274900000,1445274900160,1445278500000,LONG,1.13245,1.13231,-11.999999999989797,-14.000000000002899,2.0000000000131024
2015-10,1445279400000,1445279400587,1445283000158,LONG,1.13266,1.13226,-38.49999999998577,-39.999999999995595,1.5000000000098268
2015-10,1445283900000,1445283902345,1445287501193,SHORT,1.13244,1.13216,32.49999999999087,27.999999999983594,4.500000000007276
2015-10,1445288400000,1445288400496,1445292000239,SHORT,1.13254,1.13295,-26.49999999999597,-40.99999999997994,14.49999999998397
2015-10,1445292900000,1445292900130,1445296506158,LONG,1.13281,1.13283,7.499999999982521,1.999999999990898,5.499999999991623
2015-10,1445297400000,1445297400166,1445301001024,LONG,1.13279,1.13273,-1.4999999999876223,-5.999999999994898,4.500000000007276
2015-10,1445301900000,1445301904211,1445305500701,LONG,1.13308,1.13381,77.00000000001594,72.99999999998974,4.000000000026205
2015-10,1445306400000,1445306401331,1445310000833,SHORT,1.13326,1.13361,-30.999999999981043,-35.00000000000725,4.000000000026205
2015-10,1445310900000,1445310902042,1445314501053,SHORT,1.13341,1.13343,2.4999999999941735,-1.999999999990898,4.4999999999850715
2015-10,1445315400000,1445315400204,1445319001465,SHORT,1.1335,1.1328,73.50000000001522,69.9999999999923,3.500000000022922
2015-10,1445319900000,1445319900772,1445323501040,LONG,1.13337,1.13303,-31.00000000002545,-34.000000000000696,2.9999999999752447
2015-10,1445324400000,1445324400119,1445328000648,LONG,1.13295,1.13472,179.4999999999991,177.00000000000495,2.499999999994145
2015-10,1445328900000,1445328900267,1445332502640,SHORT,1.13569,1.13555,16.499999999997073,14.000000000002899,2.4999999999941735
2015-10,1445333400000,1445333400246,1445337000626,LONG,1.13623,1.13752,130.50000000001117,129.00000000000134,1.500000000009834
2015-10,1445337900000,1445337900365,1445341500195,LONG,1.13814,1.13777,-34.49999999998177,-36.999999999998145,2.500000000016378
2015-10,1445342400000,1445342400055,1445346000182,LONG,1.13742,1.1365,-90.00000000001229,-92.00000000000318,1.9999999999908908
2015-10,1445346900000,1445346900144,1445350501532,SHORT,1.13661,1.13514,148.99999999999915,146.99999999998602,2.000000000013131
2015-10,1445351400000,1445351400109,1445355002395,SHORT,1.13501,1.13422,81.00000000001995,79.00000000000685,2.0000000000131024
2015-10,1445355900000,1445355900250,1445359500202,LONG,1.13528,1.1351,-16.000000000016,-18.0000000000069,1.999999999990898
2015-10,1445360400000,1445360401202,1445364000326,SHORT,1.13516,1.13443,75.49999999998391,72.99999999998974,2.4999999999941735
2015-10,1445364900000,1445364900242,1445368511402,SHORT,1.13378,1.13409,-29.00000000001235,-31.000000000003247,1.999999999990898
2015-10,1445369400000,1445369400257,1445373000246,SHORT,1.13444,1.1345,-2.999999999997449,-6.000000000017103,3.0000000000196536
2015-10,1445373900000,1445373902621,1445377500785,LONG,1.13473,1.13449,-17.999999999984695,-24.000000000001798,6.000000000017103
2015-10,1445378400000,1445378400974,1445382002886,LONG,1.13469,1.13525,63.000000000013046,56.000000000011596,7.0000000000014495
2015-10,1445382900000,1445382922246,1445386500430,LONG,1.13507,1.13557,53.50000000001742,49.99999999999449,3.500000000022929
2015-10,1445387400000,1445387401504,1445391007107,LONG,1.13551,1.13607,58.99999999998684,55.99999999998939,2.999999999997449
2015-10,1445391900000,1445391900108,1445395502179,SHORT,1.13621,1.1357,52.49999999998867,51.000000000001044,1.4999999999876223
2015-10,1445397300000,1445397300447,1445400900500,LONG,1.1363,1.13606,-21.999999999988695,-24.000000000001798,2.0000000000131024
2015-10,1445401800000,1445401802969,1445405400295,SHORT,1.13586,1.1359,0.5000000000032756,-3.999999999981796,4.4999999999850715
2015-10,1445406300000,1445406302476,1445409902585,LONG,1.13534,1.13556,25.00000000000835,21.999999999988695,3.0000000000196536
2015-10,1445410800000,1445410800442,1445414400400,LONG,1.13481,1.13714,235.00000000000742,232.99999999999432,2.0000000000131024
2015-10,1445415300000,1445415300294,1445418901048,SHORT,1.13695,1.13494,202.49999999999434,200.99999999998454,1.5000000000098055
2015-10,1445419800000,1445419800164,1445423400093,LONG,1.13455,1.13522,68.99999999998573,66.99999999999484,1.9999999999908908
2015-10,1445424300000,1445424300305,1445427900604,LONG,1.13549,1.1357,22.999999999995246,20.999999999982144,2.0000000000131024
2015-10,1445428800000,1445428800140,1445432400421,SHORT,1.13546,1.13544,4.000000000004,1.999999999990898,2.0000000000131024
2015-10,1445433300000,1445433300176,1445436900280,SHORT,1.13478,1.13451,28.999999999990145,26.999999999999247,1.999999999990898
2015-10,1445437800000,1445437800221,1445441400117,LONG,1.13436,1.13502,67.49999999999812,65.99999999998829,1.500000000009834
2015-10,1445442300000,1445442300359,1445445901560,LONG,1.13441,1.13424,-15.00000000000945,-17.000000000000348,1.999999999990898
2015-10,1445446800000,1445446800487,1445450400169,SHORT,1.13459,1.13399,61.499999999981014,59.99999999999339,1.4999999999876223
2015-10,1445451300000,1445451301058,1445454900751,LONG,1.13425,1.13419,-4.500000000007276,-5.999999999994898,1.4999999999876223
2015-10,1445455800000,1445455801317,1445459400285,LONG,1.13422,1.13401,-18.0000000000069,-21.00000000000435,2.999999999997449
2015-10,1445460300000,1445460300081,1445463900419,SHORT,1.13397,1.13376,28.49999999998687,20.999999999982144,7.500000000004725
2015-10,1445464800000,1445464800167,1445468402196,LONG,1.13381,1.13411,35.00000000000725,29.999999999996696,5.000000000010552
2015-10,1445469300000,1445469320723,1445472900340,LONG,1.13415,1.13418,7.0000000000014495,2.999999999997449,4.000000000004
2015-10,1445473800000,1445473801512,1445477400477,SHORT,1.13421,1.13417,8.000000000008,4.000000000004,4.000000000004
2015-10,1445478300000,1445478301467,1445481901084,SHORT,1.13474,1.13441,36.0000000000138,33.00000000001635,2.999999999997449
2015-10,1445482800000,1445482800029,1445486420849,LONG,1.13455,1.13477,24.500000000005073,22.0000000000109,2.4999999999941735
2015-10,1445487300000,1445487338818,1445490901398,SHORT,1.13459,1.13364,98.50000000000136,95.00000000000064,3.5000000000007248
2015-10,1445491800000,1445491800294,1445495400734,SHORT,1.13326,1.13376,-47.50000000000032,-50.0000000000167,2.500000000016378
2015-10,1445496300000,1445496300076,1445499900428,SHORT,1.13324,1.13152,173.499999999982,171.99999999999437,1.4999999999876366
2015-10,1445500800000,1445500800450,1445504400373,LONG,1.13134,1.1313,-0.5000000000254801,-4.000000000004,3.4999999999785203
2015-10,1445505300000,1445505300723,1445508900366,SHORT,1.1315,1.13165,-11.500000000008725,-15.00000000000945,3.5000000000007248
2015-10,1445509800000,1445509800668,1445513400232,SHORT,1.13212,1.1318,34.000000000000696,32.0000000000098,1.999999999990898
2015-10,1445514300000,1445514300066,1445517900334,LONG,1.1319,1.12284,-892.5000000000072,-905.9999999999845,13.499999999977376
2015-10,1445518800000,1445518800015,1445522400224,LONG,1.1197,1.11579,-383.0,-390.9999999999858,7.999999999985789
2015-10,1445523300000,1445523300422,1445526900219,LONG,1.11727,1.11635,-89.49999999998681,-92.00000000000318,2.500000000016371
2015-10,1445527800000,1445527800032,1445533200285,LONG,1.11563,1.11364,-197.4999999999838,-198.99999999999363,1.500000000009834
2015-10,1445534100000,1445534102491,1445537700556,SHORT,1.11317,1.11198,121.99999999999989,119.00000000000244,2.999999999997442
2015-10,1445538600000,1445538600423,1445542201440,LONG,1.11209,1.11167,-39.999999999995595,-42.0000000000087,2.0000000000131024
2015-10,1445543100000,1445543100160,1445546701922,SHORT,1.11114,1.11076,39.999999999995595,38.0000000000047,1.999999999990898
2015-10,1445547600000,1445547600322,1445551200494,SHORT,1.11083,1.11067,21.999999999988695,15.999999999993797,5.999999999994898
2015-10,1445552100000,1445552100523,1445555701720,LONG,1.10994,1.1102,33.00000000001635,26.0000000000149,7.0000000000014495
2015-10,1445556600000,1445556600410,1445560200142,LONG,1.10799,1.10876,80.99999999999774,76.99999999999375,4.000000000003993
2015-10,1445561100000,1445561100194,1445564700657,LONG,1.10947,1.1103,87.49999999999591,83.00000000001084,4.499999999985064
2015-10,1445565600000,1445565602088,1445569200746,LONG,1.11047,1.11162,118.49999999999916,114.99999999999844,3.5000000000007248
2015-10,1445570100000,1445570100465,1445573707857,LONG,1.11169,1.11178,10.500000000002174,8.999999999992347,1.5000000000098268
2015-10,1445574600000,1445574601652,1445578246247,LONG,1.11157,1.11107,-46.999999999997044,-49.99999999999449,2.999999999997449
2015-10,1445579100000,1445579100658,1445582700313,LONG,1.11109,1.11178,72.0000000000054,69.00000000000794,2.9999999999974563
2015-10,1445583600000,1445583600032,1445587200433,SHORT,1.11131,1.1105,87.00000000001484,80.99999999999774,6.000000000017096
2015-10,1445588100000,1445588100518,1445591700393,LONG,1.11191,1.11392,203.49999999997868,201.00000000000674,2.4999999999719478
2015-10,1445592600000,1445592600750,1445596200348,LONG,1.11305,1.11141,-161.00000000001114,-164.00000000000858,2.999999999997442
2015-10,1445597100000,1445597101172,1445600700373,LONG,1.10999,1.10993,-1.9999999999686935,-5.999999999994898,4.000000000026205
2015-10,1445601600000,1445601600245,1445605201136,SHORT,1.10948,1.1047,480.50000000001705,478.0000000000006,2.5000000000164277
2015-10,1445606100000,1445606100796,1445609700779,SHORT,1.10408,1.10246,164.00000000000858,161.99999999999548,2.0000000000131024
2015-10,1445610600000,1445610600472,1445614200004,SHORT,1.10345,1.10139,207.5000000000049,205.99999999999508,1.5000000000098055
2015-10,1445615100000,1445615100848,1445618700107,SHORT,1.10186,1.10139,50.99999999997884,46.999999999997044,3.999999999981796
2015-10,1445619600000,1445619600779,1445623200475,LONG,1.10158,1.09994,-161.4999999999922,-164.00000000000858,2.500000000016371
2015-10,1445624100000,1445624100601,1445627700324,LONG,1.10049,1.10074,26.500000000018176,25.00000000000835,1.5000000000098268
2015-10,1445628600000,1445628600466,1445632200120,LONG,1.10002,1.10124,123.49999999998751,121.99999999999989,1.4999999999876223
2015-10,1445633100000,1445633100907,1445806801083,LONG,1.10118,1.1002,-73.99999999999629,-97.9999999999981,24.000000000001805
2015-10,1445807700000,1445807700224,1445811300561,LONG,1.10065,1.10136,84.49999999999847,70.99999999999883,13.49999999999963
2015-10,1445812200000,1445812200644,1445815800120,LONG,1.10106,1.10217,116.50000000000827,111.00000000001664,5.49999999999163
2015-10,1445816700000,1445816724930,1445820300069,LONG,1.10212,1.10226,19.999999999997797,14.000000000002899,5.999999999994898
2015-10,1445821200000,1445821200148,1445824801032,SHORT,1.10208,1.10253,-41.000000000002146,-45.000000000006146,4.000000000004
2015-10,1445825700000,1445825700746,1445829303709,SHORT,1.10327,1.10372,-41.49999999998322,-45.000000000006146,3.500000000022929
2015-10,1445830200000,1445830201009,1445833800581,LONG,1.1039,1.10388,0.5000000000032756,-2.0000000000131024,2.500000000016378
2015-10,1445834700000,1445834707508,1445838301468,SHORT,1.1037,1.10377,-3.999999999981796,-7.0000000000014495,3.0000000000196536
2015-10,1445839200000,1445839200632,1445842800051,SHORT,1.10377,1.10317,62.99999999996864,59.99999999999339,2.9999999999752447
2015-10,1445843700000,1445843710990,1445847300189,LONG,1.1038,1.10493,115.50000000002392,113.00000000000753,2.500000000016385
2015-10,1445848200000,1445848200295,1445853600237,SHORT,1.1049,1.10247,246.00000000001288,242.99999999999324,3.0000000000196394
2015-10,1445854500000,1445854501296,1445858100814,SHORT,1.10266,1.10287,-18.500000000010175,-21.00000000000435,2.4999999999941735
2015-10,1445859000000,1445859000121,1445862600650,LONG,1.10277,1.10198,-76.99999999999375,-79.00000000000685,2.0000000000131024
2015-10,1445863500000,1445863500294,1445867100170,LONG,1.10191,1.10207,19.000000000035655,16.000000000016,3.0000000000196536
2015-10,1445868000000,1445868000796,1445871600439,SHORT,1.10363,1.10379,-14.000000000002899,-15.999999999993797,1.999999999990898
2015-10,1445872500000,1445872500225,1445876101316,SHORT,1.10467,1.10548,-79.00000000000685,-80.99999999999774,1.9999999999908908
2015-10,1445877000000,1445877000967,1445880602119,LONG,1.10475,1.10503,31.500000000006523,28.000000000005798,3.5000000000007248
2015-10,1445881500000,1445881500478,1445885101306,SHORT,1.10512,1.10453,62.000000000006494,59.000000000009045,2.999999999997449
2015-10,1445886000000,1445886000006,1445889600079,SHORT,1.10449,1.10509,-58.99999999998684,-59.99999999999339,1.0000000000065512
2015-10,1445890500000,1445890501139,1445896800199,SHORT,1.10552,1.10532,24.500000000005073,19.999999999997797,4.500000000007276
2015-10,1445897700000,1445897700476,1445901300340,SHORT,1.10527,1.10569,-36.0000000000138,-42.0000000000087,5.999999999994898
2015-10,1445904000000,1445904000295,1445907601210,SHORT,1.10589,1.10492,99.50000000000792,97.00000000001374,2.4999999999941735
2015-10,1445908500000,1445908500087,1445912100085,SHORT,1.10522,1.10552,-26.999999999999247,-29.999999999996696,2.999999999997449
2015-10,1445913000000,1445913000540,1445916600482,LONG,1.10593,1.10621,30.49999999999997,27.999999999983594,2.500000000016378
2015-10,1445917500000,1445917501767,1445925600198,SHORT,1.10659,1.10644,17.000000000000348,14.999999999987246,2.0000000000131024
2015-10,1445926500000,1445926503603,1445930104055,SHORT,1.10605,1.10625,-15.999999999993797,-19.999999999997797,4.000000000004
2015-10,1445931000000,1445931000283,1445934600497,LONG,1.10621,1.10479,-140.49999999998786,-141.99999999999767,1.5000000000098055
2015-10,1445935500000,1445935501078,1445939100095,LONG,1.10519,1.10482,-35.00000000000725,-36.999999999998145,1.999999999990898
2015-10,1445940000000,1445940000330,1445943600969,SHORT,1.10443,1.10561,-115.99999999998278,-117.99999999999588,2.0000000000131024
2015-10,1445944500000,1445944501596,1445948100165,LONG,1.10546,1.10602,58.000000000002494,55.99999999998939,2.0000000000131024
2015-10,1445949000000,1445949000521,1445952600874,LONG,1.10733,1.10543,-184.49999999998744,-190.00000000000128,5.500000000013841
2015-10,1445953500000,1445953500374,1445957102003,SHORT,1.1049,1.10371,121.00000000001555,119.00000000000244,2.0000000000131024
2015-10,1445958000000,1445958000376,1445961600267,LONG,1.10448,1.10513,66.50000000001377,65.00000000000395,1.5000000000098197
2015-10,1445962500000,1445962500515,1445966100930,SHORT,1.10527,1.10354,175.99999999999838,173.00000000000094,2.999999999997442
2015-10,1445967000000,1445967000042,1445970600081,SHORT,1.1042,1.10429,-6.500000000020378,-8.999999999992347,2.499999999971969
2015-10,1445971500000,1445971503352,1445975100108,LONG,1.10409,1.10367,-40.500000000021075,-42.0000000000087,1.4999999999876223
2015-10,1445976000000,1445976000624,1445979600147,LONG,1.10425,1.10509,89.50000000000901,83.9999999999952,5.500000000013813
2015-10,1445980500000,1445980500746,1445984101820,SHORT,1.10439,1.1046,-14.500000000028379,-21.00000000000435,6.4999999999759694
2015-10,1445985000000,1445985000044,1445988600562,LONG,1.10468,1.10374,-88.50000000002467,-94.00000000001629,5.499999999991616
2015-10,1445989500000,1445989500319,1445993100044,LONG,1.10328,1.10371,46.499999999971564,42.999999999993044,3.4999999999785203
2015-10,1445994000000,1445994001023,1445997600475,LONG,1.10317,1.10304,-10.500000000002174,-12.999999999996348,2.4999999999941735
2015-10,1445998500000,1445998501723,1446002117680,SHORT,1.10302,1.10363,-58.000000000002494,-61.00000000002215,3.0000000000196536
2015-10,1446003000000,1446003001484,1446006617390,LONG,1.10372,1.10366,-4.4999999999850715,-5.999999999994898,1.5000000000098268
2015-10,1446007500000,1446007505309,1446011100486,LONG,1.10338,1.10286,-49.00000000001015,-52.000000000007596,2.999999999997449
2015-10,1446016500000,1446016500656,1446020101192,SHORT,1.10476,1.10457,21.00000000000435,18.999999999991246,2.0000000000131024
2015-10,1446021000000,1446021001561,1446024600244,LONG,1.10441,1.10465,28.000000000005798,24.000000000001798,4.000000000004
2015-10,1446025500000,1446025500465,1446029100179,SHORT,1.10568,1.10616,-46.49999999999377,-48.000000000003595,1.5000000000098268
2015-10,1446030000000,1446030000243,1446033600155,SHORT,1.10647,1.10687,-37.49999999997922,-39.999999999995595,2.500000000016378
2015-10,1446034500000,1446034500420,1446038100346,SHORT,1.10617,1.10852,-232.49999999999105,-234.99999999998522,2.4999999999941735
2015-10,1446039000000,1446039001400,1446042601314,LONG,1.10764,1.10592,-170.50000000000676,-171.99999999999437,1.4999999999876081
2015-10,1446043500000,1446043500011,1446047100947,SHORT,1.10642,1.10835,-191.49999999998892,-192.99999999999872,1.5000000000098055
2015-10,1446048000000,1446048000670,1446051600836,LONG,1.1064,1.10707,68.99999999998573,66.99999999999484,1.9999999999908908
2015-10,1446052500000,1446052500129,1446056100101,LONG,1.10732,1.0953,-1200.0000000000232,-1202.000000000014,1.999999999990905
2015-10,1446057000000,1446057000226,1446060600689,SHORT,1.09347,1.09159,190.50000000000455,187.99999999998818,2.500000000016371
2015-10,1446061500000,1446061509851,1446065105560,LONG,1.09111,1.09187,79.99999999999119,75.99999999998718,4.0000000000040075
2015-10,1446066000000,1446066000230,1446069600583,SHORT,1.09221,1.09273,-42.50000000001197,-52.000000000007596,9.499999999995623
2015-10,1446070500000,1446070502803,1446074100876,SHORT,1.09245,1.09264,-10.500000000002174,-19.00000000001345,8.500000000011276
2015-10,1446075000000,1446075000613,1446078600369,LONG,1.09228,1.09216,-7.500000000004725,-11.999999999989797,4.4999999999850715
2015-10,1446079500000,1446079503710,1446083100168,LONG,1.0918,1.09184,6.999999999979245,3.999999999981796,2.999999999997449
2015-10,1446084000000,1446084000196,1446087600816,LONG,1.09182,1.09316,135.9999999999806,133.99999999998968,1.999999999990905
2015-10,1446088500000,1446088501312,1446092100893,SHORT,1.09276,1.09259,19.00000000001345,17.000000000000348,2.0000000000131024
2015-10,1446093000000,1446093000756,1446096600153,LONG,1.09283,1.09329,47.499999999978115,46.0000000000127,1.4999999999654179
2015-10,1446097500000,1446097500165,1446101104723,LONG,1.09336,1.09431,96.49999999998826,94.99999999997843,1.500000000009834
2015-10,1446102000000,1446102000181,1446105600174,SHORT,1.09367,1.09262,107.49999999999372,104.99999999999955,2.4999999999941735
2015-10,1446106500000,1446106500001,1446110100014,SHORT,1.09257,1.09566,-306.00000000000625,-309.0000000000037,2.999999999997442
2015-10,1446111000000,1446111000075,1446114600553,LONG,1.0957,1.09692,123.50000000000972,121.99999999999989,1.500000000009834
2015-10,1446115500000,1446115500256,1446119100102,LONG,1.0961,1.0968,71.50000000000212,69.9999999999923,1.5000000000098197
2015-10,1446120000000,1446120000171,1446123600351,SHORT,1.09611,1.09359,255.99999999998957,251.99999999998556,4.0000000000040075
2015-10,1446124500000,1446124500407,1446128100014,SHORT,1.09301,1.09602,-298.9999999999826,-300.99999999999574,2.000000000013131
2015-10,1446129000000,1446129000407,1446132600145,LONG,1.0973,1.09719,-7.499999999982521,-10.999999999983245,3.5000000000007248
2015-10,1446133500000,1446133500063,1446137100829,SHORT,1.09707,1.09592,117.49999999999261,114.99999999999844,2.4999999999941735
2015-10,1446138000000,1446138000156,1446141600085,SHORT,1.09619,1.09674,-50.49999999999777,-55.000000000005045,4.500000000007276
2015-10,1446142500000,1446142500236,1446146103703,LONG,1.09666,1.09765,101.00000000001774,99.00000000000463,2.0000000000131024
2015-10,1446147000000,1446147000391,1446150600274,LONG,1.09808,1.09748,-54.99999999998284,-59.99999999999339,5.000000000010552
2015-10,1446151500000,1446151500230,1446155100114,LONG,1.09765,1.09836,77.49999999999702,70.99999999999883,6.499999999998181
2015-10,1446156000000,1446156000121,1446159600793,SHORT,1.0986,1.09876,-7.999999999985796,-15.999999999993797,8.000000000008
2015-10,1446160500000,1446160500532,1446164101781,SHORT,1.09872,1.09834,43.00000000001525,37.99999999998249,5.000000000032756
2015-10,1446165000000,1446165000447,1446168600294,SHORT,1.09853,1.09813,42.50000000001197,39.999999999995595,2.500000000016378
2015-10,1446169500000,1446169506027,1446173100736,SHORT,1.09818,1.09816,4.500000000007276,1.999999999990898,2.500000000016378
2015-10,1446174000000,1446174000568,1446177600397,LONG,1.09864,1.09687,-173.5000000000042,-177.00000000000495,3.500000000000739
2015-10,1446178500000,1446178500717,1446182101830,SHORT,1.09683,1.09822,-134.99999999999625,-139.00000000000023,4.000000000003979
2015-10,1446183000000,1446183000432,1446186600364,LONG,1.09807,1.09829,23.999999999979593,21.999999999988695,1.999999999990898
2015-10,1446187500000,1446187500115,1446191101083,LONG,1.10033,1.09945,-85.00000000002395,-87.99999999999919,2.9999999999752447
2015-10,1446192000000,1446192000175,1446199200131,LONG,1.09878,1.10059,184.00000000000637,180.99999999998673,3.0000000000196394
2015-10,1446200100000,1446200100333,1446203700135,LONG,1.10017,1.10128,114.0000000000141,110.99999999999443,3.000000000019668
2015-10,1446204600000,1446204600901,1446208200400,LONG,1.10066,1.1018,126.00000000002609,113.99999999999189,12.000000000034206
2015-10,1446209100000,1446209100379,1446212700034,LONG,1.10155,1.10248,98.0000000000203,92.99999999998754,5.000000000032756
2015-10,1446213600000,1446213600265,1446217200281,LONG,1.10475,1.10523,51.000000000001044,48.000000000003595,2.999999999997449
2015-10,1446218100000,1446218100087,1446221700841,LONG,1.10675,1.10327,-345.99999999997965,-347.9999999999928,2.000000000013131
2015-10,1446222600000,1446222600265,1446226204659,SHORT,1.10271,1.10215,58.50000000000577,56.000000000011596,2.4999999999941735
2015-10,1446227100000,1446227100490,1446230700823,LONG,1.10225,1.10094,-127.99999999999478,-130.99999999999224,2.9999999999974563
2015-10,1446231600000,1446231600240,1446235200264,LONG,1.10026,1.09969,-52.99999999999194,-56.99999999999594,4.000000000004
2015-10,1446236100000,1446236100554,1446415200227,LONG,1.09936,1.10354,427.4999999999807,418.0000000000073,9.499999999973397
2015-11,1446416100000,1446416100555,1446419701222,LONG,1.10304,1.10262,-31.999999999987594,-42.0000000000087,10.000000000021103
2015-11,1446420600000,1446420600088,1446426001458,SHORT,1.10213,1.10184,33.500000000019625,29.00000000001235,4.500000000007276
2015-11,1446426900000,1446426900478,1446430508124,SHORT,1.10244,1.10296,-47.50000000000032,-51.99999999998539,4.4999999999850715
2015-11,1446431400000,1446431400167,1446436811320,SHORT,1.10287,1.10314,-22.500000000014175,-26.999999999999247,4.4999999999850715
2015-11,1446437700000,1446437702578,1446441318047,LONG,1.10294,1.10262,-28.500000000031278,-32.0000000000098,3.4999999999785203
2015-11,1446442200000,1446442210560,1446451200393,LONG,1.10258,1.10452,196.49999999997726,194.0000000000053,2.499999999971976
2015-11,1446452100000,1446452100674,1446455700415,LONG,1.10338,1.10292,-42.50000000001197,-46.0000000000127,3.5000000000007248
2015-11,1446456600000,1446456600080,1446460200586,SHORT,1.10298,1.10172,127.4999999999915,126.0000000000039,1.4999999999876081
2015-11,1446461100000,1446461100050,1446464700278,LONG,1.1023,1.10147,-81.00000000001995,-83.00000000001084,1.9999999999908908
2015-11,1446465600000,1446465600679,1446469200131,SHORT,1.1013,1.10347,-215.5000000000129,-217.0000000000005,1.4999999999876081
2015-11,1446470100000,1446470100465,1446473701493,SHORT,1.10326,1.10413,-85.50000000000502,-87.00000000001484,1.5000000000098197
2015-11,1446474600000,1446474600462,1446478200295,LONG,1.10395,1.10378,-14.000000000002899,-17.000000000000348,2.999999999997449
2015-11,1446479100000,1446479100113,1446482703075,LONG,1.10308,1.10258,-48.000000000003595,-50.0000000000167,2.0000000000131024
2015-11,1446488100000,1446488100314,1446491700394,LONG,1.10215,1.1018,-32.500000000013074,-35.00000000000725,2.4999999999941735
2015-11,1446492600000,1446492600592,1446496201605,SHORT,1.10184,1.10088,96.99999999999153,95.999999999985,1.000000000006537
2015-11,1446497100000,1446497105821,1446501600024,SHORT,1.10117,1.10159,-35.00000000000725,-42.0000000000087,7.0000000000014495
2015-11,1446502500000,1446502500206,1446506100856,LONG,1.10121,1.10148,32.49999999999087,26.999999999999247,5.499999999991623
2015-11,1446507000000,1446507001062,1446510601776,LONG,1.1014,1.10133,-4.999999999988347,-7.0000000000014495,2.0000000000131024
2015-11,1446511500000,1446511505097,1446515100510,SHORT,1.10132,1.10108,26.999999999999247,24.000000000001798,2.999999999997449
2015-11,1446516000000,1446516000402,1446519603712,LONG,1.10109,1.10146,40.500000000021075,37.00000000002035,3.5000000000007248
2015-11,1446520500000,1446520500856,1446524100266,LONG,1.10139,1.10182,45.99999999999049,42.999999999993044,2.999999999997449
2015-11,1446525000000,1446525001146,1446528600062,SHORT,1.10153,1.1018,-25.500000000011624,-26.999999999999247,1.4999999999876223
2015-11,1446529500000,1446529509574,1446533100750,SHORT,1.10182,1.10229,-44.50000000000287,-46.999999999997044,2.4999999999941735
2015-11,1446534000000,1446534001738,1446537600122,SHORT,1.10253,1.10223,31.49999999998432,29.999999999996696,1.4999999999876223
2015-11,1446538500000,1446538500502,1446542100072,LONG,1.10175,1.09923,-251.00000000000122,-252.0000000000078,1.0000000000065654
2015-11,1446543000000,1446543001436,1446546600793,SHORT,1.09865,1.09807,59.99999999999339,57.99999999998029,2.0000000000131024
2015-11,1446547500000,1446547500880,1446551100358,LONG,1.09793,1.09816,24.500000000005073,22.999999999995246,1.5000000000098268
2015-11,1446552000000,1446552000399,1446555600148,SHORT,1.09717,1.09786,-66.99999999999484,-69.00000000000794,2.0000000000131024
2015-11,1446556500000,1446556500149,1446560100008,SHORT,1.09762,1.09578,186.99999999998164,184.00000000000637,2.999999999975273
2015-11,1446561000000,1446561000151,1446564600239,LONG,1.0965,1.09476,-171.99999999999437,-174.00000000000747,2.0000000000131024
2015-11,1446565500000,1446565500163,1446569100745,LONG,1.09466,1.09455,-9.999999999998899,-11.00000000000545,1.0000000000065512
2015-11,1446570000000,1446570000233,1446573600121,SHORT,1.09452,1.0959,-135.00000000001845,-138.0000000000159,2.999999999997442
2015-11,1446574500000,1446574500473,1446578104698,LONG,1.09678,1.09505,-171.4999999999911,-173.00000000000094,1.500000000009834
2015-11,1446579000000,1446579000590,1446582601428,LONG,1.09507,1.09642,138.0000000000159,134.99999999999625,3.0000000000196394
2015-11,1446583500000,1446583514516,1446587103736,LONG,1.09661,1.09596,-63.000000000013046,-65.00000000000395,1.999999999990905
2015-11,1446588000000,1446588000290,1446591600133,SHORT,1.0962,1.09627,19.999999999997797,-7.0000000000014495,26.999999999999247
2015-11,1446592500000,1446592500396,1446596100367,SHORT,1.09633,1.09633,6.000000000017103,0.0,6.000000000017103
2015-11,1446597000000,1446597000361,1446602400378,LONG,1.09603,1.0947,-130.99999999999224,-133.00000000000534,2.0000000000131024
2015-11,1446603300000,1446603308596,1446606902544,LONG,1.0948,1.09501,23.499999999998522,21.00000000000435,2.4999999999941735
2015-11,1446607800000,1446607800459,1446616801460,LONG,1.0949,1.09576,87.50000000001812,86.0000000000083,1.5000000000098197
2015-11,1446617700000,1446617700599,1446624000512,LONG,1.09514,1.09398,-114.49999999999517,-116.00000000000499,1.5000000000098197
2015-11,1446624900000,1446624900741,1446628500158,SHORT,1.09303,1.09167,138.49999999999696,136.00000000000279,2.4999999999941735
2015-11,1446629400000,1446629400949,1446634803711,SHORT,1.09257,1.09234,24.999999999986144,22.999999999995246,1.999999999990898
2015-11,1446635700000,1446635700322,1446639300026,SHORT,1.09227,1.0935,-120.49999999996786,-122.99999999998423,2.500000000016371
2015-11,1446640200000,1446640200486,1446643800344,LONG,1.09337,1.09131,-203.49999999997868,-205.99999999999508,2.5000000000163993
2015-11,1446644700000,1446644700062,1446648300556,LONG,1.09077,1.08876,-198.50000000001256,-201.00000000000674,2.4999999999941735
2015-11,1446649200000,1446649200087,1446652800090,LONG,1.08923,1.08588,-326.50000000000733,-334.9999999999964,8.499999999989086
2015-11,1446653700000,1446653700134,1446657303428,LONG,1.08612,1.08638,28.99999999996794,25.999999999992696,2.9999999999752447
2015-11,1446658200000,1446658200757,1446661800800,SHORT,1.08588,1.08487,103.49999999998971,100.99999999999554,2.4999999999941735
2015-11,1446662700000,1446662700177,1446667200651,SHORT,1.08513,1.0858,-64.50000000000067,-67.00000000001705,2.500000000016385
2015-11,1446668100000,1446668100236,1446674400123,SHORT,1.08634,1.0867,-21.500000000007624,-35.999999999991594,14.49999999998397
2015-11,1446675300000,1446675300422,1446678924889,LONG,1.0869,1.08656,-28.000000000005798,-34.000000000000696,5.999999999994898
2015-11,1446679800000,1446679800662,1446683400831,LONG,1.08649,1.08659,12.999999999996348,9.999999999998899,2.999999999997449
2015-11,1446684300000,1446684309766,1446687901074,LONG,1.08623,1.0868,59.50000000001232,56.99999999999594,2.500000000016378
2015-11,1446693300000,1446693301132,1446699600074,SHORT,1.08713,1.08709,6.000000000017103,4.000000000004,2.0000000000131024
2015-11,1446700500000,1446700501830,1446704100090,LONG,1.08696,1.08733,39.00000000001125,36.999999999998145,2.0000000000131024
2015-11,1446705000000,1446705000823,1446708600958,SHORT,1.08639,1.08506,136.00000000000279,133.00000000000534,2.999999999997442
2015-11,1446709500000,1446709500386,1446713100413,SHORT,1.08489,1.08686,-194.49999999998636,-197.00000000000273,2.500000000016371
2015-11,1446714000000,1446714000228,1446717600172,SHORT,1.08834,1.08654,182.99999999999983,180.0000000000024,2.999999999997442
2015-11,1446718500000,1446718500235,1446722100895,SHORT,1.08574,1.08584,-8.500000000011276,-9.999999999998899,1.4999999999876223
2015-11,1446723000000,1446723001241,1446726600115,LONG,1.08608,1.08769,161.99999999999548,161.00000000001114,0.9999999999843396
2015-11,1446727500000,1446727500339,1446731101513,SHORT,1.08754,1.08803,-46.999999999997044,-49.00000000001015,2.0000000000131024
2015-11,1446732000000,1446732000129,1446735600003,LONG,1.08806,1.0869,-113.50000000001081,-116.00000000000499,2.4999999999941735
2015-11,1446736500000,1446736501025,1446742800480,LONG,1.0867,1.08685,16.500000000019277,15.00000000000945,1.5000000000098268
2015-11,1446743700000,1446743700912,1446747300193,LONG,1.08752,1.08688,-61.499999999981014,-63.99999999999739,2.500000000016378
2015-11,1446748200000,1446748200032,1446751800633,LONG,1.08713,1.08841,129.50000000002683,128.000000000017,1.500000000009834
2015-11,1446752700000,1446752700485,1446756300580,SHORT,1.08845,1.08761,87.49999999997371,83.9999999999952,3.499999999978513
2015-11,1446757200000,1446757200294,1446760800203,SHORT,1.08764,1.08842,-70.49999999999557,-78.00000000000028,7.500000000004718
2015-11,1446761700000,1446761703628,1446765300245,LONG,1.08819,1.08811,-3.0000000000196536,-8.000000000008,4.999999999988347
2015-11,1446768000000,1446768000839,1446771601362,SHORT,1.08834,1.08812,26.0000000000149,22.0000000000109,4.000000000004
2015-11,1446772500000,1446772501064,1446776100618,LONG,1.0886,1.08875,18.000000000029104,15.00000000000945,3.0000000000196536
2015-11,1446777000000,1446777001545,1446780613827,SHORT,1.08897,1.08869,31.500000000006523,28.000000000005798,3.5000000000007248
2015-11,1446781500000,1446781503879,1446785100439,LONG,1.08859,1.0882,-35.49999999998832,-38.99999999998904,3.5000000000007248
2015-11,1446786000000,1446786001734,1446789600016,SHORT,1.08829,1.0882,10.500000000002174,8.999999999992347,1.5000000000098268
2015-11,1446790500000,1446790500429,1446794102868,SHORT,1.08792,1.08722,72.49999999998647,69.9999999999923,2.4999999999941735
2015-11,1446795000000,1446795000542,1446798600352,SHORT,1.08735,1.08804,-67.50000000002032,-68.99999999998573,1.4999999999654108
2015-11,1446799500000,1446799500070,1446803100468,LONG,1.08756,1.08685,-68.00000000000139,-70.99999999999883,2.999999999997442
2015-11,1446804000000,1446804000036,1446807600028,LONG,1.08655,1.08738,85.50000000000502,83.00000000001084,2.4999999999941735
2015-11,1446808500000,1446808501203,1446812100735,LONG,1.08793,1.08797,5.500000000013827,4.000000000004,1.5000000000098268
2015-11,1446813000000,1446813000458,1446816600138,LONG,1.08779,1.0835,-349.5000000000026,-429.00000000001273,79.50000000001012
2015-11,1446817500000,1446817500085,1446821100340,LONG,1.07385,1.07298,-85.00000000002395,-86.99999999999264,1.9999999999686935
2015-11,1446822000000,1446822000150,1446825600182,LONG,1.07358,1.07412,55.99999999998939,53.999999999998494,1.999999999990898
2015-11,1446826500000,1446826500217,1446830101825,LONG,1.0743,1.07374,-54.0000000000207,-56.000000000011596,1.999999999990898
2015-11,1446831000000,1446831001326,1446834602861,LONG,1.07341,1.07305,-31.999999999987594,-35.999999999991594,4.000000000004
2015-11,1446835500000,1446835500024,1446839100815,LONG,1.07359,1.07443,87.99999999999919,83.9999999999952,4.000000000003993
2015-11,1446840000000,1446840000099,1446843600165,LONG,1.07459,1.07436,-18.999999999991246,-22.999999999995246,4.000000000004
2015-11,1446844500000,1446844501603,1447020004760,SHORT,1.07411,1.07324,109.50000000000682,86.99999999999264,22.500000000014182
2015-11,1447020900000,1447020900332,1447027200251,SHORT,1.07352,1.07298,65.49999999998502,53.999999999998494,11.499999999986528
2015-11,1447028100000,1447028102057,1447031700267,LONG,1.07379,1.0739,14.500000000006175,11.00000000000545,3.5000000000007248
2015-11,1447032600000,1447032604170,1447036200236,LONG,1.07384,1.07484,104.00000000001519,100.0000000000112,4.000000000003993
2015-11,1447037100000,1447037100183,1447040701151,LONG,1.07605,1.07614,12.500000000015277,9.000000000014552,3.5000000000007248
2015-11,1447041600000,1447041600970,1447045200058,SHORT,1.07661,1.07688,-23.00000000001745,-26.999999999999247,3.999999999981796
2015-11,1447046100000,1447046100616,1447052400088,LONG,1.07686,1.0769,8.500000000011276,4.000000000004,4.500000000007276
2015-11,1447053300000,1447053300161,1447056900092,SHORT,1.07568,1.07692,-121.00000000001555,-124.00000000001299,2.999999999997442
2015-11,1447057800000,1447057800199,1447061400185,SHORT,1.077,1.07704,-0.5000000000254801,-4.000000000004,3.4999999999785203
2015-11,1447062300000,1447062300097,1447065900008,SHORT,1.07708,1.07858,-147.99999999999258,-150.00000000000568,2.0000000000131024
2015-11,1447066800000,1447066800679,1447070400462,SHORT,1.0777,1.07799,-27.500000000024727,-28.999999999990145,1.4999999999654179
2015-11,1447071300000,1447071300040,1447074900096,LONG,1.07859,1.07757,-100.50000000001447,-102.00000000000209,1.4999999999876223
2015-11,1447075800000,1447075800174,1447079400486,SHORT,1.07616,1.07295,323.4999999999655,320.9999999999935,2.499999999971976
2015-11,1447080300000,1447080300158,1447083900459,SHORT,1.07378,1.07522,-140.000000000029,-144.0000000000108,3.99999999998181
2015-11,1447084800000,1447084800205,1447092000073,LONG,1.07463,1.07574,113.4999999999886,110.99999999999443,2.4999999999941735
2015-11,1447092900000,1447092901175,1447096500567,SHORT,1.07624,1.07593,33.49999999999742,31.000000000003247,2.4999999999941735
2015-11,1447097400000,1447097400151,1447102800011,LONG,1.07599,1.07561,-34.000000000000696,-38.0000000000047,4.000000000004
2015-11,1447103700000,1447103702159,1447107317877,SHORT,1.07538,1.07513,32.000000000032,25.00000000000835,7.000000000023654
2015-11,1447108200000,1447108200080,1447113601862,SHORT,1.07504,1.07603,-89.99999999999008,-99.00000000000463,9.000000000014552
2015-11,1447114500000,1447114500391,1447118100559,LONG,1.07538,1.07566,29.999999999996696,28.000000000005798,1.999999999990898
2015-11,1447119000000,1447119003762,1447122602541,SHORT,1.07546,1.07514,35.999999999991594,32.0000000000098,3.999999999981796
2015-11,1447123500000,1447123502136,1447127100539,LONG,1.07542,1.07485,-52.99999999999194,-56.99999999999594,4.000000000004
2015-11,1447128000000,1447128013031,1447131600086,SHORT,1.07495,1.07437,60.49999999997446,58.000000000002494,2.499999999971969
2015-11,1447132500000,1447132500204,1447136100094,SHORT,1.07416,1.07477,-59.499999999990116,-60.99999999999994,1.5000000000098268
2015-11,1447137000000,1447137000218,1447140600494,LONG,1.07457,1.07531,76.0000000000094,73.99999999999629,2.0000000000131024
2015-11,1447141500000,1447141500182,1447145102170,LONG,1.07563,1.07496,-64.50000000002288,-67.00000000001705,2.4999999999941735
2015-11,1447146000000,1447146000933,1447149600016,LONG,1.07485,1.07365,-113.99999999999189,-120.00000000000898,6.000000000017096
2015-11,1447150500000,1447150500103,1447154100236,SHORT,1.07428,1.07366,66.00000000001049,61.99999999998429,4.000000000026198
2015-11,1447155000000,1447155000380,1447158600078,LONG,1.07336,1.07292,-41.50000000000542,-43.999999999999595,2.4999999999941735
2015-11,1447159500000,1447159500267,1447164000211,SHORT,1.07319,1.06958,362.4999999999989,361.0000000000113,1.4999999999876081
2015-11,1447164900000,1447164900481,1447168500514,LONG,1.06939,1.06915,-22.49999999999197,-24.000000000001798,1.5000000000098268
2015-11,1447169400000,1447169400464,1447173001115,LONG,1.07058,1.06897,-157.99999999999147,-161.00000000001114,3.000000000019668
2015-11,1447173900000,1447173900349,1447177500172,SHORT,1.06939,1.06944,-2.9999999999752447,-4.999999999988347,2.0000000000131024
2015-11,1447178400000,1447178400221,1447182000285,SHORT,1.07045,1.07184,-137.00000000000932,-139.00000000000023,1.999999999990905
2015-11,1447182900000,1447182912068,1447186500406,LONG,1.07105,1.07112,8.999999999992347,7.0000000000014495,1.999999999990898
2015-11,1447187400000,1447187401329,1447191000254,LONG,1.07153,1.0724,90.99999999999665,86.99999999999264,4.0000000000040075
2015-11,1447191900000,1447191901347,1447195513521,LONG,1.07304,1.0724,-58.50000000000577,-63.99999999999739,5.499999999991623
2015-11,1447208100000,1447208100072,1447211702591,LONG,1.07535,1.07532,0.49999999998107114,-2.999999999997449,3.4999999999785203
2015-11,1447212600000,1447212600373,1447216201520,SHORT,1.07608,1.07609,1.999999999990898,-1.0000000000065512,2.999999999997449
2015-11,1447217100000,1447217101611,1447220700365,SHORT,1.07576,1.07576,2.0000000000131024,0.0,2.0000000000131024
2015-11,1447221600000,1447221600350,1447225200769,LONG,1.0759,1.0742,-167.00000000002825,-170.00000000000347,2.9999999999752163
2015-11,1447226100000,1447226100703,1447229700444,LONG,1.07368,1.0749,125.50000000000061,121.99999999999989,3.5000000000007248
2015-11,1447230600000,1447230600262,1447234200340,LONG,1.07485,1.07406,-77.00000000001594,-79.00000000000685,1.999999999990905
2015-11,1447235100000,1447235100061,1447238706292,SHORT,1.07569,1.0742,151.50000000001552,148.99999999999915,2.500000000016371
2015-11,1447239600000,1447239601121,1447243201770,LONG,1.07392,1.07168,-221.00000000002672,-224.000000000002,2.999999999975273
2015-11,1447244100000,1447244100245,1447247700061,LONG,1.07172,1.07154,-15.999999999993797,-18.0000000000069,2.0000000000131024
2015-11,1447248600000,1447248601114,1447252200344,LONG,1.07274,1.07448,175.4999999999951,174.00000000000747,1.4999999999876366
2015-11,1447253100000,1447253100793,1447256700058,LONG,1.07423,1.07344,-76.0000000000094,-79.00000000000685,2.9999999999974563
2015-11,1447257600000,1447257600092,1447261200205,SHORT,1.07283,1.0734,-53.999999999998494,-56.99999999999594,2.999999999997449
2015-11,1447262100000,1447262101772,1447265702966,SHORT,1.07349,1.07276,76.0000000000094,73.00000000001194,2.9999999999974563
2015-11,1447266600000,1447266600455,1447270200210,LONG,1.07355,1.07419,67.00000000001705,63.99999999999739,3.0000000000196607
2015-11,1447271100000,1447271102140,1447274702530,LONG,1.07441,1.07394,-42.999999999993044,-47.00000000001925,4.000000000026205
2015-11,1447275600000,1447275600071,1447279200159,LONG,1.07429,1.07415,-1.0000000000065512,-14.000000000002899,12.999999999996348
2015-11,1447280100000,1447280100137,1447283700117,LONG,1.07465,1.07648,186.50000000000057,182.99999999999983,3.500000000000739
2015-11,1447284600000,1447284600820,1447290000374,SHORT,1.07628,1.07668,-38.0000000000047,-40.0000000000178,2.0000000000131024
2015-11,1447290900000,1447290900164,1447294501930,LONG,1.07684,1.07745,64.50000000000067,60.99999999999994,3.5000000000007248
2015-11,1447295400000,1447295400353,1447299001982,LONG,1.077,1.07638,-57.49999999999922,-62.000000000006494,4.500000000007276
2015-11,1447299900000,1447299900492,1447304400032,LONG,1.0763,1.07607,-21.00000000000435,-22.999999999995246,1.999999999990898
2015-11,1447305300000,1447305300894,1447308900048,SHORT,1.07524,1.07562,-36.49999999999487,-38.0000000000047,1.5000000000098268
2015-11,1447309800000,1447309800306,1447313400465,SHORT,1.07577,1.07482,98.49999999997917,94.99999999997843,3.500000000000739
2015-11,1447314300000,1447314300030,1447317900004,LONG,1.07468,1.07043,-422.4999999999923,-425.0000000000087,2.500000000016371
2015-11,1447326900000,1447326902203,1447330500500,SHORT,1.07194,1.07198,-1.5000000000098268,-4.000000000004,2.4999999999941735
2015-11,1447331400000,1447331400332,1447335000209,SHORT,1.07216,1.0724,-5.999999999994898,-24.000000000001798,18.0000000000069
2015-11,1447335900000,1447335900044,1447339500161,LONG,1.07336,1.0786,525.5000000000009,523.9999999999911,1.500000000009777
2015-11,1447340400000,1447340400385,1447344000183,SHORT,1.078,1.07544,259.0000000000092,256.00000000001177,2.999999999997442
2015-11,1447344900000,1447344900506,1447348500193,SHORT,1.07543,1.07806,-259.99999999997135,-262.999999999991,3.000000000019668
2015-11,1447349400000,1447349400328,1447353000031,LONG,1.08015,1.07703,-309.0000000000259,-312.00000000000114,2.9999999999752163
2015-11,1447353900000,1447353901465,1447357501275,LONG,1.07746,1.0782,77.00000000001594,73.99999999999629,3.0000000000196536
2015-11,1447358400000,1447358400323,1447362000188,SHORT,1.07919,1.081,-176.99999999998272,-180.99999999998673,4.0000000000040075
2015-11,1447362900000,1447362900698,1447366502687,LONG,1.08166,1.08123,-36.500000000017074,-43.00000000001525,6.499999999998174
2015-11,1447367400000,1447367400262,1447371000739,SHORT,1.08082,1.08056,35.49999999998832,25.999999999992696,9.499999999995623
2015-11,1447371900000,1447371903331,1447375500003,LONG,1.08098,1.08057,-38.0000000000269,-41.000000000002146,2.9999999999752447
2015-11,1447376400000,1447376400208,1447380000084,SHORT,1.08042,1.07877,168.50000000001586,164.99999999999292,3.5000000000229363
2015-11,1447380900000,1447380900732,1447384500858,LONG,1.07917,1.0787,-45.000000000006146,-46.999999999997044,1.999999999990898
2015-11,1447385400000,1447385400116,1447389004899,LONG,1.07897,1.07935,41.99999999998649,38.0000000000047,3.999999999981796
2015-11,1447389900000,1447389900341,1447393502110,LONG,1.0793,1.07872,-55.000000000005045,-58.000000000002494,2.999999999997449
2015-11,1447394400000,1447394400005,1447398000035,LONG,1.07867,1.0785,-12.500000000015277,-17.000000000000348,4.4999999999850715
2015-11,1447398900000,1447398900394,1447402500416,SHORT,1.07814,1.07727,90.00000000001229,87.00000000001484,2.9999999999974563
2015-11,1447403400000,1447403401210,1447407000509,LONG,1.07711,1.07533,-174.50000000001074,-178.00000000001148,3.500000000000739
2015-11,1447407900000,1447407900124,1447411500400,LONG,1.07549,1.07711,164.99999999999292,161.99999999999548,2.999999999997442
2015-11,1447412400000,1447412400288,1447416000148,LONG,1.07735,1.07899,165.4999999999962,163.9999999999864,1.5000000000098055
2015-11,1447416900000,1447416901304,1447420500534,SHORT,1.07881,1.07646,236.49999999999505,235.00000000000742,1.4999999999876366
2015-11,1447421400000,1447421400239,1447425000723,LONG,1.07542,1.07408,-130.0000000000079,-134.00000000001188,4.000000000003979
2015-11,1447425900000,1447425900063,1447429500281,SHORT,1.07364,1.0738,-14.000000000002899,-16.000000000016,2.0000000000131024
2015-11,1447430400000,1447430400187,1447434000633,LONG,1.07292,1.07208,-82.00000000000429,-84.0000000000174,2.0000000000131024
2015-11,1447434900000,1447434909669,1447438504877,LONG,1.07203,1.07281,80.00000000001339,78.00000000000028,2.0000000000131024
2015-11,1447439400000,1447439400160,1447443002115,SHORT,1.07301,1.07304,0.49999999998107114,-2.999999999997449,3.4999999999785203
2015-11,1447443900000,1447443900796,1447447500220,LONG,1.0734,1.07465,129.5000000000046,125.00000000001954,4.499999999985064
2015-11,1447448400000,1447448400552,1447628400104,LONG,1.07511,1.07364,-139.00000000002245,-147.00000000000824,7.999999999985789
2015-11,1447629300000,1447629300094,1447632900091,SHORT,1.07095,1.07204,-106.0000000000283,-109.00000000000354,2.9999999999752447
2015-11,1447633800000,1447633800313,1447637410101,LONG,1.07211,1.07219,11.499999999986521,8.000000000008,3.4999999999785203
2015-11,1447638300000,1447638300122,1447641900488,SHORT,1.07224,1.07189,38.0000000000269,35.00000000000725,3.0000000000196536
2015-11,1447642800000,1447642800491,1447646406721,LONG,1.07178,1.07245,70.99999999997664,66.99999999999484,3.999999999981796
2015-11,1447647300000,1447647301131,1447650900497,SHORT,1.07239,1.07184,58.000000000002494,55.000000000005045,2.999999999997449
2015-11,1447651800000,1447651801546,1447657200050,LONG,1.0723,1.07269,41.000000000002146,38.99999999998904,2.0000000000131024
2015-11,1447658100000,1447658100226,1447661701018,SHORT,1.07365,1.07497,-129.4999999999824,-131.99999999999878,2.500000000016371
2015-11,1447662600000,1447662600126,1447666200816,LONG,1.07434,1.07207,-224.000000000002,-226.99999999999943,2.999999999997442
2015-11,1447667100000,1447667100145,1447670700761,LONG,1.07228,1.07244,18.999999999991246,16.000000000016,2.9999999999752447
2015-11,1447671600000,1447671600476,1447675200266,SHORT,1.07205,1.07388,-181.50000000001222,-182.99999999999983,1.4999999999876081
2015-11,1447676100000,1447676100257,1447679700534,LONG,1.07317,1.07229,-85.4999999999828,-87.99999999999919,2.500000000016385
2015-11,1447680600000,1447680600152,1447684200343,SHORT,1.07281,1.07233,50.50000000001997,48.000000000003595,2.500000000016378
2015-11,1447685100000,1447685100277,1447688700179,LONG,1.07157,1.07127,-29.00000000001235,-29.999999999996696,0.9999999999843467
2015-11,1447694100000,1447694100831,1447700400019,LONG,1.07029,1.06864,-163.00000000000205,-164.99999999999292,1.9999999999908766
2015-11,1447701300000,1447701300249,1447704901124,LONG,1.06903,1.0682,-79.50000000001012,-82.99999999998863,3.499999999978513
2015-11,1447705800000,1447705801232,1447709400146,SHORT,1.06834,1.06869,-30.499999999977767,-34.99999999998504,4.500000000007276
2015-11,1447711200000,1447711200157,1447714800129,SHORT,1.06862,1.06839,30.0000000000189,22.999999999995246,7.000000000023654
2015-11,1447715700000,1447715701176,1447719337022,SHORT,1.06849,1.0686,-5.500000000013827,-11.00000000000545,5.499999999991623
2015-11,1447720200000,1447720201386,1447723800271,LONG,1.06844,1.06641,-200.50000000000347,-202.9999999999976,2.499999999994145
2015-11,1447724700000,1447724700308,1447728301052,SHORT,1.06715,1.06637,80.50000000001667,78.00000000000028,2.500000000016385
2015-11,1447729200000,1447729200609,1447732800929,LONG,1.0665,1.066,-45.50000000000942,-49.99999999999449,4.4999999999850715
2015-11,1447733700000,1447733700422,1447737300200,SHORT,1.06578,1.06592,-10.000000000021103,-14.000000000002899,3.999999999981796
2015-11,1447738200000,1447738201333,1447741801361,SHORT,1.06587,1.0661,-19.999999999997797,-22.999999999995246,2.999999999997449
2015-11,1447742700000,1447742701711,1447746300147,LONG,1.06629,1.06585,-41.99999999998649,-43.999999999999595,2.0000000000131024
2015-11,1447747200000,1447747200174,1447750800067,SHORT,1.06555,1.0647,88.49999999998026,85.00000000000173,3.4999999999785274
2015-11,1447751700000,1447751700335,1447755302248,LONG,1.06542,1.06646,106.50000000000936,103.99999999999298,2.500000000016385
2015-11,1447756200000,1447756200414,1447759800853,SHORT,1.06627,1.06762,-133.00000000002754,-134.99999999999625,1.9999999999687077
2015-11,1447760700000,1447760700755,1447764300322,SHORT,1.06686,1.06657,31.500000000006523,28.999999999990145,2.500000000016378
2015-11,1447769700000,1447769700402,1447773300225,LONG,1.0663,1.06615,-12.500000000015277,-15.00000000000945,2.4999999999941735
2015-11,1447774200000,1447774200185,1447777800097,SHORT,1.06596,1.06472,126.49999999998496,123.99999999999079,2.4999999999941735
2015-11,1447778700000,1447778700417,1447782300289,LONG,1.0636,1.06472,114.49999999999517,112.000000000001,2.4999999999941735
2015-11,1447783200000,1447783200166,1447786800658,SHORT,1.06465,1.0638,86.99999999999264,85.00000000000173,1.999999999990905
2015-11,1447787700000,1447787700528,1447791300845,LONG,1.06382,1.06537,157.4999999999882,154.99999999999403,2.4999999999941735
2015-11,1447792200000,1447792200933,1447795800199,LONG,1.06484,1.06456,-24.500000000005073,-28.000000000005798,3.5000000000007248
2015-11,1447796700000,1447796700347,1447800304891,SHORT,1.06451,1.06438,18.999999999991246,12.999999999996348,5.999999999994898
2015-11,1447801200000,1447801200118,1447804805932,LONG,1.0646,1.0643,-25.999999999992696,-29.999999999996696,4.000000000004
2015-11,1447805700000,1447805700333,1447809306708,SHORT,1.06437,1.06379,60.50000000001887,58.000000000002494,2.500000000016378
2015-11,1447810200000,1447810200633,1447813800648,LONG,1.06375,1.06377,4.500000000007276,2.0000000000131024,2.4999999999941735
2015-11,1447814700000,1447814701033,1447818302999,LONG,1.0638,1.06342,-36.0000000000138,-38.0000000000047,1.999999999990898
2015-11,1447819200000,1447819206706,1447822800624,LONG,1.06352,1.06396,45.99999999999049,43.999999999999595,1.999999999990898
2015-11,1447824600000,1447824606761,1447830000199,SHORT,1.06447,1.065,-50.0000000000167,-52.99999999999194,2.9999999999752447
2015-11,1447830900000,1447830903312,1447834500305,LONG,1.06438,1.06645,208.99999999999253,206.99999999997942,2.0000000000131024
2015-11,1447835400000,1447835405963,1447839000162,SHORT,1.06689,1.06845,-154.50000000001296,-156.00000000000057,1.4999999999876081
2015-11,1447839900000,1447839900154,1447843500203,SHORT,1.06835,1.0671,127.4999999999915,124.99999999999733,2.4999999999941735
2015-11,1447844400000,1447844400057,1447848000652,LONG,1.06743,1.06635,-105.00000000002174,-108.00000000001918,2.999999999997442
2015-11,1447848900000,1447848906295,1447852500131,SHORT,1.06718,1.06664,55.000000000005045,53.999999999998494,1.0000000000065512
2015-11,1447853400000,1447853400170,1447857000452,SHORT,1.0664,1.0663,14.999999999987246,9.999999999998899,4.999999999988347
2015-11,1447857900000,1447857901570,1447861500925,LONG,1.06743,1.06537,-203.00000000001984,-206.00000000001728,2.999999999997442
2015-11,1447862400000,1447862400107,1447866000234,SHORT,1.06467,1.06373,96.49999999998826,93.99999999999409,2.4999999999941735
2015-11,1447866900000,1447866900407,1447870501556,SHORT,1.06367,1.06449,-78.99999999998464,-82.00000000000429,3.0000000000196536
2015-11,1447871400000,1447871400134,1447875001650,SHORT,1.06464,1.06477,-10.000000000021103,-12.999999999996348,2.9999999999752447
2015-11,1447875900000,1447875900379,1447879500053,LONG,1.06546,1.06539,-5.000000000010552,-7.0000000000014495,1.999999999990898
2015-11,1447880400000,1447880400162,1447884000113,SHORT,1.0652,1.06602,-75.99999999998718,-82.00000000000429,6.00000000001711
2015-11,1447884900000,1447884900564,1447894800214,SHORT,1.06609,1.06842,-226.00000000001506,-232.99999999999432,6.999999999979252
2015-11,1447895700000,1447895700382,1447899300658,SHORT,1.06854,1.07023,-165.00000000001512,-168.99999999999693,3.99999999998181
2015-11,1447900200000,1447900200222,1447903801054,SHORT,1.07095,1.06991,105.99999999998388,104.00000000001519,1.9999999999686935
2015-11,1447904700000,1447904700264,1447908305310,LONG,1.07045,1.07116,74.0000000000185,70.99999999999883,3.000000000019668
2015-11,1447909200000,1447909200380,1447912800242,SHORT,1.07122,1.0705,75.50000000002832,72.0000000000054,3.500000000022922
2015-11,1447913700000,1447913700757,1447917300850,LONG,1.07073,1.06911,-158.49999999999477,-161.99999999999548,3.5000000000007105
2015-11,1447918200000,1447918200113,1447921800043,LONG,1.06795,1.06699,-93.50000000001302,-95.999999999985,2.499999999971976
2015-11,1447922700000,1447922700016,1447926300285,LONG,1.06773,1.06912,140.99999999999113,139.00000000000023,1.999999999990905
2015-11,1447927200000,1447927200609,1447930800441,LONG,1.0686,1.0702,161.00000000001114,160.00000000000458,1.0000000000065654
2015-11,1447931700000,1447931700148,1447945200190,SHORT,1.0702,1.07065,-43.00000000001525,-45.000000000006146,1.999999999990898
2015-11,1447946100000,1447946100186,1447949700049,LONG,1.07116,1.07466,352.000000000019,350.00000000000585,2.000000000013131
2015-11,1447950600000,1447950600131,1447954200160,LONG,1.07514,1.07409,-103.49999999998971,-104.99999999999955,1.500000000009834
2015-11,1447955100000,1447955100415,1447958700143,SHORT,1.0734,1.07284,59.99999999999339,55.99999999998939,4.000000000004
2015-11,1447959600000,1447959602510,1447963200218,LONG,1.07315,1.07331,18.999999999991246,15.999999999993797,2.999999999997449
2015-11,1447964100000,1447964101817,1447967700503,SHORT,1.07338,1.07357,-15.499999999990521,-18.999999999991246,3.5000000000007248
2015-11,1447968600000,1447968600200,1447972200208,SHORT,1.07315,1.07354,-28.999999999990145,-38.99999999998904,9.999999999998899
2015-11,1447973100000,1447973100565,1447976701098,LONG,1.07327,1.07236,-83.99999999997299,-90.99999999999665,7.000000000023661
2015-11,1447977600000,1447977601506,1447981200234,SHORT,1.07258,1.07164,95.50000000002612,94.00000000001629,1.500000000009834
2015-11,1447982100000,1447982100885,1447985700402,LONG,1.07125,1.07145,22.0000000000109,19.999999999997797,2.0000000000131024
2015-11,1447986600000,1447986600946,1447990200673,LONG,1.0722,1.07149,-68.00000000000139,-70.99999999999883,2.999999999997442
2015-11,1447991100000,1447991106546,1447995601497,LONG,1.07156,1.07191,38.50000000000797,34.99999999998504,3.500000000022929
2015-11,1447996500000,1447996500276,1448000100483,SHORT,1.07118,1.07235,-114.49999999999517,-116.99999999998934,2.4999999999941735
2015-11,1448001000000,1448001005162,1448004601278,LONG,1.07213,1.07012,-198.49999999999034,-201.00000000000674,2.5000000000163993
2015-11,1448005500000,1448005500204,1448009100176,LONG,1.06948,1.06731,-215.00000000000963,-217.0000000000005,1.9999999999908766
2015-11,1448010000000,1448010000233,1448013600443,LONG,1.06797,1.0688,86.0000000000083,82.99999999998863,3.000000000019668
2015-11,1448014500000,1448014500759,1448018100023,LONG,1.06957,1.06997,42.0000000000087,40.0000000000178,1.999999999990898
2015-11,1448019000000,1448019001043,1448022601032,SHORT,1.0698,1.06752,229.5000000000158,228.00000000000597,1.500000000009834
2015-11,1448023500000,1448023501478,1448028000477,SHORT,1.06856,1.06937,-78.99999999998464,-80.99999999999774,2.0000000000131024
2015-11,1448028900000,1448028900631,1448032500393,LONG,1.06976,1.06826,-147.4999999999893,-150.00000000000568,2.500000000016371
2015-11,1448033400000,1448033400004,1448037000286,LONG,1.06694,1.06505,-186.50000000000057,-188.9999999999947,2.499999999994145
2015-11,1448037900000,1448037904669,1448041500633,LONG,1.06567,1.06454,-109.50000000000682,-112.99999999998533,3.499999999978513
2015-11,1448042400000,1448042400326,1448046000680,LONG,1.06503,1.06521,21.00000000000435,18.0000000000069,2.999999999997449
2015-11,1448046900000,1448046900246,1448050500844,LONG,1.06563,1.06522,-38.49999999998577,-41.000000000002146,2.500000000016378
2015-11,1448051400000,1448051400556,1448055000963,LONG,1.06497,1.06466,-27.500000000024727,-31.000000000003247,3.4999999999785203
2015-11,1448055900000,1448055900724,1448229611374,SHORT,1.06452,1.06405,60.49999999997446,46.999999999997044,13.499999999977419
2015-11,1448230500000,1448230501435,1448234100731,LONG,1.06391,1.06407,23.999999999979593,16.000000000016,7.999999999963592
2015-11,1448235000000,1448235000274,1448238600106,LONG,1.06369,1.06315,-48.000000000003595,-53.999999999998494,5.999999999994898
2015-11,1448239500000,1448239500328,1448243100029,LONG,1.06321,1.06252,-66.50000000001377,-69.00000000000794,2.4999999999941735
2015-11,1448244000000,1448244001879,1448247601367,LONG,1.06135,1.06078,-55.000000000005045,-56.99999999999594,1.999999999990898
2015-11,1448248500000,1448248501330,1448252100874,SHORT,1.06123,1.06125,0.49999999998107114,-2.0000000000131024,2.4999999999941735
2015-11,1448253000000,1448253005151,1448258400183,LONG,1.06128,1.06146,21.00000000000435,18.0000000000069,2.999999999997449
2015-11,1448259300000,1448259300861,1448262900443,LONG,1.06165,1.06136,-25.500000000011624,-28.999999999990145,3.4999999999785203
2015-11,1448263800000,1448263800314,1448267400108,LONG,1.06226,1.06322,99.00000000000463,96.00000000000719,2.999999999997442
2015-11,1448268300000,1448268300019,1448271900492,SHORT,1.06362,1.0631,53.999999999998494,52.000000000007596,1.999999999990898
2015-11,1448272800000,1448272800452,1448276400432,SHORT,1.06311,1.06232,81.49999999997881,79.00000000000685,2.499999999971962
2015-11,1448277300000,1448277300130,1448280901271,LONG,1.06297,1.06272,-22.49999999999197,-24.999999999986144,2.4999999999941735
2015-11,1448281800000,1448281800187,1448285400239,LONG,1.06333,1.06288,-41.50000000000542,-45.000000000006146,3.5000000000007248
2015-11,1448286300000,1448286300555,1448289900229,LONG,1.06265,1.06407,143.4999999999853,141.99999999999767,1.4999999999876366
2015-11,1448290800000,1448290800041,1448294400294,SHORT,1.06462,1.06147,325.50000000002296,314.99999999999864,10.500000000024329
2015-11,1448295300000,1448295300178,1448298902325,LONG,1.06176,1.0611,-63.49999999999412,-66.00000000001049,2.500000000016371
2015-11,1448299800000,1448299801277,1448305200165,LONG,1.06165,1.06215,52.99999999999194,49.99999999999449,2.999999999997449
2015-11,1448306100000,1448306100120,1448309701411,SHORT,1.06251,1.06265,-12.000000000012001,-14.000000000002899,1.999999999990898
2015-11,1448310600000,1448310600687,1448314200219,SHORT,1.0625,1.06284,-28.999999999990145,-34.000000000000696,5.000000000010552
2015-11,1448315100000,1448315101412,1448318700383,LONG,1.06356,1.06347,-1.5000000000098268,-9.000000000014552,7.500000000004725
2015-11,1448319600000,1448319600153,1448323201843,SHORT,1.06332,1.06366,-28.500000000031278,-34.000000000000696,5.499999999969418
2015-11,1448324100000,1448324100480,1448327701243,SHORT,1.06435,1.0635,88.50000000000247,85.00000000000173,3.500000000000739
2015-11,1448328600000,1448328610314,1448332201701,SHORT,1.06373,1.06408,-30.499999999977767,-34.99999999998504,4.500000000007276
2015-11,1448333100000,1448333104345,1448337600084,LONG,1.06366,1.06328,-35.50000000003273,-38.0000000000047,2.499999999971969
2015-11,1448338500000,1448338506849,1448342101249,LONG,1.06338,1.06254,-80.50000000001667,-83.9999999999952,3.4999999999785274
2015-11,1448343000000,1448343000371,1448346602686,SHORT,1.06251,1.06228,27.00000000002145,23.00000000001745,4.000000000004
2015-11,1448347500000,1448347500414,1448351101038,SHORT,1.06257,1.06326,-66.00000000001049,-69.00000000000794,2.9999999999974563
2015-11,1448352000000,1448352000208,1448355600283,SHORT,1.06394,1.06611,-209.99999999997686,-216.99999999997831,7.0000000000014495
2015-11,1448356500000,1448356500219,1448360100510,LONG,1.06529,1.06406,-119.50000000000571,-123.00000000000644,3.5000000000007248
2015-11,1448361000000,1448361000224,1448364600513,LONG,1.0641,1.06497,88.50000000000247,86.99999999999264,1.500000000009834
2015-11,1448365500000,1448365501640,1448369100123,SHORT,1.0646,1.06417,45.50000000000942,42.999999999993044,2.500000000016378
2015-11,1448370000000,1448370000164,1448373601588,LONG,1.06481,1.06624,145.4999999999984,143.00000000000423,2.4999999999941735
2015-11,1448374500000,1448374500080,1448378100435,LONG,1.06636,1.06423,-211.4999999999867,-212.99999999999653,1.500000000009834
2015-11,1448379000000,1448379000423,1448384400197,SHORT,1.06322,1.06521,-197.00000000000273,-198.99999999999363,1.999999999990905
2015-11,1448385300000,1448385300327,1448388902869,SHORT,1.06614,1.06542,74.50000000002177,72.0000000000054,2.500000000016371
2015-11,1448389800000,1448389802047,1448393400943,SHORT,1.06572,1.06602,-27.500000000002522,-29.999999999996696,2.4999999999941735
2015-11,1448394300000,1448394319081,1448397900395,SHORT,1.06521,1.06472,53.50000000001742,48.99999999998794,4.50000000002948
2015-11,1448398800000,1448398800142,1448406000174,SHORT,1.06454,1.06456,-0.5000000000032756,-1.999999999990898,1.4999999999876223
2015-11,1448406900000,1448406901390,1448410500114,SHORT,1.06452,1.06528,-73.49999999999301,-76.0000000000094,2.500000000016385
2015-11,1448411400000,1448411400537,1448415000137,LONG,1.06549,1.06572,26.499999999973767,22.999999999995246,3.4999999999785203
2015-11,1448415900000,1448415901863,1448419500249,SHORT,1.06616,1.06668,-48.500000000029075,-52.000000000007596,3.4999999999785203
2015-11,1448420400000,1448420400371,1448424000290,SHORT,1.06751,1.06728,24.999999999986144,22.999999999995246,1.999999999990898
2015-11,1448424900000,1448424915036,1448428501236,LONG,1.06693,1.06586,-104.49999999999626,-106.99999999999044,2.4999999999941735
2015-11,1448429400000,1448429401902,1448433001214,SHORT,1.06561,1.06656,-91.49999999999991,-95.00000000000064,3.5000000000007248
2015-11,1448433900000,1448433900152,1448438400248,LONG,1.06617,1.068,185.499999999994,182.99999999999983,2.4999999999941735
2015-11,1448439300000,1448439300435,1448442900515,SHORT,1.06816,1.06459,358.9999999999982,357.00000000000733,1.9999999999908482
2015-11,1448443800000,1448443800040,1448447400025,SHORT,1.06299,1.06046,255.00000000002743,253.00000000001432,2.0000000000131024
2015-11,1448448300000,1448448300210,1448451900315,LONG,1.06052,1.05953,-97.49999999999481,-98.99999999998244,1.4999999999876223
2015-11,1448452800000,1448452800276,1448456400057,SHORT,1.05842,1.05972,-126.50000000000716,-130.0000000000079,3.500000000000739
2015-11,1448457300000,1448457300184,1448460900661,LONG,1.05862,1.05925,66.50000000001377,63.000000000013046,3.5000000000007248
2015-11,1448461800000,1448461800264,1448467200592,SHORT,1.05872,1.06018,-142.50000000000097,-145.99999999997948,3.499999999978513
2015-11,1448468100000,1448468100894,1448478001952,LONG,1.06076,1.0616,86.50000000001157,84.0000000000174,2.4999999999941735
2015-11,1448478900000,1448478901515,1448482504851,SHORT,1.06152,1.06217,-60.99999999999994,-65.00000000000395,4.0000000000040075
2015-11,1448483400000,1448483401820,1448487000176,SHORT,1.06193,1.06189,8.499999999989072,4.000000000004,4.4999999999850715
2015-11,1448488800000,1448488800781,1448492400220,SHORT,1.06241,1.06214,34.50000000000397,26.999999999999247,7.500000000004725
2015-11,1448493300000,1448493300742,1448496900096,LONG,1.06221,1.06248,29.49999999999342,26.999999999999247,2.4999999999941735
2015-11,1448497800000,1448497801278,1448501400715,SHORT,1.06231,1.06167,66.50000000001377,64.0000000000196,2.4999999999941735
2015-11,1448502300000,1448502302287,1448505901830,LONG,1.06218,1.0618,-35.49999999998832,-37.99999999998249,2.4999999999941735
2015-11,1448506800000,1448506801895,1448510400037,LONG,1.06181,1.06225,45.49999999998722,43.999999999999595,1.4999999999876223
2015-11,1448511300000,1448511300372,1448514900207,SHORT,1.06227,1.06169,60.99999999999994,58.000000000002494,2.999999999997449
2015-11,1448515800000,1448515800337,1448519400338,LONG,1.06163,1.06222,60.99999999999994,58.99999999998684,2.0000000000131024
2015-11,1448520300000,1448520301783,1448524800528,SHORT,1.06202,1.06076,127.99999999999478,126.0000000000039,1.9999999999908908
2015-11,1448525700000,1448525700645,1448529301360,SHORT,1.06086,1.0613,-41.000000000002146,-43.999999999999595,2.999999999997449
2015-11,1448530200000,1448530203610,1448533801303,LONG,1.06104,1.06066,-34.500000000026176,-38.0000000000047,3.4999999999785203
2015-11,1448534700000,1448534700240,1448538300109,LONG,1.0609,1.06182,93.50000000001302,92.00000000000318,1.500000000009834
2015-11,1448539200000,1448539200160,1448542800111,LONG,1.06151,1.06096,-53.50000000001742,-55.000000000005045,1.4999999999876223
2015-11,1448543700000,1448543700069,1448547300388,SHORT,1.06121,1.06172,-48.50000000000687,-51.000000000001044,2.4999999999941735
2015-11,1448548200000,1448548201828,1448551800898,LONG,1.06193,1.0618,-10.500000000002174,-12.999999999996348,2.4999999999941735
2015-11,1448552700000,1448552701100,1448556300041,SHORT,1.06177,1.06083,96.00000000000719,94.00000000001629,1.999999999990905
2015-11,1448557200000,1448557201253,1448560800371,LONG,1.06075,1.06134,61.499999999981014,58.99999999998684,2.4999999999941735
2015-11,1448561700000,1448561711888,1448565304749,SHORT,1.06054,1.06075,-16.000000000016,-21.00000000000435,4.999999999988347
2015-11,1448568900000,1448568903850,1448572501599,SHORT,1.06063,1.06068,1.0000000000065512,-5.000000000010552,6.000000000017103
2015-11,1448573400000,1448573401771,1448577000133,SHORT,1.06063,1.06074,-2.4999999999941735,-11.00000000000545,8.500000000011276
2015-11,1448577900000,1448577907925,1448581500036,SHORT,1.0607,1.06047,28.000000000005798,22.999999999995246,5.000000000010552
2015-11,1448582400000,1448582401038,1448586000113,LONG,1.06066,1.06032,-31.00000000002545,-34.000000000000696,2.9999999999752447
2015-11,1448586900000,1448586902910,1448590500111,LONG,1.06029,1.06097,69.9999999999923,68.00000000000139,1.999999999990905
2015-11,1448591400000,1448591402192,1448595000262,LONG,1.06117,1.06103,-12.000000000012001,-14.000000000002899,1.999999999990898
2015-11,1448595900000,1448595910814,1448599504007,SHORT,1.06127,1.06107,24.500000000005073,19.999999999997797,4.500000000007276
2015-11,1448600400000,1448600400876,1448607601090,LONG,1.06074,1.06316,243.99999999999977,242.00000000000887,1.999999999990905
2015-11,1448608500000,1448608500275,1448614801034,LONG,1.06263,1.0618,-79.99999999999119,-82.99999999998863,2.999999999997442
2015-11,1448615700000,1448615700817,1448619301710,LONG,1.06103,1.05777,-323.5000000000099,-325.99999999998187,2.499999999971976
2015-11,1448620200000,1448620200149,1448623801305,SHORT,1.05839,1.05933,-92.50000000000647,-94.00000000001629,1.5000000000098197
2015-11,1448624700000,1448624700849,1448628300389,LONG,1.05875,1.05795,-76.50000000003487,-80.00000000001339,3.499999999978513
2015-11,1448629200000,1448629200154,1448636400236,LONG,1.05847,1.05795,-49.00000000001015,-52.000000000007596,2.999999999997449
2015-11,1448637300000,1448637300389,1448640900282,LONG,1.0582,1.05938,120.00000000000898,117.99999999999588,2.0000000000131024
2015-11,1448641800000,1448641800002,1448645400503,SHORT,1.05935,1.06003,-65.00000000002615,-68.00000000000139,2.9999999999752447
2015-11,1448646300000,1448646305377,1448649901506,SHORT,1.05949,1.06,-48.000000000003595,-51.000000000001044,2.999999999997449
2015-11,1448655300000,1448655302941,1448658913725,LONG,1.05947,1.05936,-6.499999999998174,-10.999999999983245,4.4999999999850715
2015-11,1448660700000,1448660700421,1448834415380,SHORT,1.05938,1.05908,48.99999999998794,29.999999999996696,18.999999999991246
2015-11,1448835300000,1448835311175,1448838940117,LONG,1.05931,1.05901,-22.49999999999197,-29.999999999996696,7.500000000004725
2015-11,1448839800000,1448839824875,1448845200855,SHORT,1.0589,1.05771,123.50000000000972,119.00000000000244,4.500000000007276
2015-11,1448846100000,1448846100058,1448849701380,SHORT,1.05807,1.05827,-17.000000000022553,-19.999999999997797,2.9999999999752447
2015-11,1448850600000,1448850600020,1448854200103,SHORT,1.05779,1.05854,-72.49999999998647,-75.00000000000284,2.500000000016371
2015-11,1448855100000,1448855127754,1448858703125,SHORT,1.05863,1.0589,-24.500000000005073,-26.999999999999247,2.4999999999941735
2015-11,1448859600000,1448859600461,1448863200385,SHORT,1.05858,1.05854,7.499999999982521,4.000000000004,3.4999999999785203
2015-11,1448864100000,1448864100855,1448867700626,SHORT,1.05822,1.05865,-40.49999999999887,-43.00000000001525,2.500000000016378
2015-11,1448868600000,1448868600180,1448872200313,SHORT,1.05842,1.05896,-50.49999999999777,-53.999999999998494,3.5000000000007248
2015-11,1448873100000,1448873102151,1448876700402,SHORT,1.0585,1.0578,71.99999999998319,69.9999999999923,1.9999999999908908
2015-11,1448877600000,1448877600222,1448881200129,LONG,1.0581,1.05758,-50.0000000000167,-52.000000000007596,1.999999999990898
2015-11,1448882100000,1448882100145,1448885700154,SHORT,1.057,1.05764,-62.499999999987566,-63.99999999999739,1.5000000000098268
2015-11,1448886600000,1448886600384,1448890200721,SHORT,1.05737,1.05834,-95.50000000000392,-97.00000000001374,1.5000000000098197
2015-11,1448891100000,1448891100227,1448894700045,SHORT,1.05812,1.05846,-29.999999999996696,-34.000000000000696,4.000000000004
2015-11,1448895600000,1448895600004,1448899200116,SHORT,1.05795,1.05615,183.5000000000031,180.0000000000024,3.5000000000007105
2015-11,1448900100000,1448900100246,1448903700883,LONG,1.05648,1.05606,-39.999999999995595,-42.0000000000087,2.0000000000131024
2015-11,1448904600000,1448904600089,1448908200144,LONG,1.05622,1.05642,21.49999999998542,19.999999999997797,1.4999999999876223
2015-11,1448909100000,1448909101478,1448912700174,LONG,1.05621,1.05688,69.00000000000794,66.99999999999484,2.0000000000131024
2015-11,1448913600000,1448913600055,1448917200206,LONG,1.05732,1.05664,-66.00000000001049,-68.00000000000139,1.999999999990905
2015-11,1448918100000,1448918100184,1448924400107,SHORT,1.05672,1.05722,-45.49999999998722,-49.99999999999449,4.500000000007276
2015-11,1448925300000,1448925300827,1448928900455,LONG,1.05679,1.05656,-18.999999999991246,-22.999999999995246,4.000000000004
2015-12,1448929800000,1448929800047,1448933400027,LONG,1.05676,1.05789,116.99999999998934,113.00000000000753,3.99999999998181
2015-12,1448934300000,1448934300358,1448937900240,SHORT,1.05777,1.05829,-48.99999999998794,-51.99999999998539,2.999999999997449
2015-12,1448938800000,1448938800102,1448942400348,SHORT,1.05808,1.05795,15.500000000012726,12.999999999996348,2.500000000016378
2015-12,1448943300000,1448943300071,1448946900793,SHORT,1.05745,1.0579,-43.00000000001525,-45.000000000006146,1.999999999990898
2015-12,1448947800000,1448947800199,1448951400242,SHORT,1.05821,1.05852,-27.499999999980318,-30.999999999981043,3.5000000000007248
2015-12,1448952300000,1448952306068,1448955900130,LONG,1.05884,1.05883,2.0000000000131024,-1.0000000000065512,3.0000000000196536
2015-12,1448956800000,1448956800322,1448960400164,LONG,1.05842,1.06067,229.99999999999687,225.00000000000853,4.999999999988347
2015-12,1448961300000,1448961300105,1448964900672,SHORT,1.06101,1.05873,229.5000000000158,228.00000000000597,1.500000000009834
2015-12,1448965800000,1448965806061,1448969400217,SHORT,1.05944,1.05955,-8.000000000008,-11.00000000000545,2.999999999997449
2015-12,1448970300000,1448970300302,1448973900079,SHORT,1.0596,1.06034,-70.49999999999557,-73.99999999999629,3.5000000000007248
2015-12,1448974800000,1448974800116,1448978400230,LONG,1.06002,1.06061,59.99999999999339,59.000000000009045,0.9999999999843467
2015-12,1448979300000,1448979300084,1448982900219,LONG,1.06214,1.06339,126.50000000000716,124.99999999999733,1.500000000009834
2015-12,1448983800000,1448983800181,1448987400167,LONG,1.06258,1.06164,-92.50000000000647,-94.00000000001629,1.5000000000098197
2015-12,1448988300000,1448988300297,1448991900427,SHORT,1.0617,1.06152,19.499999999972317,18.0000000000069,1.4999999999654179
2015-12,1448992800000,1448992800078,1448996400175,LONG,1.06158,1.06341,185.99999999997507,182.99999999999983,2.9999999999752447
2015-12,1448997300000,1448997300197,1449003600097,LONG,1.06327,1.0632,-5.000000000010552,-7.0000000000014495,1.999999999990898
2015-12,1449004500000,1449004500216,1449008100689,LONG,1.06326,1.0633,8.999999999992347,3.999999999981796,5.000000000010552
2015-12,1449009000000,1449009000255,1449012600503,SHORT,1.06283,1.06271,17.000000000000348,11.999999999989797,5.000000000010552
2015-12,1449013500000,1449013500304,1449018000101,SHORT,1.0627,1.06248,26.499999999973767,21.999999999988695,4.4999999999850715
2015-12,1449018900000,1449018900496,1449022500115,LONG,1.06238,1.06196,-39.49999999999232,-42.0000000000087,2.500000000016378
2015-12,1449023400000,1449023400258,1449027000527,SHORT,1.06195,1.06187,9.499999999995623,7.999999999985796,1.5000000000098268
2015-12,1449027900000,1449027906793,1449031509429,LONG,1.06186,1.06173,-10.49999999997997,-12.999999999996348,2.500000000016378
2015-12,1449032400000,1449032400852,1449036000161,LONG,1.06142,1.06121,-19.49999999999452,-21.00000000000435,1.5000000000098268
2015-12,1449036900000,1449036915156,1449040500589,LONG,1.06126,1.06148,23.499999999998522,21.999999999988695,1.5000000000098268
2015-12,1449041400000,1449041411980,1449045000499,SHORT,1.06146,1.06242,-93.99999999999409,-95.999999999985,1.999999999990905
2015-12,1449045900000,1449045900634,1449049500601,LONG,1.06175,1.06276,102.99999999998644,100.99999999999554,1.999999999990905
2015-12,1449050400000,1449050400087,1449054000133,LONG,1.06216,1.05904,-309.500000000007,-312.00000000000114,2.499999999994145
2015-12,1449054900000,1449054900133,1449058500322,SHORT,1.05912,1.0597,-56.49999999999267,-58.000000000002494,1.5000000000098268
2015-12,1449059400000,1449059400300,1449063000111,LONG,1.05934,1.05832,-99.50000000000792,-102.00000000000209,2.4999999999941735
2015-12,1449063900000,1449063900111,1449067500237,SHORT,1.05854,1.05905,-49.49999999999122,-51.000000000001044,1.5000000000098268
2015-12,1449068400000,1449068400177,1449072000296,LONG,1.05746,1.05686,-57.49999999999922,-60.000000000015596,2.500000000016378
2015-12,1449072900000,1449072900081,1449079200348,LONG,1.05692,1.05849,158.49999999999477,156.99999999998494,1.500000000009834
2015-12,1449080100000,1449080100526,1449083702376,LONG,1.05913,1.06111,199.99999999997797,198.00000000000927,1.9999999999687077
2015-12,1449084600000,1449084600242,1449088200243,SHORT,1.06173,1.06192,-17.500000000003624,-18.999999999991246,1.4999999999876223
2015-12,1449089100000,1449089100114,1449092712282,LONG,1.06167,1.06119,-42.999999999993044,-47.99999999998139,4.999999999988347
2015-12,1449093600000,1449093600072,1449097200196,LONG,1.06155,1.06078,-61.99999999998429,-76.99999999999375,15.000000000009457
2015-12,1449098100000,1449098105391,1449101704374,LONG,1.061,1.06106,10.500000000002174,5.999999999994898,4.500000000007276
2015-12,1449102600000,1449102601100,1449106200000,SHORT,1.06101,1.06062,42.0000000000087,39.00000000001125,2.999999999997449
2015-12,1449107100000,1449107100523,1449111601585,LONG,1.06045,1.05945,-96.99999999999153,-99.99999999998899,2.9999999999974563
2015-12,1449112500000,1449112502405,1449116100487,LONG,1.05973,1.05937,-33.500000000019625,-36.0000000000138,2.4999999999941735
2015-12,1449117000000,1449117000183,1449120600412,SHORT,1.05944,1.05942,5.000000000010552,1.999999999990898,3.0000000000196536
2015-12,1449121500000,1449121500250,1449125100201,SHORT,1.05921,1.0589,32.999999999994145,31.000000000003247,1.999999999990898
2015-12,1449126000000,1449126000206,1449133200481,SHORT,1.05912,1.05755,157.99999999999147,157.00000000000713,0.9999999999843396
2015-12,1449134100000,1449134100322,1449137700177,SHORT,1.05692,1.05574,119.99999999998678,118.00000000001809,1.9999999999686935
2015-12,1449138600000,1449138600243,1449142200257,LONG,1.0562,1.05621,2.4999999999941735,1.0000000000065512,1.4999999999876223
2015-12,1449143100000,1449143100290,1449146700128,LONG,1.05562,1.05903,363.0000000000022,340.9999999999913,22.000000000010914
2015-12,1449147600000,1449147600167,1449151200116,LONG,1.06659,1.0824,1583.5000000000043,1581.0000000000102,2.4999999999940883
2015-12,1449152100000,1449152100199,1449155700004,LONG,1.08002,1.0843,429.49999999999375,428.00000000000614,1.4999999999876081
2015-12,1449156600000,1449156600103,1449160200093,SHORT,1.08405,1.08916,-508.50000000002285,-510.99999999999477,2.4999999999719194
2015-12,1449161100000,1449161100007,1449164700057,SHORT,1.09133,1.09099,35.50000000001052,34.000000000000696,1.5000000000098268
2015-12,1449165600000,1449165600363,1449169200159,SHORT,1.0902,1.09302,-280.49999999999466,-282.0000000000045,1.500000000009834
2015-12,1449170100000,1449170100640,1449173700254,LONG,1.09329,1.09673,347.4999999999895,343.99999999998875,3.500000000000739
2015-12,1449174600000,1449174600165,1449178200232,LONG,1.09562,1.09463,-92.0000000000254,-99.00000000000463,6.999999999979238
2015-12,1449179100000,1449179101227,1449182700138,LONG,1.09471,1.09302,-159.5000000000013,-168.99999999999693,9.499999999995623
2015-12,1449183600000,1449183600128,1449187200359,SHORT,1.0927,1.09182,96.00000000000719,87.99999999999919,8.000000000008
2015-12,1449188100000,1449188101921,1449191700588,LONG,1.09458,1.09197,-257.4999999999772,-261.0000000000001,3.500000000022908
2015-12,1449192600000,1449192600469,1449196201515,LONG,1.09042,1.09078,39.49999999999232,36.0000000000138,3.4999999999785203
2015-12,1449197100000,1449197100439,1449200700066,LONG,1.09183,1.09306,127.4999999999693,122.99999999998423,4.499999999985079
2015-12,1449201600000,1449201600739,1449205201022,SHORT,1.09308,1.094,-87.99999999999919,-92.00000000000318,4.000000000003993
2015-12,1449206100000,1449206100369,1449216000079,LONG,1.09415,1.08721,-691.4999999999783,-693.9999999999947,2.500000000016371
2015-12,1449216900000,1449216900128,1449220500232,SHORT,1.08747,1.08859,-109.99999999998789,-112.000000000001,2.0000000000131024
2015-12,1449221400000,1449221400360,1449225000702,SHORT,1.0889,1.08723,169.5000000000002,167.00000000000603,2.4999999999941735
2015-12,1449225900000,1449225900181,1449229500507,SHORT,1.08625,1.0884,-212.49999999999324,-215.00000000000963,2.5000000000163993
2015-12,1449230400000,1449230400178,1449237600144,LONG,1.0885,1.09256,408.00000000000836,405.9999999999952,2.000000000013131
2015-12,1449238500000,1449238500432,1449242100324,LONG,1.09333,1.09371,40.499999999976666,38.0000000000047,2.499999999971969
2015-12,1449243000000,1449243000593,1449246600107,LONG,1.09295,1.08858,-435.4999999999887,-436.9999999999985,1.500000000009834
2015-12,1449247500000,1449247500240,1449251101086,SHORT,1.08919,1.08597,324.49999999999426,322.00000000000006,2.499999999994202
2015-12,1449256500000,1449256500472,1449260102402,LONG,1.08774,1.08708,-62.499999999987566,-65.99999999998829,3.5000000000007248
2015-12,1449261000000,1449261000400,1449264602683,LONG,1.08691,1.08715,31.00000000002545,24.000000000001798,7.000000000023654
2015-12,1449265500000,1449265500028,1449439209317,SHORT,1.08737,1.08765,5.499999999991623,-28.000000000005798,33.49999999999742
2015-12,1449440100000,1449440100043,1449443702898,SHORT,1.0871,1.08835,-113.99999999999189,-124.99999999999733,11.000000000005443
2015-12,1449444600000,1449444600234,1449448200289,SHORT,1.08847,1.08764,92.00000000000318,83.00000000001084,8.99999999999234
2015-12,1449449100000,1449449104716,1449452702985,LONG,1.08696,1.08691,-0.49999999998107114,-4.999999999988347,4.500000000007276
2015-12,1449453600000,1449453600042,1449457200891,LONG,1.0868,1.08597,-79.50000000001012,-82.99999999998863,3.499999999978513
2015-12,1449458100000,1449458102976,1449461701725,LONG,1.08598,1.08629,35.00000000000725,31.000000000003247,4.000000000004
2015-12,1449462600000,1449462614773,1449466201255,SHORT,1.08607,1.08643,-32.999999999994145,-35.999999999991594,2.999999999997449
2015-12,1449467100000,1449467100464,1449470700599,SHORT,1.08646,1.08677,-26.999999999999247,-31.000000000003247,4.000000000004
2015-12,1449471600000,1449471600216,1449475200213,LONG,1.08682,1.08575,-103.00000000000864,-106.99999999999044,3.999999999981796
2015-12,1449476100000,1449476100018,1449479700063,SHORT,1.08409,1.08211,200.50000000000347,198.00000000000927,2.499999999994202
2015-12,1449480600000,1449480600606,1449484200143,SHORT,1.08186,1.08064,124.49999999999406,121.99999999999989,2.4999999999941735
2015-12,1449485100000,1449485100063,1449488701319,LONG,1.08052,1.0819,139.50000000000352,138.0000000000159,1.4999999999876366
2015-12,1449494100000,1449494100126,1449497700163,SHORT,1.08093,1.08127,-32.000000000032,-34.000000000000696,1.9999999999686935
2015-12,1449498600000,1449498600170,1449504000245,SHORT,1.08092,1.08505,-409.49999999999596,-412.9999999999967,3.500000000000739
2015-12,1449504900000,1449504900585,1449511200173,LONG,1.08483,1.0851,30.49999999999997,26.999999999999247,3.5000000000007248
2015-12,1449512100000,1449512100464,1449518400310,SHORT,1.08592,1.08461,133.99999999998968,130.99999999999224,2.999999999997442
2015-12,1449519300000,1449519300338,1449522931537,LONG,1.08488,1.08402,-82.50000000002977,-86.0000000000083,3.4999999999785274
2015-12,1449523800000,1449523812841,1449527400396,SHORT,1.08346,1.08347,4.000000000026205,-0.9999999999843467,5.000000000010552
2015-12,1449528300000,1449528301059,1449531937088,SHORT,1.0833,1.08351,-15.00000000000945,-21.00000000000435,5.999999999994898
2015-12,1449532800000,1449532800364,1449536400335,SHORT,1.08336,1.08336,3.0000000000196536,0.0,3.0000000000196536
2015-12,1449537300000,1449537300093,1449543600360,LONG,1.08365,1.08514,151.9999999999966,148.99999999999915,2.999999999997442
2015-12,1449544500000,1449544500281,1449548100671,SHORT,1.08567,1.085,69.50000000001123,66.99999999999484,2.500000000016385
2015-12,1449549000000,1449549002547,1449552601194,LONG,1.08496,1.0848,-11.500000000008725,-15.999999999993797,4.4999999999850715
2015-12,1449553500000,1449553501019,1449557127331,SHORT,1.08534,1.08556,-21.00000000000435,-22.0000000000109,1.0000000000065512
2015-12,1449562500000,1449562500305,1449566100111,SHORT,1.08746,1.08601,147.4999999999893,145.00000000001734,2.499999999971976
2015-12,1449567000000,1449567000107,1449570601497,SHORT,1.08575,1.08434,141.99999999999767,140.99999999999113,1.000000000006537
2015-12,1449571500000,1449571500032,1449575105002,LONG,1.08519,1.08551,34.50000000000397,31.999999999987594,2.500000000016378
2015-12,1449576000000,1449576000253,1449579600044,SHORT,1.08594,1.08653,-55.99999999998939,-59.000000000009045,3.0000000000196536
2015-12,1449580500000,1449580500064,1449584100776,SHORT,1.08763,1.08952,-187.00000000000384,-188.9999999999947,1.9999999999908766
2015-12,1449585000000,1449585000448,1449588600126,LONG,1.08868,1.08926,59.99999999999339,57.99999999998029,2.0000000000131024
2015-12,1449589500000,1449589500299,1449593105595,LONG,1.08838,1.08761,-75.00000000000284,-76.99999999999375,1.999999999990905
2015-12,1449594000000,1449594000181,1449597600412,SHORT,1.08747,1.08895,-146.00000000002387,-148.00000000001478,1.999999999990905
2015-12,1449598500000,1449598500137,1449602100181,LONG,1.08953,1.08931,-18.500000000010175,-22.0000000000109,3.5000000000007248
2015-12,1449603000000,1449603000382,1449606605506,SHORT,1.08916,1.08923,-4.500000000007276,-7.0000000000014495,2.4999999999941735
2015-12,1449607500000,1449607500196,1449611104722,SHORT,1.08901,1.08928,-24.000000000001798,-26.999999999999247,2.999999999997449
2015-12,1449612000000,1449612000126,1449615600097,LONG,1.08927,1.08935,17.000000000000348,8.000000000008,8.999999999992347
2015-12,1449619200000,1449619200588,1449622800362,LONG,1.08927,1.08834,-88.50000000000247,-92.99999999998754,4.499999999985064
2015-12,1449623700000,1449623715456,1449627300457,LONG,1.08829,1.08955,130.49999999998897,126.0000000000039,4.499999999985079
2015-12,1449628200000,1449628200289,1449631800608,LONG,1.09046,1.09072,29.49999999999342,25.999999999992696,3.5000000000007248
2015-12,1449632700000,1449632701418,1449636323598,SHORT,1.09078,1.09037,44.99999999998394,41.000000000002146,3.999999999981796
2015-12,1449637200000,1449637200068,1449640800150,LONG,1.0912,1.09074,-41.50000000000542,-45.99999999999049,4.4999999999850715
2015-12,1449641700000,1449641707465,1449645300411,SHORT,1.09121,1.09256,-132.99999999998312,-134.99999999999625,2.000000000013131
2015-12,1449646200000,1449646204026,1449649801038,LONG,1.09196,1.09235,42.0000000000087,38.99999999998904,3.0000000000196536
2015-12,1449650700000,1449650700563,1449654300973,LONG,1.09139,1.09363,226.49999999999613,224.000000000002,2.499999999994145
2015-12,1449655200000,1449655200927,1449658800267,SHORT,1.09308,1.09315,-5.499999999991623,-7.0000000000014495,1.5000000000098268
2015-12,1449659700000,1449659700179,1449663300886,SHORT,1.09334,1.09281,54.99999999998284,52.99999999999194,1.999999999990898
2015-12,1449664200000,1449664200174,1449667800895,SHORT,1.0933,1.09504,-171.5000000000133,-174.00000000000747,2.4999999999941735
2015-12,1449668700000,1449668700340,1449672300132,SHORT,1.09612,1.09635,-21.500000000007624,-22.999999999995246,1.4999999999876223
2015-12,1449673200000,1449673200360,1449676800036,SHORT,1.09733,1.09619,116.49999999998606,113.99999999999189,2.4999999999941735
2015-12,1449677700000,1449677700323,1449681300149,LONG,1.09695,1.09815,122.49999999998096,119.99999999998678,2.4999999999941735
2015-12,1449682200000,1449682200096,1449685800069,LONG,1.09895,1.10204,312.9999999999633,308.9999999999815,3.9999999999817533
2015-12,1449686700000,1449686701732,1449690300351,LONG,1.10187,1.10363,179.4999999999991,176.00000000002058,3.499999999978513
2015-12,1449691200000,1449691200237,1449698400122,LONG,1.1025,1.1024,-2.999999999997449,-9.999999999998899,7.0000000000014495
2015-12,1449699300000,1449699300214,1449702912841,LONG,1.10218,1.10167,-38.99999999998904,-51.000000000001044,12.000000000012001
2015-12,1449703800000,1449703800521,1449707401403,LONG,1.10156,1.10172,18.0000000000069,15.999999999993797,2.0000000000131024
2015-12,1449708300000,1449708300415,1449711903807,LONG,1.10142,1.10097,-39.999999999995595,-45.000000000006146,5.000000000010552
2015-12,1449712800000,1449712805486,1449716400099,SHORT,1.10069,1.10116,-45.000000000006146,-46.999999999997044,1.999999999990898
2015-12,1449717300000,1449717304215,1449720900462,LONG,1.10097,1.10091,-3.5000000000007248,-5.999999999994898,2.4999999999941735
2015-12,1449721800000,1449721800855,1449725400728,LONG,1.10097,1.10036,-59.00000000003125,-60.99999999999994,1.9999999999686935
2015-12,1449726300000,1449726300239,1449729900337,SHORT,1.10044,1.09946,100.0000000000112,97.9999999999981,2.0000000000131024
2015-12,1449730800000,1449730800556,1449734400526,SHORT,1.09926,1.09964,-37.00000000002035,-38.0000000000047,0.9999999999843467
2015-12,1449735300000,1449735300332,1449738901725,SHORT,1.09886,1.09712,176.49999999997945,173.99999999998528,2.4999999999941735
2015-12,1449739800000,1449739800043,1449743400183,SHORT,1.09649,1.09439,211.5000000000089,209.9999999999991,1.5000000000098055
2015-12,1449744300000,1449744300454,1449747900031,LONG,1.09434,1.09585,153.00000000000313,150.99999999999002,2.0000000000131024
2015-12,1449748800000,1449748800068,1449752400916,SHORT,1.09514,1.09505,11.00000000000545,8.999999999992347,2.0000000000131024
2015-12,1449753300000,1449753300075,1449756900019,SHORT,1.09434,1.09593,-157.00000000000713,-158.99999999999804,1.999999999990905
2015-12,1449757800000,1449757800202,1449761400320,SHORT,1.0957,1.09512,60.49999999999667,57.99999999998029,2.500000000016378
2015-12,1449762300000,1449762300281,1449765901719,LONG,1.09443,1.09504,63.000000000013046,60.99999999999994,2.0000000000131024
2015-12,1449766800000,1449766800867,1449770400223,SHORT,1.09469,1.09472,0.49999999998107114,-2.999999999997449,3.4999999999785203
2015-12,1449771300000,1449771301529,1449774900794,LONG,1.09555,1.09325,-226.99999999999943,-229.99999999999687,2.999999999997442
2015-12,1449775800000,1449775800311,1449779400153,SHORT,1.09315,1.09369,-50.99999999997884,-53.999999999998494,3.0000000000196536
2015-12,1449780300000,1449780300772,1449783904212,SHORT,1.09379,1.09392,-8.499999999989072,-12.999999999996348,4.500000000007276
2015-12,1449789300000,1449789300273,1449792900011,SHORT,1.09439,1.09403,39.50000000001452,35.999999999991594,3.500000000022929
2015-12,1449793800000,1449793800011,1449797402199,SHORT,1.09359,1.09311,49.50000000001342,48.000000000003595,1.5000000000098268
2015-12,1449798300000,1449798301948,1449801903387,SHORT,1.09294,1.09313,-16.499999999997073,-18.999999999991246,2.4999999999941735
2015-12,1449802800000,1449802801728,1449806400697,SHORT,1.09304,1.09356,-49.49999999999122,-52.000000000007596,2.500000000016378
2015-12,1449807300000,1449807304848,1449810922873,LONG,1.09354,1.09364,12.499999999993072,9.999999999998899,2.4999999999941735
2015-12,1449811800000,1449811806133,1449815400135,SHORT,1.09402,1.09485,-79.99999999999119,-83.00000000001084,3.0000000000196536
2015-12,1449816300000,1449816300059,1449819900433,LONG,1.09414,1.09557,145.4999999999984,143.00000000000423,2.4999999999941735
2015-12,1449820800000,1449820800307,1449824400008,LONG,1.09518,1.0963,114.0000000000141,112.000000000001,2.0000000000131024
2015-12,1449825300000,1449825300496,1449828900092,SHORT,1.09665,1.09413,253.4999999999954,251.99999999998556,1.500000000009834
2015-12,1449829800000,1449829800104,1449833400368,LONG,1.09555,1.09662,109.50000000000682,106.99999999999044,2.500000000016385
2015-12,1449834300000,1449834300585,1449837900257,LONG,1.09729,1.09646,-80.50000000001667,-83.00000000001084,2.4999999999941735
2015-12,1449838800000,1449838800279,1449842400234,LONG,1.09595,1.09525,-67.50000000002032,-69.9999999999923,2.499999999971976
2015-12,1449843300000,1449843300221,1449846900130,LONG,1.09656,1.09671,18.500000000010175,15.00000000000945,3.5000000000007248
2015-12,1449847800000,1449847800019,1449851400148,SHORT,1.09763,1.09853,-87.99999999999919,-89.99999999999008,1.9999999999908908
2015-12,1449852300000,1449852300394,1449855900133,LONG,1.0989,1.09986,99.99999999998899,96.00000000000719,3.999999999981796
2015-12,1449856800000,1449856800092,1449860400775,LONG,1.09945,1.09898,-44.0000000000218,-46.999999999997044,2.9999999999752447
2015-12,1449861300000,1449861300333,1449864903424,SHORT,1.09856,1.09943,-84.0000000000174,-86.99999999999264,2.9999999999752447
2015-12,1449865800000,1449865800669,1449869400066,LONG,1.09954,1.09899,-50.49999999999777,-55.000000000005045,4.500000000007276
2015-12,1449870300000,1449870300229,1450044015156,SHORT,1.0996,1.09866,112.49999999998207,93.99999999999409,18.499999999987978
2015-12,1450044900000,1450044901154,1450048500214,LONG,1.09881,1.09742,-128.49999999999807,-139.00000000000023,10.50000000000216
2015-12,1450049400000,1450049400198,1450053000665,SHORT,1.09682,1.09738,-50.49999999999777,-56.000000000011596,5.500000000013827
2015-12,1450053900000,1450053902015,1450058405570,LONG,1.09807,1.09701,-101.49999999997661,-106.00000000000608,4.500000000029473
2015-12,1450059300000,1450059302230,1450065608619,SHORT,1.09642,1.09585,61.499999999981014,56.99999999999594,4.4999999999850715
2015-12,1450066500000,1450066500527,1450072800330,SHORT,1.09582,1.09643,-57.50000000002142,-60.99999999999994,3.4999999999785203
2015-12,1450073700000,1450073700511,1450077300313,LONG,1.0966,1.09587,-69.49999999998902,-73.00000000001194,3.500000000022922
2015-12,1450078200000,1450078200074,1450083600067,SHORT,1.0954,1.09536,7.499999999982521,4.000000000004,3.4999999999785203
2015-12,1450084500000,1450084500820,1450088100077,LONG,1.09573,1.09595,24.000000000001798,21.999999999988695,2.0000000000131024
2015-12,1450089000000,1450089000250,1450092600022,SHORT,1.09632,1.09763,-127.50000000001371,-131.00000000001444,3.5000000000007248
2015-12,1450093500000,1450093500051,1450097100011,SHORT,1.09809,1.09754,57.49999999999922,55.000000000005045,2.4999999999941735
2015-12,1450098000000,1450098000320,1450105200100,SHORT,1.0971,1.09963,-251.00000000000122,-253.00000000001432,2.0000000000131024
2015-12,1450106100000,1450106100213,1450109700200,SHORT,1.10165,1.10434,-267.5000000000205,-269.00000000000813,1.4999999999876081
2015-12,1450110600000,1450110600290,1450114200294,LONG,1.10381,1.10264,-114.99999999999844,-116.99999999998934,1.999999999990905
2015-12,1450115100000,1450115100295,1450118700154,SHORT,1.10219,1.10132,87.99999999999919,86.99999999999264,1.0000000000065512
2015-12,1450119600000,1450119600193,1450123200099,LONG,1.10122,1.09991,-129.00000000000134,-131.00000000001444,2.0000000000131024
2015-12,1450124100000,1450124101081,1450130400094,SHORT,1.09925,1.09931,4.000000000026205,-5.999999999994898,10.000000000021103
2015-12,1450131300000,1450131305321,1450134900101,SHORT,1.09933,1.09987,-44.99999999998394,-53.999999999998494,9.000000000014552
2015-12,1450135800000,1450135800222,1450139400349,SHORT,1.09974,1.09949,28.49999999998687,24.999999999986144,3.5000000000007248
2015-12,1450140300000,1450140300577,1450143901619,LONG,1.10031,1.10028,-1.0000000000065512,-2.999999999997449,1.999999999990898
2015-12,1450144800000,1450144801024,1450148400248,SHORT,1.10116,1.10065,53.49999999999522,51.000000000001044,2.4999999999941735
2015-12,1450149300000,1450149301009,1450152907405,LONG,1.10043,1.10174,133.4999999999642,130.99999999999224,2.4999999999719478
2015-12,1450153800000,1450153804669,1450157403362,SHORT,1.10217,1.10217,4.4999999999850715,0.0,4.4999999999850715
2015-12,1450158300000,1450158300584,1450161902259,SHORT,1.10277,1.10277,3.0000000000196536,0.0,3.0000000000196536
2015-12,1450162800000,1450162800202,1450173600038,SHORT,1.10365,1.10265,107.50000000001592,100.0000000000112,7.500000000004718
2015-12,1450174500000,1450174500161,1450178100171,SHORT,1.10288,1.10087,202.9999999999976,201.00000000000674,1.9999999999908766
2015-12,1450179000000,1450179000146,1450182600220,SHORT,1.10115,1.09983,134.50000000001518,131.99999999999878,2.5000000000163993
2015-12,1450183500000,1450183500387,1450187100083,LONG,1.09934,1.09762,-168.99999999999693,-171.99999999999437,2.999999999997442
2015-12,1450188000000,1450188000234,1450191600242,SHORT,1.09713,1.09581,135.49999999999952,131.99999999999878,3.500000000000739
2015-12,1450192500000,1450192500521,1450196100094,SHORT,1.09469,1.09261,210.49999999998016,207.99999999998596,2.499999999994202
2015-12,1450197000000,1450197000371,1450200600106,SHORT,1.09268,1.09206,64.50000000000067,62.000000000006494,2.4999999999941735
2015-12,1450201500000,1450201500077,1450205103853,LONG,1.09204,1.09205,4.500000000007276,1.0000000000065512,3.5000000000007248
2015-12,1450206000000,1450206000326,1450213200445,SHORT,1.09131,1.09213,-79.49999999998792,-82.00000000000429,2.500000000016371
2015-12,1450214100000,1450214100536,1450217701206,LONG,1.09279,1.09241,-25.500000000011624,-37.99999999998249,12.499999999970868
2015-12,1450218600000,1450218600300,1450222200194,LONG,1.09267,1.09355,97.50000000001702,87.99999999999919,9.500000000017835
2015-12,1450223100000,1450223100113,1450226704599,LONG,1.09355,1.09303,-47.500000000022524,-52.000000000007596,4.4999999999850715
2015-12,1450227600000,1450227600275,1450231200790,LONG,1.09346,1.09426,80.99999999999774,79.99999999999119,1.0000000000065512
2015-12,1450232100000,1450232123588,1450235707836,LONG,1.09431,1.09434,5.999999999994898,3.0000000000196536,2.9999999999752447
2015-12,1450236600000,1450236600213,1450240200420,SHORT,1.09433,1.09355,80.99999999999774,78.00000000000028,2.9999999999974563
2015-12,1450241100000,1450241100934,1450249200080,LONG,1.09324,1.09474,151.4999999999933,150.00000000000568,1.4999999999876081
2015-12,1450250100000,1450250100150,1450253700192,LONG,1.09467,1.09277,-188.9999999999947,-190.00000000000128,1.0000000000065654
2015-12,1450254600000,1450254600038,1450258200035,LONG,1.09408,1.09301,-95.999999999985,-106.99999999999044,11.000000000005443
2015-12,1450259100000,1450259100087,1450262700063,SHORT,1.09195,1.09221,-22.999999999973042,-25.999999999992696,3.0000000000196536
2015-12,1450263600000,1450263601079,1450267200276,SHORT,1.09213,1.09261,-46.0000000000127,-48.000000000003595,1.999999999990898
2015-12,1450268100000,1450268100305,1450271700251,LONG,1.09183,1.09328,146.50000000000495,144.99999999999514,1.5000000000098055
2015-12,1450272600000,1450272600036,1450276200491,SHORT,1.09293,1.09266,36.49999999999487,26.999999999999247,9.499999999995623
2015-12,1450277100000,1450277100121,1450280700171,LONG,1.09259,1.09286,28.49999999998687,26.999999999999247,1.4999999999876223
2015-12,1450281600000,1450281600126,1450285200548,LONG,1.09458,1.09365,-91.49999999999991,-93.00000000000975,1.500000000009834
2015-12,1450286100000,1450286100106,1450289700255,SHORT,1.09287,1.09373,-83.49999999999191,-86.0000000000083,2.500000000016385
2015-12,1450290600000,1450290600337,1450294200187,LONG,1.09476,1.09471,-2.4999999999941735,-4.999999999988347,2.4999999999941735
2015-12,1450295100000,1450295100188,1450298700270,SHORT,1.09914,1.09251,666.9999999999953,662.9999999999914,4.000000000003979
2015-12,1450299600000,1450299600132,1450303200438,SHORT,1.09176,1.09126,56.000000000011596,50.0000000000167,5.999999999994898
2015-12,1450304100000,1450304102042,1450307700333,SHORT,1.09063,1.08716,367.5000000000095,347.0000000000084,20.50000000000108
2015-12,1450308600000,1450308600381,1450312200562,SHORT,1.08705,1.08858,-146.50000000000495,-153.00000000000313,6.499999999998181
2015-12,1450313100000,1450313100345,1450316700222,SHORT,1.08771,1.08645,127.99999999999478,126.0000000000039,1.9999999999908908
2015-12,1450317600000,1450317600244,1450321200235,SHORT,1.08521,1.08505,19.00000000001345,15.999999999993797,3.0000000000196536
2015-12,1450322100000,1450322100839,1450325700690,SHORT,1.08473,1.08465,10.999999999983245,8.000000000008,2.9999999999752447
2015-12,1450326600000,1450326600230,1450332000468,SHORT,1.08452,1.08545,-90.99999999999665,-93.00000000000975,2.0000000000131024
2015-12,1450332900000,1450332902066,1450336500366,SHORT,1.08552,1.08709,-153.9999999999875,-156.99999999998494,2.999999999997442
2015-12,1450337400000,1450337400286,1450342800016,SHORT,1.08597,1.08683,-80.00000000001339,-85.99999999998609,5.999999999972701
2015-12,1450343700000,1450343700987,1450347300626,LONG,1.08714,1.08546,-165.4999999999962,-167.9999999999904,2.499999999994202
2015-12,1450348200000,1450348201072,1450353600239,SHORT,1.08444,1.08419,27.00000000002145,25.00000000000835,2.0000000000131024
2015-12,1450354500000,1450354501175,1450358100174,SHORT,1.08463,1.08433,31.999999999987594,29.999999999996696,1.999999999990898
2015-12,1450359000000,1450359001188,1450368000047,LONG,1.08353,1.08337,-7.000000000023654,-16.000000000016,8.999999999992347
2015-12,1450368900000,1450368900656,1450372501540,LONG,1.08179,1.08044,-131.99999999999878,-134.99999999999625,2.9999999999974705
2015-12,1450373400000,1450373400492,1450377000622,SHORT,1.08041,1.08144,-100.50000000001447,-102.99999999998644,2.499999999971976
2015-12,1450377900000,1450377900217,1450382400062,SHORT,1.08081,1.08039,43.999999999999595,42.0000000000087,1.999999999990898
2015-12,1450383300000,1450383305119,1450386901799,SHORT,1.0807,1.08182,-107.99999999999699,-112.000000000001,4.0000000000040075
2015-12,1450387800000,1450387814100,1450391400432,SHORT,1.08182,1.08334,-144.0000000000108,-151.9999999999966,7.999999999985789
2015-12,1450392300000,1450392301758,1450395900905,LONG,1.08341,1.08375,41.500000000027626,34.000000000000696,7.50000000002693
2015-12,1450396800000,1450396800473,1450400401369,LONG,1.08431,1.08378,-50.49999999999777,-53.00000000001415,2.500000000016378
2015-12,1450401300000,1450401301100,1450404900653,SHORT,1.08388,1.08328,62.50000000000977,59.99999999999339,2.500000000016378
2015-12,1450405800000,1450405806713,1450409401289,LONG,1.08367,1.0843,64.99999999998174,63.000000000013046,1.9999999999686935
2015-12,1450410300000,1450410301412,1450413903163,LONG,1.08418,1.08474,60.000000000015596,56.000000000011596,4.000000000004
2015-12,1450414800000,1450414800141,1450418400227,LONG,1.08469,1.08515,49.99999999999449,46.0000000000127,3.999999999981796
2015-12,1450419300000,1450419300467,1450422900023,LONG,1.08508,1.08582,76.99999999997154,73.99999999999629,2.9999999999752447
2015-12,1450423800000,1450423800175,1450427400118,SHORT,1.08559,1.08158,404.5000000000076,401.00000000000693,3.500000000000682
2015-12,1450428300000,1450428300377,1450431900401,SHORT,1.08131,1.08164,-30.999999999981043,-32.999999999994145,2.0000000000131024
2015-12,1450432800000,1450432800463,1450436400104,LONG,1.08239,1.08208,-28.500000000031278,-31.000000000003247,2.499999999971969
2015-12,1450437300000,1450437303175,1450440904559,SHORT,1.08198,1.08379,-178.99999999999582,-181.00000000000892,2.0000000000131024
2015-12,1450441800000,1450441800289,1450445400038,LONG,1.08306,1.0824,-63.49999999999412,-65.99999999998829,2.4999999999941735
2015-12,1450446300000,1450446300140,1450449900705,LONG,1.08233,1.08277,46.999999999997044,43.999999999999595,2.999999999997449
2015-12,1450450800000,1450450800013,1450454400090,LONG,1.08358,1.08447,90.50000000001558,89.00000000000574,1.500000000009834
2015-12,1450455300000,1450455300050,1450461600238,LONG,1.08427,1.0837,-55.50000000000832,-56.99999999999594,1.4999999999876223
2015-12,1450462500000,1450462500014,1450466101233,LONG,1.08374,1.08403,32.000000000032,29.00000000001235,3.0000000000196536
2015-12,1450467000000,1450467000051,1450470600084,LONG,1.08442,1.08687,248.50000000000705,245.0000000000063,3.500000000000739
2015-12,1450471500000,1450471500165,1450648815155,SHORT,1.08634,1.08595,68.00000000000139,39.00000000001125,28.999999999990145
2015-12,1450649700000,1450649705725,1450659600593,SHORT,1.0858,1.08694,-96.50000000001046,-113.99999999999189,17.499999999981426
2015-12,1450660500000,1450660500753,1450664100562,SHORT,1.087,1.08678,25.499999999967216,21.999999999988695,3.4999999999785203
2015-12,1450665000000,1450665005417,1450668600258,LONG,1.08682,1.0865,-28.500000000009074,-31.999999999987594,3.4999999999785203
2015-12,1450669500000,1450669500616,1450674000293,LONG,1.08656,1.08702,49.49999999999122,46.0000000000127,3.4999999999785203
2015-12,1450674900000,1450674900426,1450678507581,SHORT,1.08671,1.08774,-97.49999999999481,-102.99999999998644,5.49999999999163
2015-12,1450679400000,1450679400034,1450683000837,SHORT,1.08766,1.0876,9.000000000014552,6.000000000017103,2.999999999997449
2015-12,1450683900000,1450683900932,1450687501189,SHORT,1.08723,1.08536,188.9999999999947,186.99999999998164,2.000000000013074
2015-12,1450688400000,1450688400145,1450692000082,LONG,1.08581,1.0854,-39.00000000001125,-41.000000000002146,1.999999999990898
2015-12,1450692900000,1450692901452,1450696500291,LONG,1.08569,1.08637,71.00000000002105,68.00000000000139,3.0000000000196536
2015-12,1450697400000,1450697400109,1450701001116,LONG,1.0868,1.08614,-63.49999999999412,-65.99999999998829,2.4999999999941735
2015-12,1450701900000,1450701901262,1450706400316,LONG,1.08667,1.08964,299.00000000000483,296.9999999999917,2.000000000013131
2015-12,1450707300000,1450707301059,1450710900268,SHORT,1.08953,1.09033,-77.99999999997809,-79.99999999999119,2.0000000000131024
2015-12,1450711800000,1450711801197,1450715400074,LONG,1.09086,1.09251,166.99999999998383,165.00000000001512,1.9999999999687077
2015-12,1450716300000,1450716300198,1450719900199,LONG,1.09323,1.09159,-161.49999999997,-163.9999999999864,2.5000000000163993
2015-12,1450720800000,1450720800136,1450724400223,LONG,1.09117,1.09102,-11.499999999964317,-14.999999999987246,3.500000000022929
2015-12,1450725300000,1450725300631,1450728900679,SHORT,1.0917,1.09265,-89.99999999999008,-95.00000000000064,5.000000000010559
2015-12,1450729800000,1450729800798,1450733400164,SHORT,1.0925,1.09187,66.50000000001377,63.000000000013046,3.5000000000007248
2015-12,1450734300000,1450734300567,1450737903279,SHORT,1.09145,1.09148,4.000000000004,-2.999999999997449,7.0000000000014495
2015-12,1450738800000,1450738800208,1450742400103,SHORT,1.0909,1.09111,-18.0000000000069,-21.00000000000435,2.999999999997449
2015-12,1450743300000,1450743306260,1450746901303,SHORT,1.09116,1.09096,22.500000000014175,19.999999999997797,2.500000000016378
2015-12,1450747800000,1450747800717,1450753200152,SHORT,1.09105,1.09191,-83.99999999997299,-85.99999999998609,2.0000000000131024
2015-12,1450754100000,1450754106077,1450757702903,LONG,1.09211,1.09139,-69.00000000000794,-71.99999999998319,2.9999999999752447
2015-12,1450758600000,1450758603570,1450762203902,LONG,1.0917,1.09147,-19.49999999999452,-22.999999999995246,3.5000000000007248
2015-12,1450763100000,1450763101740,1450766700655,LONG,1.09109,1.09148,42.50000000001197,39.00000000001125,3.5000000000007248
2015-12,1450767600000,1450767600137,1450771200295,LONG,1.09159,1.09207,51.00000000002325,48.000000000003595,3.0000000000196536
2015-12,1450772100000,1450772100072,1450775701551,LONG,1.09162,1.09219,60.49999999997446,56.99999999999594,3.4999999999785203
2015-12,1450776600000,1450776600644,1450780203340,SHORT,1.09307,1.09328,-19.49999999999452,-21.00000000000435,1.5000000000098268
2015-12,1450781100000,1450781100502,1450784700015,LONG,1.09319,1.09362,45.99999999999049,42.999999999993044,2.999999999997449
2015-12,1450790100000,1450790100033,1450793700115,LONG,1.09524,1.09527,5.000000000010552,2.999999999997449,2.0000000000131024
2015-12,1450794600000,1450794600232,1450798200181,SHORT,1.09631,1.09759,-125.50000000000061,-128.000000000017,2.500000000016385
2015-12,1450799100000,1450799100098,1450802701170,LONG,1.09719,1.09696,-21.500000000007624,-23.00000000001745,1.5000000000098268
2015-12,1450803600000,1450803600025,1450807200868,SHORT,1.09772,1.09709,65.50000000000722,63.000000000013046,2.4999999999941735
2015-12,1450808100000,1450808105209,1450814400547,LONG,1.09657,1.09513,-141.00000000001333,-144.0000000000108,2.9999999999974705
2015-12,1450815300000,1450815300523,1450818901839,SHORT,1.09549,1.09532,20.49999999997887,17.000000000000348,3.4999999999785203
2015-12,1450819800000,1450819830344,1450823400145,SHORT,1.09537,1.09545,-4.500000000007276,-8.000000000008,3.5000000000007248
2015-12,1450824300000,1450824300561,1450827909284,LONG,1.09523,1.09488,-24.000000000001798,-34.99999999998504,10.999999999983245
2015-12,1450828800000,1450828800978,1450832400154,SHORT,1.09485,1.09503,-14.49999999998397,-17.999999999984695,3.5000000000007248
2015-12,1450833300000,1450833302861,1450836911162,LONG,1.09502,1.094,-98.50000000000136,-102.00000000000209,3.5000000000007248
2015-12,1450837800000,1450837801966,1450841404660,SHORT,1.09332,1.09399,-64.0000000000196,-66.99999999999484,2.9999999999752447
2015-12,1450843200000,1450843200553,1450846806796,SHORT,1.09468,1.09382,90.99999999999665,86.0000000000083,4.999999999988347
2015-12,1450847700000,1450847715593,1450851300465,SHORT,1.0941,1.09356,56.49999999999267,53.999999999998494,2.4999999999941735
2015-12,1450852200000,1450852201062,1450855800726,LONG,1.09353,1.09301,-47.99999999998139,-51.99999999998539,4.000000000004
2015-12,1450856700000,1450856700176,1450860300670,SHORT,1.0933,1.09205,129.00000000000134,124.99999999999733,4.0000000000040075
2015-12,1450861200000,1450861201257,1450864800115,SHORT,1.09187,1.09227,-36.0000000000138,-40.0000000000178,4.000000000004
2015-12,1450865700000,1450865701951,1450869300023,LONG,1.09255,1.09235,-17.500000000003624,-19.999999999997797,2.4999999999941735
2015-12,1450870200000,1450870200427,1450873800097,LONG,1.09324,1.0924,-82.00000000000429,-83.9999999999952,1.999999999990905
2015-12,1450874700000,1450874700561,1450878300144,SHORT,1.09221,1.09129,93.99999999999409,91.99999999998099,2.0000000000131024
2015-12,1450879200000,1450879200830,1450882800086,LONG,1.09007,1.09035,38.0000000000047,27.999999999983594,10.000000000021103
2015-12,1450883700000,1450883700990,1450887300549,LONG,1.09067,1.08919,-145.4999999999984,-147.99999999999258,2.4999999999941735
2015-12,1450888200000,1450888200008,1450891800239,LONG,1.08763,1.08748,-13.500000000021828,-15.00000000000945,1.4999999999876223
2015-12,1450892700000,1450892701980,1450896300456,SHORT,1.08761,1.08974,-208.99999999999253,-212.99999999999653,4.0000000000040075
2015-12,1450897200000,1450897200101,1450900800201,SHORT,1.09059,1.09112,-51.000000000001044,-53.00000000001415,2.0000000000131024
2015-12,1450901700000,1450901702408,1450905300149,LONG,1.09081,1.09162,85.00000000000173,80.99999999999774,4.000000000003993
2015-12,1450906200000,1450906200076,1450909800272,LONG,1.09143,1.09111,-10.999999999983245,-31.999999999987594,21.00000000000435
2015-12,1450910700000,1450910701713,1450914301616,SHORT,1.09072,1.09077,4.999999999988347,-5.000000000010552,9.999999999998899
2015-12,1450917900000,1450917902889,1450921500596,LONG,1.09172,1.09197,27.499999999980318,25.00000000000835,2.499999999971969
2015-12,1450926900000,1450926904646,1450930507498,SHORT,1.09389,1.09292,100.49999999999227,97.00000000001374,3.4999999999785274
2015-12,1450931400000,1450931400742,1450936800293,LONG,1.0928,1.09367,90.00000000001229,86.99999999999264,3.0000000000196536
2015-12,1450937700000,1450937703056,1450941300487,SHORT,1.09338,1.09345,-2.999999999997449,-7.0000000000014495,4.000000000004
2015-12,1450942200000,1450942200157,1450945800523,LONG,1.09415,1.09458,45.99999999999049,43.00000000001525,2.9999999999752447
2015-12,1450946700000,1450946700859,1450950300362,SHORT,1.09471,1.09593,-118.49999999999916,-121.99999999999989,3.5000000000007248
2015-12,1450951200000,1450951201014,1450954810340,LONG,1.09602,1.09567,-30.49999999999997,-35.00000000000725,4.500000000007276
2015-12,1450955700000,1450955700117,1450962000846,LONG,1.09553,1.09455,-93.99999999999409,-97.9999999999981,4.0000000000040075
2015-12,1450962900000,1450962900050,1450966500998,LONG,1.09452,1.094,-50.49999999999777,-51.99999999998539,1.4999999999876223
2015-12,1450967400000,1450967402180,1450971004955,LONG,1.09441,1.09435,0.9999999999843467,-6.000000000017103,7.0000000000014495
2015-12,1450971900000,1450971900207,1450975502629,LONG,1.09479,1.0955,75.49999999998391,70.99999999999883,4.499999999985079
2015-12,1450976400000,1450976400179,1450980000059,SHORT,1.09543,1.09526,19.999999999997797,17.000000000000348,2.999999999997449
2015-12,1450980900000,1450980900173,1450984515214,LONG,1.09519,1.0965,141.4999999999944,130.99999999999224,10.50000000000216
2015-12,1450986300000,1450986305449,1450989901791,LONG,1.09656,1.0963,-8.000000000008,-25.999999999992696,17.999999999984695
2015-12,1451004300000,1451004367697,1451007951293,SHORT,1.09553,1.09574,3.999999999981796,-21.00000000000435,24.999999999986144
2015-12,1451008800000,1451008858495,1451012401343,LONG,1.09558,1.09565,39.50000000001452,7.0000000000014495,32.500000000013074
2015-12,1451016000000,1451016045319,1451019608004,LONG,1.09648,1.09662,39.49999999999232,14.000000000002899,25.49999999998942
2015-12,1451023200000,1451023240780,1451026846878,LONG,1.09701,1.09682,-2.999999999997449,-19.00000000001345,16.000000000016
2015-12,1451257200000,1451257200199,1451260800134,LONG,1.09635,1.09642,18.500000000010175,7.0000000000014495,11.500000000008725
2015-12,1451261700000,1451261701302,1451268000005,SHORT,1.09697,1.09706,-4.4999999999850715,-8.999999999992347,4.500000000007276
2015-12,1451268900000,1451268913068,1451272513421,LONG,1.09727,1.09735,11.500000000008725,8.000000000008,3.5000000000007248
2015-12,1451273400000,1451273400246,1451277002849,SHORT,1.09747,1.09765,-14.999999999987246,-18.0000000000069,3.0000000000196536
2015-12,1451277900000,1451277900523,1451281502383,SHORT,1.09772,1.09725,52.49999999998867,46.999999999997044,5.499999999991623
2015-12,1451282400000,1451282400311,1451289600225,SHORT,1.09745,1.09657,91.99999999998099,87.99999999999919,3.999999999981796
2015-12,1451290500000,1451290500533,1451296800526,SHORT,1.09664,1.09794,-127.50000000001371,-129.99999999998568,2.499999999971962
2015-12,1451297700000,1451297711240,1451301301245,SHORT,1.09778,1.09884,-102.00000000000209,-106.00000000000608,4.000000000003993
2015-12,1451302200000,1451302201159,1451307600105,LONG,1.09877,1.09735,-139.9999999999846,-141.99999999999767,2.000000000013074
2015-12,1451308500000,1451308500128,1451312105371,LONG,1.0961,1.09771,163.9999999999864,160.99999999998892,2.9999999999974705
2015-12,1451313000000,1451313000509,1451318400007,LONG,1.09782,1.09732,-47.500000000022524,-49.99999999999449,2.499999999971969
2015-12,1451319300000,1451319302881,1451322905901,SHORT,1.09731,1.09774,-38.50000000000797,-42.999999999993044,4.4999999999850715
2015-12,1451323800000,1451323824706,1451327402801,LONG,1.09762,1.09749,-8.499999999989072,-12.999999999996348,4.500000000007276
2015-12,1451328300000,1451328301117,1451331900142,LONG,1.09768,1.09747,-16.499999999997073,-21.00000000000435,4.500000000007276
2015-12,1451332800000,1451332800227,1451336400327,SHORT,1.09751,1.0974,14.500000000028379,11.00000000000545,3.500000000022929
2015-12,1451337300000,1451337301167,1451340906110,LONG,1.09725,1.09668,-50.49999999999777,-56.99999999999594,6.499999999998174
2015-12,1451341800000,1451341800185,1451345400396,LONG,1.09694,1.0972,35.49999999998832,25.999999999992696,9.499999999995623
2015-12,1451346300000,1451346300367,1451349900084,LONG,1.09717,1.09792,79.49999999998792,75.00000000000284,4.499999999985079
2015-12,1451350800000,1451350800272,1451354400214,LONG,1.09812,1.09813,4.500000000007276,1.0000000000065512,3.5000000000007248
2015-12,1451355300000,1451355303410,1451358916210,SHORT,1.09785,1.09747,42.50000000003418,38.0000000000047,4.50000000002948
2015-12,1451359800000,1451359800549,1451363411788,SHORT,1.09783,1.09782,4.4999999999850715,1.0000000000065512,3.4999999999785203
2015-12,1451364300000,1451364309475,1451367902940,SHORT,1.09766,1.09715,54.500000000023974,51.000000000001044,3.500000000022929
2015-12,1451376900000,1451376900263,1451380500309,LONG,1.09754,1.09906,153.50000000000642,151.9999999999966,1.500000000009834
2015-12,1451381400000,1451381400669,1451385000238,SHORT,1.09843,1.09714,130.50000000001117,129.00000000000134,1.500000000009834
2015-12,1451385900000,1451385900242,1451389500766,LONG,1.09696,1.09699,5.500000000013827,2.999999999997449,2.500000000016378
2015-12,1451394900000,1451394900151,1451398500233,SHORT,1.09511,1.09321,191.99999999999218,190.00000000000128,1.999999999990905
2015-12,1451399400000,1451399400059,1451403000577,SHORT,1.09227,1.09331,-98.99999999998244,-103.99999999999298,5.0000000000105445
2015-12,1451403900000,1451403900194,1451407504880,LONG,1.09239,1.09105,-130.0000000000079,-133.99999999998968,3.9999999999817817
2015-12,1451412900000,1451412901639,1451416500275,SHORT,1.09268,1.0931,-38.49999999998577,-41.99999999998649,3.5000000000007248
2015-12,1451417400000,1451417400479,1451421001066,SHORT,1.09326,1.09341,-10.500000000002174,-15.00000000000945,4.500000000007276
2015-12,1451421900000,1451421901447,1451425500372,LONG,1.09377,1.09231,-140.50000000001006,-146.00000000000168,5.499999999991616
2015-12,1451426400000,1451426400069,1451430000190,SHORT,1.09193,1.09232,-34.000000000000696,-38.99999999998904,4.999999999988347
2015-12,1451430900000,1451430901016,1451434501127,SHORT,1.09238,1.09297,-54.499999999979565,-59.000000000009045,4.50000000002948
2015-12,1451435400000,1451435409761,1451439003416,LONG,1.09308,1.09259,-44.50000000000287,-49.00000000001015,4.500000000007276
2015-12,1451439900000,1451439914061,1451443501013,SHORT,1.0921,1.09262,-47.99999999998139,-51.99999999998539,4.000000000004
2015-12,1451448900000,1451448900069,1451455200257,LONG,1.09313,1.09293,-16.499999999997073,-19.999999999997797,3.5000000000007248
2015-12,1451456100000,1451456108714,1451462400004,LONG,1.09341,1.09349,9.500000000017828,8.000000000008,1.5000000000098268
2015-12,1451463300000,1451463300453,1451466900386,SHORT,1.09403,1.09394,12.000000000034206,9.000000000014552,3.0000000000196536
2015-12,1451467800000,1451467802835,1451473201092,SHORT,1.0939,1.09226,167.00000000002825,164.00000000000858,3.000000000019668
2015-12,1451474100000,1451474103214,1451477703005,SHORT,1.0921,1.0928,-66.50000000001377,-69.9999999999923,3.4999999999785274
2015-12,1451478600000,1451478600262,1451482200370,LONG,1.09321,1.0919,-127.4999999999915,-130.99999999999224,3.500000000000739
2015-12,1451483100000,1451483100214,1451486702415,SHORT,1.09196,1.09278,-79.00000000000685,-82.00000000000429,2.999999999997442
2015-12,1451487600000,1451487600170,1451491200041,SHORT,1.09194,1.09139,58.499999999983565,54.99999999998284,3.5000000000007248
2015-12,1451492100000,1451492102094,1451495701656,LONG,1.09168,1.09037,-127.4999999999693,-130.99999999999224,3.5000000000229363
2015-12,1451496600000,1451496600472,1451500201188,LONG,1.09079,1.09085,9.499999999995623,6.000000000017103,3.4999999999785203
2015-12,1451501100000,1451501109650,1451504700723,SHORT,1.09058,1.0921,-148.49999999999585,-151.9999999999966,3.500000000000739
2015-12,1451505600000,1451505600151,1451512800091,LONG,1.09249,1.09315,73.49999999999301,66.00000000001049,7.499999999982521
2015-12,1451513700000,1451513702325,1451517300141,LONG,1.09317,1.09289,-19.500000000016726,-28.000000000005798,8.499999999989072
2015-12,1451519100000,1451519101163,1451522700840,SHORT,1.09324,1.09361,-32.999999999994145,-36.999999999998145,4.000000000004
2015-12,1451524500000,1451524502568,1451528100046,LONG,1.09347,1.09244,-100.99999999999554,-102.99999999998644,1.999999999990905
2015-12,1451529000000,1451529002652,1451532630378,LONG,1.0924,1.0926,22.0000000000109,19.999999999997797,2.0000000000131024
2015-12,1451533500000,1451533500271,1451537183172,LONG,1.09286,1.09291,9.999999999998899,5.000000000010552,4.999999999988347
2015-12,1451538900000,1451538910327,1451542503039,LONG,1.09331,1.093,-26.999999999999247,-31.000000000003247,4.000000000004
2015-12,1451544300000,1451544309182,1451548801008,SHORT,1.09301,1.09274,28.999999999990145,26.999999999999247,1.999999999990898
2015-12,1451549700000,1451549700099,1451553309045,SHORT,1.09191,1.09258,-63.000000000013046,-67.00000000001705,4.0000000000040075
2015-12,1451554200000,1451554202608,1451557800360,SHORT,1.0924,1.09026,219.00000000001364,214.00000000000307,5.000000000010573
2015-12,1451558700000,1451558719497,1451562302920,LONG,1.09059,1.09036,-19.999999999997797,-22.999999999995246,2.999999999997449
2015-12,1451563200000,1451563200222,1451566800190,LONG,1.0892,1.08832,-85.00000000000173,-87.99999999999919,2.9999999999974563
2015-12,1451567700000,1451567700288,1451571303945,LONG,1.08874,1.0884,-30.999999999981043,-34.000000000000696,3.0000000000196536
2015-12,1451572200000,1451572200130,1451575800619,LONG,1.08793,1.08879,89.49999999998681,85.99999999998609,3.5000000000007248
2015-12,1451576700000,1451576700174,1451580300479,LONG,1.08998,1.08588,-405.499999999992,-409.99999999999926,4.500000000007276
2015-12,1451581200000,1451581200110,1451584800025,SHORT,1.08582,1.08661,-74.0000000000185,-79.00000000000685,4.999999999988347
2015-12,1451585700000,1451585701228,1451589313144,SHORT,1.0878,1.08699,89.49999999998681,81.00000000001995,8.49999999996686
2015-12,1451590200000,1451590200276,1451593800011,LONG,1.08669,1.08709,45.000000000006146,39.999999999995595,5.000000000010552
2015-12,1451594700000,1451594706555,1451598302842,LONG,1.08755,1.08688,-61.99999999998429,-66.99999999999484,5.000000000010552
